Crop,Crop_Year,Season,State,Area,Production,Annual_Rainfall,Fertilizer,Pesticide,Yield
Rice,2005,Rabi,Andhra Pradesh,329531.28,2339672.09,1477.59,62.76,0.87,7.1
Rice,2005,Whole Year,Andhra Pradesh,9752.73,87384.46,2145.84,204.81,1.11,8.96
Wheat,2005,Rabi,Andhra Pradesh,137256.89,849620.15,1344.56,120.71,1.45,6.19
Wheat,2005,Summer,Andhra Pradesh,131819.02,872641.91,1059.45,125.77,3.58,6.62
Maize,2005,Kharif,Andhra Pradesh,266790.35,1307272.72,483.61,157.58,0.93,4.9
Maize,2005,Rabi,Andhra Pradesh,308062.75,1632732.57,1192.27,55.63,2.33,5.3
Cotton(lint),2005,Kharif,Andhra Pradesh,176281.74,703364.14,728.02,188.63,2.03,3.99
Cotton(lint),2005,Rabi,Andhra Pradesh,14575.32,60779.08,1916.11,124.45,1.9,4.17
Sugarcane,2005,Summer,Andhra Pradesh,414882.47,36127965.49,559.29,71.16,0.39,87.08
Sugarcane,2005,Kharif,Andhra Pradesh,122471.39,12560665.76,1891.73,104.92,1.41,102.56
Soybean,2005,Rabi,Andhra Pradesh,133674.94,290074.62,697.48,33.28,2.02,2.17
Soybean,2005,Summer,Andhra Pradesh,6828.88,20964.66,757.92,179.38,3.6,3.07
Groundnut,2005,Whole Year,Andhra Pradesh,161630.34,667533.3,608.56,211.25,2.88,4.13
Groundnut,2005,Rabi,Andhra Pradesh,140286.55,628483.74,985.33,183.22,2.94,4.48
Rapeseed &Mustard,2005,Rabi,Andhra Pradesh,172625.63,702586.31,2149.08,208.27,3.3,4.07
Rapeseed &Mustard,2005,Kharif,Andhra Pradesh,18674.9,55464.45,1679.19,53.29,2.09,2.97
Gram,2005,Kharif,Andhra Pradesh,286566.48,707819.21,965.84,136.8,4.1,2.47
Gram,2005,Rabi,Andhra Pradesh,340120.24,629222.44,811.84,46.17,1.45,1.85
Arhar/Tur,2005,Kharif,Andhra Pradesh,363750.11,1174912.86,1540.13,213.01,3.66,3.23
Arhar/Tur,2005,Summer,Andhra Pradesh,403293.04,786421.43,972.41,53.11,1.18,1.95
Moong(Green Gram),2005,Summer,Andhra Pradesh,158979.7,287753.26,948.61,64.58,2.5,1.81
Moong(Green Gram),2005,Whole Year,Andhra Pradesh,121600.84,182401.26,839.43,65.34,1.14,1.5
Potato,2005,Summer,Andhra Pradesh,163951.51,6279342.83,2149.21,232.11,1.28,38.3
Potato,2005,Rabi,Andhra Pradesh,128535.8,4347080.76,466.4,158.01,2.36,33.82
Onion,2005,Whole Year,Andhra Pradesh,155609.53,5836913.47,1541.83,172.95,2.48,37.51
Onion,2005,Kharif,Andhra Pradesh,266917.18,5890862.16,545.54,107.63,1.24,22.07
Tomato,2005,Summer,Andhra Pradesh,442548.7,18945509.85,1117.88,201.45,3.63,42.81
Tomato,2005,Whole Year,Andhra Pradesh,313267.86,12179854.4,1945.05,98.45,1.15,38.88
Banana,2005,Whole Year,Andhra Pradesh,102309.85,7164758.8,1561.31,66.62,3.17,70.03
Banana,2005,Kharif,Andhra Pradesh,62315.66,3721491.22,1013.92,53.83,4.18,59.72
Rice,2005,Summer,Assam,103233.23,610108.39,714.92,236.26,2.42,5.91
Rice,2005,Kharif,Assam,397245.04,1958418.05,739.67,88.56,3.21,4.93
Wheat,2005,Kharif,Assam,399245.35,2830649.53,1803.78,164.83,0.56,7.09
Wheat,2005,Rabi,Assam,2775.18,14208.92,689.45,145.23,3.18,5.12
Maize,2005,Rabi,Assam,79578.4,376405.83,432.54,133.72,0.97,4.73
Maize,2005,Summer,Assam,324562.5,1551408.75,954.51,143.93,2.39,4.78
Cotton(lint),2005,Kharif,Assam,110173.34,542052.83,2151.42,112.55,4.04,4.92
Cotton(lint),2005,Whole Year,Assam,226435.37,917063.25,1438.43,133.43,1.04,4.05
Sugarcane,2005,Whole Year,Assam,11430.03,1068364.9,1561.85,67.19,4.24,93.47
Sugarcane,2005,Rabi,Assam,435011.34,52666822.93,2134.52,209.13,1.47,121.07
Soybean,2005,Rabi,Assam,142956.44,413144.11,705.09,146.93,4.23,2.89
Soybean,2005,Whole Year,Assam,44180.83,197488.31,1507.01,237.91,0.8,4.47
Groundnut,2005,Kharif,Assam,145486.57,547029.5,1927.61,58.69,3.25,3.76
Groundnut,2005,Whole Year,Assam,189191.49,747306.39,861.17,158.42,0.55,3.95
Rapeseed &Mustard,2005,Whole Year,Assam,359333.68,1200174.49,1569.94,177.41,3.62,3.34
Rapeseed &Mustard,2005,Rabi,Assam,169324.54,447016.79,569.17,151.44,0.35,2.64
Gram,2005,Summer,Assam,441837.48,1215053.07,1910.08,210.68,1.28,2.75
Gram,2005,Whole Year,Assam,372627.12,1020998.31,888.78,232.7,2.17,2.74
Arhar/Tur,2005,Summer,Assam,239343.91,574425.38,1373.14,163.86,3.32,2.4
Arhar/Tur,2005,Whole Year,Assam,145668.93,356888.88,1831.34,86.87,2.09,2.45
Moong(Green Gram),2005,Whole Year,Assam,83357.99,100029.59,545.57,119.95,3.16,1.2
Moong(Green Gram),2005,Kharif,Assam,42696.04,73864.15,729.16,226.27,2.94,1.73
Potato,2005,Whole Year,Assam,249682.15,8998544.69,1501.1,118.12,1.27,36.04
Potato,2005,Rabi,Assam,6969.87,165116.22,608.93,39.66,0.38,23.69
Onion,2005,Kharif,Assam,79310.96,1891566.4,430.89,190.31,3.67,23.85
Onion,2005,Summer,Assam,292573.27,6430760.47,486.51,229.32,4.01,21.98
Tomato,2005,Kharif,Assam,281824.03,10861498.12,1305.65,209.86,3.03,38.54
Tomato,2005,Rabi,Assam,263806.12,10926849.49,2092.41,150.85,1.87,41.42
Banana,2005,Rabi,Assam,365136.28,22145515.38,1877.15,161.45,3.73,60.65
Banana,2005,Summer,Assam,123645.53,6816578.07,786.26,109.22,0.37,55.13
Rice,2005,Whole Year,Bihar,32499.3,187845.95,974.16,207.42,0.3,5.78
Rice,2005,Kharif,Bihar,53615.09,386028.65,1654.13,162.08,3.97,7.2
Wheat,2005,Rabi,Bihar,435427.46,2978323.83,1386.35,118.93,2.64,6.84
Wheat,2005,Summer,Bihar,57896.53,345063.32,850.03,151.91,3.93,5.96
Maize,2005,Summer,Bihar,193332.82,1264396.64,1751.57,188.45,0.64,6.54
Maize,2005,Rabi,Bihar,371992.63,2261715.19,976.09,218.06,1.87,6.08
Cotton(lint),2005,Rabi,Bihar,381290.84,1395524.47,1038.83,230.93,3.11,3.66
Cotton(lint),2005,Summer,Bihar,37936.34,88012.31,565.07,156.51,2.58,2.32
Sugarcane,2005,Rabi,Bihar,351692.57,33713249.76,604.24,225.5,4.39,95.86
Sugarcane,2005,Summer,Bihar,317771.25,40515834.38,2143.57,174.49,3.8,127.5
Soybean,2005,Summer,Bihar,38306.01,114918.03,1661.74,45.28,3.73,3.0
Soybean,2005,Rabi,Bihar,38634.55,152992.82,2175.95,108.6,1.79,3.96
Groundnut,2005,Rabi,Bihar,408508.32,1384843.2,1465.4,103.55,3.25,3.39
Groundnut,2005,Summer,Bihar,317435.42,1069757.37,847.7,99.35,2.07,3.37
Rapeseed &Mustard,2005,Summer,Bihar,211162.96,458223.62,501.35,54.95,0.71,2.17
Rapeseed &Mustard,2005,Rabi,Bihar,262724.26,987843.22,2131.91,108.72,1.43,3.76
Gram,2005,Summer,Bihar,196632.96,642989.78,1843.8,235.36,2.59,3.27
Gram,2005,Rabi,Bihar,416127.18,1190123.73,2054.41,83.13,3.19,2.86
Arhar/Tur,2005,Summer,Bihar,283414.69,734044.05,1652.35,125.45,2.9,2.59
Arhar/Tur,2005,Whole Year,Bihar,20928.15,50855.4,905.73,229.59,4.03,2.43
Moong(Green Gram),2005,Summer,Bihar,76771.12,133581.75,1564.33,111.54,1.19,1.74
Moong(Green Gram),2005,Rabi,Bihar,117347.46,152551.7,1215.83,36.79,1.4,1.3
Potato,2005,Summer,Bihar,122295.46,3580811.07,639.73,46.0,4.24,29.28
Potato,2005,Rabi,Bihar,413669.86,11421424.83,548.95,214.1,2.57,27.61
Onion,2005,Whole Year,Bihar,169720.28,4731801.41,1859.0,237.33,0.85,27.88
Onion,2005,Rabi,Bihar,436476.52,15219936.25,1915.81,206.05,2.22,34.87
Tomato,2005,Rabi,Bihar,6645.55,226413.89,535.65,175.26,2.5,34.07
Tomato,2005,Kharif,Bihar,263524.71,10933640.22,1707.02,188.99,1.82,41.49
Banana,2005,Summer,Bihar,58557.16,4400570.57,2117.29,157.3,1.18,75.15
Banana,2005,Whole Year,Bihar,161494.14,9977107.97,604.4,171.03,2.44,61.78
Rice,2005,Whole Year,Gujarat,138845.87,1166305.31,1869.49,233.27,0.58,8.4
Rice,2005,Kharif,Gujarat,216280.66,1619942.14,1156.96,194.78,2.95,7.49
Wheat,2005,Rabi,Gujarat,61798.98,299107.06,426.18,103.62,2.74,4.84
Wheat,2005,Kharif,Gujarat,406919.33,2172949.22,1026.86,137.94,3.57,5.34
Maize,2005,Summer,Gujarat,235859.22,1698186.38,1655.76,197.26,2.18,7.2
Maize,2005,Kharif,Gujarat,30273.07,159841.81,482.55,160.37,1.69,5.28
Cotton(lint),2005,Whole Year,Gujarat,108445.46,279789.29,536.55,57.06,0.75,2.58
Cotton(lint),2005,Kharif,Gujarat,155877.44,770034.55,2014.22,129.53,3.07,4.94
Sugarcane,2005,Summer,Gujarat,101120.16,11592415.14,1879.22,102.47,1.69,114.64
Sugarcane,2005,Whole Year,Gujarat,240723.36,25632223.37,1040.78,217.79,0.75,106.48
Soybean,2005,Whole Year,Gujarat,18170.81,73591.78,1838.94,161.86,0.55,4.05
Soybean,2005,Summer,Gujarat,362887.48,1262848.43,1746.87,68.75,1.1,3.48
Groundnut,2005,Kharif,Gujarat,278405.52,1227768.34,1064.04,127.13,3.41,4.41
Groundnut,2005,Whole Year,Gujarat,230499.01,963485.86,1357.8,52.51,2.12,4.18
Rapeseed &Mustard,2005,Rabi,Gujarat,47638.69,135293.88,1727.33,68.28,2.63,2.84
Rapeseed &Mustard,2005,Kharif,Gujarat,154645.63,479401.45,1253.15,104.57,2.99,3.1
Gram,2005,Kharif,Gujarat,241929.39,718530.29,1456.31,186.54,2.06,2.97
Gram,2005,Whole Year,Gujarat,163705.49,463286.54,1562.65,149.86,1.73,2.83
Arhar/Tur,2005,Summer,Gujarat,420194.47,756350.05,413.56,77.32,1.77,1.8
Arhar/Tur,2005,Whole Year,Gujarat,40005.49,94412.96,1850.56,41.69,3.82,2.36
Moong(Green Gram),2005,Rabi,Gujarat,184973.37,373646.21,2168.28,53.53,1.91,2.02
Moong(Green Gram),2005,Kharif,Gujarat,77313.97,192511.79,1603.56,225.17,2.59,2.49
Potato,2005,Summer,Gujarat,377442.86,14890120.83,769.14,233.28,3.26,39.45
Potato,2005,Kharif,Gujarat,238663.09,8995211.86,1673.01,191.23,0.58,37.69
Onion,2005,Whole Year,Gujarat,216772.48,5432318.35,1358.66,40.88,1.65,25.06
Onion,2005,Kharif,Gujarat,306835.47,10404790.79,1768.41,155.08,2.23,33.91
Tomato,2005,Kharif,Gujarat,48461.31,2135689.93,1931.31,186.65,1.96,44.07
Tomato,2005,Rabi,Gujarat,416939.02,14263483.87,1698.87,40.1,3.56,34.21
Banana,2005,Rabi,Gujarat,91131.48,5245527.99,694.58,64.5,3.7,57.56
Banana,2005,Whole Year,Gujarat,161794.3,13579395.6,1978.96,112.41,3.71,83.93
Rice,2005,Kharif,Haryana,208474.56,1459321.92,942.48,187.0,2.36,7.0
Rice,2005,Whole Year,Haryana,173059.1,1316979.75,1378.4,220.36,2.88,7.61
Wheat,2005,Kharif,Haryana,150100.7,1205308.62,1714.99,175.68,0.92,8.03
Wheat,2005,Whole Year,Haryana,333786.68,2997404.39,1431.67,239.52,3.44,8.98
Maize,2005,Rabi,Haryana,334903.86,1744849.11,460.36,149.68,3.48,5.21
Maize,2005,Summer,Haryana,369655.16,2347310.27,599.14,207.75,0.75,6.35
Cotton(lint),2005,Rabi,Haryana,243167.36,1021302.91,1275.44,115.88,3.52,4.2
Cotton(lint),2005,Kharif,Haryana,254696.0,1219993.84,1689.12,155.8,3.76,4.79
Sugarcane,2005,Kharif,Haryana,262734.61,30866061.98,1121.53,127.02,4.27,117.48
Sugarcane,2005,Summer,Haryana,227896.96,23461992.03,1500.62,33.8,3.95,102.95
Soybean,2005,Summer,Haryana,10848.66,43394.64,1572.46,191.96,1.81,4.0
Soybean,2005,Rabi,Haryana,84251.24,327737.32,1907.48,99.75,1.54,3.89
Groundnut,2005,Rabi,Haryana,170997.91,779750.47,1739.65,73.17,3.59,4.56
Groundnut,2005,Kharif,Haryana,186819.81,1154546.43,1954.33,223.82,2.2,6.18
Rapeseed &Mustard,2005,Whole Year,Haryana,203771.96,607240.44,804.29,125.01,0.81,2.98
Rapeseed &Mustard,2005,Kharif,Haryana,188806.99,655160.26,2046.72,106.1,2.7,3.47
Gram,2005,Kharif,Haryana,96100.01,348843.04,1327.31,234.86,2.17,3.63
Gram,2005,Summer,Haryana,241013.84,573612.94,732.03,92.92,1.53,2.38
Arhar/Tur,2005,Whole Year,Haryana,94852.56,257998.96,2016.5,73.08,1.02,2.72
Arhar/Tur,2005,Kharif,Haryana,254396.09,562215.36,518.28,192.86,2.15,2.21
Moong(Green Gram),2005,Kharif,Haryana,216749.03,455172.96,1294.62,190.72,0.64,2.1
Moong(Green Gram),2005,Summer,Haryana,339084.18,691731.73,890.14,218.46,2.46,2.04
Potato,2005,Rabi,Haryana,70690.59,2843882.44,1688.75,168.37,0.32,40.23
Potato,2005,Whole Year,Haryana,302515.79,9048247.28,435.48,51.86,3.64,29.91
Onion,2005,Rabi,Haryana,250746.35,9866868.87,1697.46,199.12,4.45,39.35
Onion,2005,Kharif,Haryana,433210.87,14538556.8,2099.94,59.63,1.95,33.56
Tomato,2005,Whole Year,Haryana,285141.73,14342629.02,1724.63,208.11,0.73,50.3
Tomato,2005,Kharif,Haryana,316923.79,16540252.6,2039.12,161.2,1.64,52.19
Banana,2005,Whole Year,Haryana,265837.58,15458455.28,882.51,161.07,1.96,58.15
Banana,2005,Kharif,Haryana,132862.36,12637867.68,2107.22,190.36,0.8,95.12
Rice,2005,Kharif,Karnataka,443422.61,2899983.87,1247.92,68.24,2.28,6.54
Rice,2005,Summer,Karnataka,314631.21,1783958.96,1124.59,75.78,2.97,5.67
Wheat,2005,Kharif,Karnataka,405307.25,3274882.58,1644.2,173.47,3.74,8.08
Wheat,2005,Summer,Karnataka,224391.79,1227423.09,520.92,115.1,2.34,5.47
Maize,2005,Rabi,Karnataka,5442.62,34234.08,646.39,219.0,3.96,6.29
Maize,2005,Kharif,Karnataka,299433.99,1916377.54,715.67,222.03,2.0,6.4
Cotton(lint),2005,Kharif,Karnataka,190205.21,827392.66,1036.97,231.31,0.99,4.35
Cotton(lint),2005,Summer,Karnataka,31178.24,138743.17,1906.74,121.81,4.14,4.45
Sugarcane,2005,Kharif,Karnataka,255098.89,25507338.01,1256.89,169.37,4.23,99.99
Sugarcane,2005,Rabi,Karnataka,14516.82,1538637.75,872.08,154.97,0.42,105.99
Soybean,2005,Whole Year,Karnataka,70025.13,229682.43,1522.0,129.59,1.68,3.28
Soybean,2005,Kharif,Karnataka,317364.03,958439.37,1476.91,126.53,0.53,3.02
Groundnut,2005,Summer,Karnataka,312766.06,1144723.78,889.86,153.95,1.75,3.66
Groundnut,2005,Whole Year,Karnataka,244084.48,1310733.66,1971.3,183.77,3.67,5.37
Rapeseed &Mustard,2005,Whole Year,Karnataka,286935.6,1205129.52,2165.04,219.71,2.98,4.2
Rapeseed &Mustard,2005,Rabi,Karnataka,301627.9,799313.94,479.5,153.54,4.5,2.65
Gram,2005,Summer,Karnataka,412011.99,935267.22,461.1,176.46,1.48,2.27
Gram,2005,Whole Year,Karnataka,387988.17,1222162.74,1920.19,97.01,3.76,3.15
Arhar/Tur,2005,Summer,Karnataka,164431.41,317352.62,1409.22,131.02,4.01,1.93
Arhar/Tur,2005,Whole Year,Karnataka,182316.21,543302.31,1430.37,198.84,2.52,2.98
Moong(Green Gram),2005,Whole Year,Karnataka,281838.17,687685.13,1994.76,159.33,1.2,2.44
Moong(Green Gram),2005,Summer,Karnataka,359553.06,812589.92,2196.28,103.65,3.5,2.26
Potato,2005,Summer,Karnataka,216161.71,7221962.73,1445.36,87.05,1.91,33.41
Potato,2005,Whole Year,Karnataka,235372.38,7409522.52,1718.09,30.7,2.21,31.48
Onion,2005,Kharif,Karnataka,133690.5,3114988.65,820.49,38.84,0.28,23.3
Onion,2005,Summer,Karnataka,173254.83,4927367.37,1623.37,75.83,4.28,28.44
Tomato,2005,Rabi,Karnataka,265055.13,12550360.41,2168.19,215.68,2.78,47.35
Tomato,2005,Summer,Karnataka,181010.32,7272994.66,1908.09,78.42,3.77,40.18
Banana,2005,Summer,Karnataka,79849.35,4284716.12,796.88,69.15,3.55,53.66
Banana,2005,Kharif,Karnataka,436111.63,33205539.51,1990.81,224.83,4.48,76.14
Rice,2005,Whole Year,Madhya Pradesh,232103.94,1912536.47,1284.14,239.23,4.06,8.24
Rice,2005,Rabi,Madhya Pradesh,336668.29,1780975.25,462.76,217.93,3.9,5.29
Wheat,2005,Whole Year,Madhya Pradesh,119887.22,767278.21,633.13,216.64,4.31,6.4
Wheat,2005,Rabi,Madhya Pradesh,295031.27,1708231.05,1391.54,48.27,1.96,5.79
Maize,2005,Kharif,Madhya Pradesh,313223.57,1453357.36,487.81,141.85,4.34,4.64
Maize,2005,Whole Year,Madhya Pradesh,407977.92,2708973.39,1428.37,169.04,2.54,6.64
Cotton(lint),2005,Rabi,Madhya Pradesh,395444.18,1890223.18,1835.37,168.27,3.86,4.78
Cotton(lint),2005,Summer,Madhya Pradesh,376737.49,1781968.33,1655.45,172.83,2.86,4.73
Sugarcane,2005,Whole Year,Madhya Pradesh,396451.41,39649105.51,1969.32,36.14,3.75,100.01
Sugarcane,2005,Kharif,Madhya Pradesh,334706.96,30337838.85,689.37,201.77,3.78,90.64
Soybean,2005,Whole Year,Madhya Pradesh,129523.64,551770.71,1510.47,236.05,2.92,4.26
Soybean,2005,Rabi,Madhya Pradesh,243223.43,732102.52,1803.72,52.47,3.47,3.01
Groundnut,2005,Summer,Madhya Pradesh,378134.62,1334815.21,1105.87,67.69,3.44,3.53
Groundnut,2005,Whole Year,Madhya Pradesh,346998.92,1721114.64,2105.14,64.94,3.52,4.96
Rapeseed &Mustard,2005,Whole Year,Madhya Pradesh,155974.43,416451.73,1517.65,39.61,3.95,2.67
Rapeseed &Mustard,2005,Summer,Madhya Pradesh,341339.31,669025.05,444.26,34.65,1.59,1.96
Gram,2005,Rabi,Madhya Pradesh,307641.27,646046.67,1202.62,87.46,4.49,2.1
Gram,2005,Kharif,Madhya Pradesh,74048.91,193267.66,1830.66,175.67,1.15,2.61
Arhar/Tur,2005,Kharif,Madhya Pradesh,103909.13,197427.35,636.4,212.29,4.34,1.9
Arhar/Tur,2005,Whole Year,Madhya Pradesh,144673.86,380492.25,1703.96,186.63,1.06,2.63
Moong(Green Gram),2005,Summer,Madhya Pradesh,166152.59,367197.22,1955.84,129.37,4.36,2.21
Moong(Green Gram),2005,Rabi,Madhya Pradesh,349580.29,790051.46,1787.66,207.4,3.47,2.26
Potato,2005,Whole Year,Madhya Pradesh,132728.5,6244875.92,2041.3,233.18,1.0,47.05
Potato,2005,Rabi,Madhya Pradesh,111769.21,4029280.02,1405.14,77.36,0.89,36.05
Onion,2005,Summer,Madhya Pradesh,121412.54,3315776.47,1835.61,95.18,2.16,27.31
Onion,2005,Kharif,Madhya Pradesh,270209.24,5998645.13,924.99,175.95,3.9,22.2
Tomato,2005,Summer,Madhya Pradesh,326066.25,11673171.75,1748.49,60.64,0.64,35.8
Tomato,2005,Whole Year,Madhya Pradesh,217319.19,7171533.27,778.63,102.66,3.54,33.0
Banana,2005,Summer,Madhya Pradesh,240641.87,13687709.57,1988.56,47.33,3.75,56.88
Banana,2005,Whole Year,Madhya Pradesh,439871.14,23810224.81,761.55,175.57,3.73,54.13
Rice,2005,Kharif,Maharashtra,47503.24,381451.02,1545.57,178.36,0.34,8.03
Rice,2005,Whole Year,Maharashtra,392000.62,2979204.71,1685.36,198.36,1.66,7.6
Wheat,2005,Rabi,Maharashtra,297538.64,1919124.23,1395.4,155.47,3.57,6.45
Wheat,2005,Kharif,Maharashtra,74217.77,500227.77,1189.49,182.21,2.75,6.74
Maize,2005,Rabi,Maharashtra,392366.71,2381665.93,794.59,234.93,1.65,6.07
Maize,2005,Summer,Maharashtra,296589.15,1672762.81,1296.75,146.63,3.29,5.64
Cotton(lint),2005,Summer,Maharashtra,244344.15,808779.14,1287.9,47.12,1.93,3.31
Cotton(lint),2005,Whole Year,Maharashtra,92008.44,340431.23,1912.81,66.58,4.33,3.7
Sugarcane,2005,Summer,Maharashtra,191759.25,16360899.21,1022.68,107.92,4.45,85.32
Sugarcane,2005,Whole Year,Maharashtra,326503.32,41567137.67,1276.0,213.42,4.07,127.31
Soybean,2005,Kharif,Maharashtra,446463.93,1415290.66,910.94,105.42,1.85,3.17
Soybean,2005,Whole Year,Maharashtra,106488.55,394007.64,1796.8,115.12,2.79,3.7
Groundnut,2005,Kharif,Maharashtra,230920.53,833623.11,1143.46,44.52,2.08,3.61
Groundnut,2005,Summer,Maharashtra,267016.82,1180214.34,1442.95,169.15,0.61,4.42
Rapeseed &Mustard,2005,Rabi,Maharashtra,436250.84,1243314.89,864.64,167.91,1.6,2.85
Rapeseed &Mustard,2005,Whole Year,Maharashtra,436434.56,1256931.53,1216.82,79.57,0.52,2.88
Gram,2005,Summer,Maharashtra,151982.93,516741.96,1891.99,120.49,1.27,3.4
Gram,2005,Kharif,Maharashtra,75585.34,151170.68,701.71,37.7,3.37,2.0
Arhar/Tur,2005,Rabi,Maharashtra,379954.62,1025877.47,1850.21,152.92,3.93,2.7
Arhar/Tur,2005,Summer,Maharashtra,121752.45,227677.08,502.76,141.55,4.23,1.87
Moong(Green Gram),2005,Rabi,Maharashtra,101503.18,153269.8,724.02,48.6,0.64,1.51
Moong(Green Gram),2005,Summer,Maharashtra,179121.86,374364.69,1263.81,174.05,0.27,2.09
Potato,2005,Summer,Maharashtra,390629.27,12578262.49,1218.53,138.28,2.3,32.2
Potato,2005,Whole Year,Maharashtra,13973.13,502753.22,954.27,177.98,1.07,35.98
Onion,2005,Whole Year,Maharashtra,42708.37,1300042.78,1610.68,123.19,3.93,30.44
Onion,2005,Kharif,Maharashtra,377232.82,11486739.37,2100.31,173.48,2.34,30.45
Tomato,2005,Whole Year,Maharashtra,389141.67,14869103.21,1783.33,53.75,3.62,38.21
Tomato,2005,Summer,Maharashtra,423423.47,19532524.67,1888.31,170.06,2.68,46.13
Banana,2005,Kharif,Maharashtra,272426.79,17334516.65,972.6,211.95,4.47,63.63
Banana,2005,Summer,Maharashtra,130264.18,7796311.17,596.4,166.61,3.49,59.85
Rice,2005,Summer,Odisha,363626.75,2559932.32,1772.11,197.54,2.07,7.04
Rice,2005,Kharif,Odisha,245247.85,1061923.19,410.37,98.16,1.78,4.33
Wheat,2005,Rabi,Odisha,171498.66,1056431.75,1387.3,155.26,2.55,6.16
Wheat,2005,Kharif,Odisha,264384.24,1472620.22,703.2,164.94,3.47,5.57
Maize,2005,Rabi,Odisha,388568.48,1935071.03,1334.35,130.63,0.31,4.98
Maize,2005,Whole Year,Odisha,179770.84,902449.62,1444.31,142.06,2.81,5.02
Cotton(lint),2005,Kharif,Odisha,336220.63,1502906.22,1687.88,139.46,3.74,4.47
Cotton(lint),2005,Rabi,Odisha,32540.48,152614.85,2118.39,167.49,1.83,4.69
Sugarcane,2005,Rabi,Odisha,158554.4,12283209.37,582.56,132.03,1.3,77.47
Sugarcane,2005,Summer,Odisha,361460.14,30662663.68,1370.49,95.37,2.82,84.83
Soybean,2005,Summer,Odisha,439537.99,1687825.88,1881.71,139.72,0.73,3.84
Soybean,2005,Kharif,Odisha,83471.02,273784.95,931.5,196.62,1.0,3.28
Groundnut,2005,Summer,Odisha,367179.02,1729413.18,1072.32,140.56,0.68,4.71
Groundnut,2005,Kharif,Odisha,357287.86,1482744.62,1563.89,66.7,1.75,4.15
Rapeseed &Mustard,2005,Summer,Odisha,115412.43,368165.65,943.71,183.71,3.86,3.19
Rapeseed &Mustard,2005,Whole Year,Odisha,345111.93,862779.82,669.47,119.03,0.86,2.5
Gram,2005,Whole Year,Odisha,388327.29,780537.85,790.13,50.1,0.3,2.01
Gram,2005,Rabi,Odisha,246240.49,586052.37,817.5,112.09,2.76,2.38
Arhar/Tur,2005,Summer,Odisha,123905.84,349414.47,1474.68,171.93,2.1,2.82
Arhar/Tur,2005,Whole Year,Odisha,7611.58,17126.06,1013.96,201.93,2.79,2.25
Moong(Green Gram),2005,Kharif,Odisha,123735.22,134871.39,542.95,47.99,4.05,1.09
Moong(Green Gram),2005,Summer,Odisha,102382.05,130025.2,1038.99,44.58,2.43,1.27
Potato,2005,Summer,Odisha,105553.58,3171885.08,1372.02,214.82,3.0,30.05
Potato,2005,Whole Year,Odisha,150184.36,5858691.88,1605.08,238.77,3.05,39.01
Onion,2005,Whole Year,Odisha,201135.38,5179236.04,1000.43,151.9,0.58,25.75
Onion,2005,Rabi,Odisha,339799.6,8090628.48,706.86,115.99,2.02,23.81
Tomato,2005,Whole Year,Odisha,299377.82,11672741.2,1831.81,224.71,1.21,38.99
Tomato,2005,Rabi,Odisha,446621.33,17646008.75,2068.6,143.39,3.82,39.51
Banana,2005,Whole Year,Odisha,40561.43,2523732.17,1759.49,56.82,3.75,62.22
Banana,2005,Summer,Odisha,16754.09,945265.76,945.63,85.25,1.75,56.42
Rice,2005,Summer,Punjab,107955.37,861483.85,1317.5,203.31,1.4,7.98
Rice,2005,Whole Year,Punjab,258777.03,1767447.11,1419.84,112.12,2.35,6.83
Wheat,2005,Whole Year,Punjab,367943.64,3024496.72,1085.12,214.37,3.93,8.22
Wheat,2005,Summer,Punjab,137453.27,907191.58,545.65,114.63,0.95,6.6
Maize,2005,Kharif,Punjab,430816.64,2696912.17,1431.47,225.87,2.67,6.26
Maize,2005,Whole Year,Punjab,273063.74,1687533.91,650.56,218.63,3.77,6.18
Cotton(lint),2005,Rabi,Punjab,179699.03,652307.48,663.47,107.18,0.49,3.63
Cotton(lint),2005,Kharif,Punjab,434637.06,1842861.13,1178.5,95.48,2.38,4.24
Sugarcane,2005,Summer,Punjab,383226.16,34616819.03,400.6,33.71,2.79,90.33
Sugarcane,2005,Whole Year,Punjab,254216.27,24320870.55,745.21,74.47,2.28,95.67
Soybean,2005,Whole Year,Punjab,312918.34,1298611.11,2170.62,80.23,0.81,4.15
Soybean,2005,Summer,Punjab,45920.09,157046.71,1645.89,43.08,2.39,3.42
Groundnut,2005,Rabi,Punjab,277041.14,1194047.31,951.26,161.02,2.47,4.31
Groundnut,2005,Whole Year,Punjab,399028.59,1743754.94,1209.61,70.87,1.78,4.37
Rapeseed &Mustard,2005,Kharif,Punjab,80010.77,300840.5,1096.74,232.4,1.27,3.76
Rapeseed &Mustard,2005,Summer,Punjab,355756.81,1245148.83,1447.87,173.0,1.02,3.5
Gram,2005,Rabi,Punjab,5948.29,18201.77,834.16,234.93,3.65,3.06
Gram,2005,Summer,Punjab,49826.42,157451.49,1386.33,125.42,3.83,3.16
Arhar/Tur,2005,Whole Year,Punjab,57676.29,166684.48,1956.39,81.13,3.0,2.89
Arhar/Tur,2005,Rabi,Punjab,386874.57,1218654.9,1106.31,230.81,0.77,3.15
Moong(Green Gram),2005,Summer,Punjab,142275.4,313005.88,1638.64,121.9,1.3,2.2
Moong(Green Gram),2005,Rabi,Punjab,286922.06,763212.68,1586.84,217.97,2.94,2.66
Potato,2005,Whole Year,Punjab,203053.54,7902843.78,1988.43,52.2,4.45,38.92
Potato,2005,Rabi,Punjab,17590.82,774699.71,1743.17,168.4,3.65,44.04
Onion,2005,Rabi,Punjab,229106.39,6957961.06,1097.67,127.01,4.46,30.37
Onion,2005,Whole Year,Punjab,185752.85,7275939.13,1389.31,204.41,0.5,39.17
Tomato,2005,Summer,Punjab,37436.16,1585047.01,2142.15,92.04,3.51,42.34
Tomato,2005,Kharif,Punjab,92956.42,4337346.56,618.5,159.15,3.53,46.66
Banana,2005,Summer,Punjab,215475.75,15796527.23,2012.47,97.67,0.74,73.31
Banana,2005,Rabi,Punjab,218963.97,18020734.73,2056.53,139.36,2.85,82.3
Rice,2005,Kharif,Rajasthan,152551.24,860388.99,2070.55,77.17,1.8,5.64
Rice,2005,Whole Year,Rajasthan,276016.34,1540171.18,2097.54,80.55,0.72,5.58
Wheat,2005,Kharif,Rajasthan,6215.34,44315.37,2186.35,171.01,1.56,7.13
Wheat,2005,Rabi,Rajasthan,245035.45,1465311.99,1544.93,76.42,4.41,5.98
Maize,2005,Summer,Rajasthan,81677.27,336510.35,496.94,97.21,3.44,4.12
Maize,2005,Kharif,Rajasthan,327712.26,1327234.65,594.3,173.91,0.6,4.05
Cotton(lint),2005,Whole Year,Rajasthan,227880.79,1071039.71,1913.27,183.89,2.53,4.7
Cotton(lint),2005,Kharif,Rajasthan,134248.03,660500.31,1417.04,174.67,3.96,4.92
Sugarcane,2005,Whole Year,Rajasthan,195493.33,17445824.77,689.53,147.19,3.69,89.24
Sugarcane,2005,Rabi,Rajasthan,125416.99,11833093.01,749.12,214.76,3.03,94.35
Soybean,2005,Summer,Rajasthan,330015.55,1023048.2,1508.77,69.49,1.73,3.1
Soybean,2005,Whole Year,Rajasthan,2850.71,9920.47,1769.78,37.42,3.41,3.48
Groundnut,2005,Summer,Rajasthan,341525.04,1659811.69,1621.08,188.82,3.82,4.86
Groundnut,2005,Whole Year,Rajasthan,56558.97,167980.14,1093.68,165.11,3.56,2.97
Rapeseed &Mustard,2005,Kharif,Rajasthan,176490.8,469465.53,1142.72,176.08,0.21,2.66
Rapeseed &Mustard,2005,Whole Year,Rajasthan,357491.7,968802.51,567.38,153.52,2.27,2.71
Gram,2005,Kharif,Rajasthan,47309.74,132467.27,805.79,177.62,0.43,2.8
Gram,2005,Whole Year,Rajasthan,271164.47,463691.24,441.28,97.64,2.94,1.71
Arhar/Tur,2005,Kharif,Rajasthan,150740.12,316554.25,1812.81,178.61,3.59,2.1
Arhar/Tur,2005,Whole Year,Rajasthan,66779.91,139570.01,990.75,121.14,0.58,2.09
Moong(Green Gram),2005,Rabi,Rajasthan,360714.43,804393.18,1779.86,184.06,1.49,2.23
Moong(Green Gram),2005,Summer,Rajasthan,223526.79,326349.11,720.85,174.04,4.46,1.46
Potato,2005,Rabi,Rajasthan,257556.59,7778209.02,1457.98,68.74,1.76,30.2
Potato,2005,Kharif,Rajasthan,134777.15,3896407.41,2093.22,84.45,2.05,28.91
Onion,2005,Rabi,Rajasthan,208048.9,5625642.26,1265.63,121.39,4.23,27.04
Onion,2005,Whole Year,Rajasthan,22903.99,809656.05,2027.04,220.97,3.55,35.35
Tomato,2005,Summer,Rajasthan,71929.22,2426172.59,1498.41,58.42,3.43,33.73
Tomato,2005,Kharif,Rajasthan,31496.63,896079.12,502.7,89.26,1.33,28.45
Banana,2005,Kharif,Rajasthan,354313.41,22155217.53,2154.7,107.95,2.04,62.53
Banana,2005,Rabi,Rajasthan,70793.62,4397699.67,1935.56,39.77,2.86,62.12
Rice,2005,Rabi,Tamil Nadu,239823.1,1501292.61,1139.97,102.94,4.07,6.26
Rice,2005,Whole Year,Tamil Nadu,421601.7,2356753.5,494.06,117.95,1.32,5.59
Wheat,2005,Summer,Tamil Nadu,440808.1,2605175.87,660.94,182.28,1.02,5.91
Wheat,2005,Rabi,Tamil Nadu,426192.68,2855490.96,2141.24,68.43,0.29,6.7
Maize,2005,Whole Year,Tamil Nadu,40433.69,262414.65,1630.76,144.47,4.42,6.49
Maize,2005,Rabi,Tamil Nadu,244374.34,1524895.88,1825.06,145.26,2.84,6.24
Cotton(lint),2005,Kharif,Tamil Nadu,218370.98,875667.63,698.39,228.6,3.85,4.01
Cotton(lint),2005,Summer,Tamil Nadu,185588.61,972484.32,1571.75,144.54,0.47,5.24
Sugarcane,2005,Kharif,Tamil Nadu,160510.03,22442512.39,2160.51,196.74,2.34,139.82
Sugarcane,2005,Summer,Tamil Nadu,245409.07,29630691.11,1765.17,188.36,0.28,120.74
Soybean,2005,Rabi,Tamil Nadu,395872.04,1654745.13,1967.04,80.15,2.14,4.18
Soybean,2005,Summer,Tamil Nadu,242646.46,761909.88,1296.06,52.15,3.02,3.14
Groundnut,2005,Whole Year,Tamil Nadu,42486.88,172921.6,1193.93,71.08,1.0,4.07
Groundnut,2005,Rabi,Tamil Nadu,340988.11,1278705.41,897.6,95.59,2.96,3.75
Rapeseed &Mustard,2005,Kharif,Tamil Nadu,234325.64,679544.36,1205.69,147.14,0.91,2.9
Rapeseed &Mustard,2005,Whole Year,Tamil Nadu,403785.26,1275961.42,703.94,136.48,2.77,3.16
Gram,2005,Whole Year,Tamil Nadu,294604.5,692320.58,673.79,122.47,2.85,2.35
Gram,2005,Rabi,Tamil Nadu,435223.41,1518929.7,1151.97,236.66,3.07,3.49
Arhar/Tur,2005,Whole Year,Tamil Nadu,448686.63,1332599.29,2163.61,167.79,0.76,2.97
Arhar/Tur,2005,Summer,Tamil Nadu,13699.19,36165.86,1881.33,74.05,1.83,2.64
Moong(Green Gram),2005,Whole Year,Tamil Nadu,386250.59,865201.32,1874.31,143.57,3.25,2.24
Moong(Green Gram),2005,Rabi,Tamil Nadu,369825.79,576928.23,1226.68,105.14,2.33,1.56
Potato,2005,Kharif,Tamil Nadu,110330.8,3639813.09,603.3,48.31,3.29,32.99
Potato,2005,Whole Year,Tamil Nadu,332982.25,11820869.88,744.27,158.89,2.07,35.5
Onion,2005,Summer,Tamil Nadu,378730.68,13251786.49,1248.32,235.61,2.93,34.99
Onion,2005,Kharif,Tamil Nadu,146634.25,3957658.41,1635.39,44.62,0.95,26.99
Tomato,2005,Summer,Tamil Nadu,33165.56,1120332.62,538.74,101.48,3.93,33.78
Tomato,2005,Rabi,Tamil Nadu,31293.18,1229509.04,1773.68,115.74,3.46,39.29
Banana,2005,Rabi,Tamil Nadu,363424.52,23455418.52,506.37,218.76,3.0,64.54
Banana,2005,Summer,Tamil Nadu,171086.56,9798127.29,808.11,110.14,0.75,57.27
Rice,2005,Whole Year,Telangana,50268.91,269441.36,1160.59,38.83,3.38,5.36
Rice,2005,Kharif,Telangana,386324.58,2623143.9,925.99,221.26,3.44,6.79
Wheat,2005,Rabi,Telangana,279794.35,1829855.05,1406.53,161.93,2.49,6.54
Wheat,2005,Summer,Telangana,98690.21,571416.32,616.45,44.35,1.33,5.79
Maize,2005,Summer,Telangana,128080.89,827402.55,1884.16,45.59,1.17,6.46
Maize,2005,Rabi,Telangana,29488.83,246821.51,1979.03,214.22,1.62,8.37
Cotton(lint),2005,Summer,Telangana,83805.92,248903.58,542.14,80.3,3.62,2.97
Cotton(lint),2005,Whole Year,Telangana,447949.16,2020250.71,1940.25,139.5,0.47,4.51
Sugarcane,2005,Rabi,Telangana,220024.4,23929853.74,1727.62,140.3,0.34,108.76
Sugarcane,2005,Summer,Telangana,409849.12,41607882.66,1235.98,58.88,1.67,101.52
Soybean,2005,Summer,Telangana,273386.77,1033401.99,1536.35,154.26,3.22,3.78
Soybean,2005,Rabi,Telangana,47349.05,133997.81,1092.12,132.41,3.0,2.83
Groundnut,2005,Summer,Telangana,334745.47,1462837.7,1311.28,163.16,0.51,4.37
Groundnut,2005,Kharif,Telangana,212885.76,593951.27,482.17,59.41,1.39,2.79
Rapeseed &Mustard,2005,Rabi,Telangana,213100.62,856664.49,1520.54,128.65,2.12,4.02
Rapeseed &Mustard,2005,Summer,Telangana,241884.87,740167.7,1937.44,40.39,3.78,3.06
Gram,2005,Summer,Telangana,208551.95,479669.48,1189.37,75.89,1.91,2.3
Gram,2005,Rabi,Telangana,368283.9,1215336.87,1356.88,214.77,2.67,3.3
Arhar/Tur,2005,Whole Year,Telangana,316165.32,733503.54,2187.07,57.61,1.38,2.32
Arhar/Tur,2005,Rabi,Telangana,185253.97,474250.16,2033.7,179.95,2.81,2.56
Moong(Green Gram),2005,Rabi,Telangana,323433.94,769772.78,2117.26,181.49,3.91,2.38
Moong(Green Gram),2005,Summer,Telangana,299548.8,712926.14,1840.64,169.16,0.6,2.38
Potato,2005,Rabi,Telangana,182205.76,7311917.15,977.95,187.47,1.97,40.13
Potato,2005,Whole Year,Telangana,399673.56,16210759.59,1477.65,135.45,0.8,40.56
Onion,2005,Rabi,Telangana,393227.52,11014302.84,1703.15,55.32,4.08,28.01
Onion,2005,Summer,Telangana,64390.64,1509960.51,421.07,118.63,1.47,23.45
Tomato,2005,Rabi,Telangana,180016.25,9299639.47,2038.24,199.68,1.13,51.66
Tomato,2005,Whole Year,Telangana,30789.36,1262055.87,1097.31,208.89,1.94,40.99
Banana,2005,Rabi,Telangana,138187.92,9928802.05,1820.17,123.75,3.63,71.85
Banana,2005,Whole Year,Telangana,412527.54,26174872.41,1175.77,96.96,2.7,63.45
Rice,2005,Whole Year,Uttar Pradesh,12825.43,81697.99,1107.35,140.42,2.4,6.37
Rice,2005,Kharif,Uttar Pradesh,20627.91,148727.23,1771.43,228.8,1.66,7.21
Wheat,2005,Kharif,Uttar Pradesh,3516.32,26548.22,1094.57,196.26,2.76,7.55
Wheat,2005,Summer,Uttar Pradesh,261309.57,1567857.42,1407.44,52.1,0.92,6.0
Maize,2005,Summer,Uttar Pradesh,12877.76,77781.67,1309.82,232.44,1.85,6.04
Maize,2005,Whole Year,Uttar Pradesh,10996.77,69499.59,1761.18,126.29,1.44,6.32
Cotton(lint),2005,Summer,Uttar Pradesh,166993.45,627895.37,1074.65,129.54,2.11,3.76
Cotton(lint),2005,Whole Year,Uttar Pradesh,40146.67,152557.35,1492.38,61.83,0.33,3.8
Sugarcane,2005,Kharif,Uttar Pradesh,441058.99,49142792.67,1260.18,141.77,0.92,111.42
Sugarcane,2005,Summer,Uttar Pradesh,160605.45,18246385.17,1888.27,178.89,0.96,113.61
Soybean,2005,Summer,Uttar Pradesh,121976.34,473268.2,2139.55,147.12,1.69,3.88
Soybean,2005,Whole Year,Uttar Pradesh,200097.67,738360.4,1527.22,132.67,1.93,3.69
Groundnut,2005,Whole Year,Uttar Pradesh,135569.98,573461.02,986.48,196.43,2.18,4.23
Groundnut,2005,Rabi,Uttar Pradesh,383724.72,2137346.69,1679.59,220.46,0.77,5.57
Rapeseed &Mustard,2005,Whole Year,Uttar Pradesh,325103.38,1144363.9,1360.1,212.69,0.76,3.52
Rapeseed &Mustard,2005,Rabi,Uttar Pradesh,357497.69,1194042.28,896.38,214.19,4.26,3.34
Gram,2005,Rabi,Uttar Pradesh,231049.64,554519.14,568.61,188.47,2.32,2.4
Gram,2005,Whole Year,Uttar Pradesh,235338.64,545985.64,1412.88,122.66,2.8,2.32
Arhar/Tur,2005,Rabi,Uttar Pradesh,259986.92,860556.71,1958.04,235.96,1.95,3.31
Arhar/Tur,2005,Summer,Uttar Pradesh,258301.26,710328.47,2120.88,72.1,0.67,2.75
Moong(Green Gram),2005,Rabi,Uttar Pradesh,288269.14,478526.77,937.18,80.48,1.54,1.66
Moong(Green Gram),2005,Summer,Uttar Pradesh,418201.2,761126.18,454.99,213.13,2.47,1.82
Potato,2005,Summer,Uttar Pradesh,161742.63,5638348.08,1847.99,88.54,1.11,34.86
Potato,2005,Kharif,Uttar Pradesh,6934.72,300273.38,1728.17,205.17,3.38,43.3
Onion,2005,Summer,Uttar Pradesh,421722.42,13414990.18,1879.47,199.93,4.0,31.81
Onion,2005,Rabi,Uttar Pradesh,179895.53,5321309.78,1701.67,88.87,3.16,29.58
Tomato,2005,Whole Year,Uttar Pradesh,157294.83,5053882.89,599.8,199.73,4.28,32.13
Tomato,2005,Kharif,Uttar Pradesh,35049.5,1494510.68,1301.12,196.85,3.24,42.64
Banana,2005,Kharif,Uttar Pradesh,319694.47,18033965.05,1600.34,74.33,3.91,56.41
Banana,2005,Summer,Uttar Pradesh,68972.15,3565170.43,879.1,34.63,2.71,51.69
Rice,2005,Rabi,West Bengal,288393.98,2122579.69,2162.17,156.73,1.74,7.36
Rice,2005,Whole Year,West Bengal,399952.26,2611688.26,1305.55,124.36,2.72,6.53
Wheat,2005,Kharif,West Bengal,286872.33,1724102.7,1347.3,127.27,1.21,6.01
Wheat,2005,Summer,West Bengal,253698.37,1532338.15,615.92,222.53,3.3,6.04
Maize,2005,Rabi,West Bengal,128281.2,624729.44,640.89,162.21,0.43,4.87
Maize,2005,Kharif,West Bengal,560.54,3245.53,1320.03,39.84,1.39,5.79
Cotton(lint),2005,Whole Year,West Bengal,262678.3,979790.06,1240.54,101.48,4.24,3.73
Cotton(lint),2005,Summer,West Bengal,254460.47,1234133.28,1959.79,150.08,4.1,4.85
Sugarcane,2005,Rabi,West Bengal,409519.44,45264183.7,1079.17,232.46,0.58,110.53
Sugarcane,2005,Whole Year,West Bengal,174748.14,23005592.63,1538.88,177.81,0.22,131.65
Soybean,2005,Rabi,West Bengal,394042.3,1095437.59,729.05,88.47,0.76,2.78
Soybean,2005,Whole Year,West Bengal,121401.13,437044.07,1255.73,163.21,4.5,3.6
Groundnut,2005,Summer,West Bengal,430581.52,1808442.38,1300.72,120.87,2.17,4.2
Groundnut,2005,Rabi,West Bengal,166731.06,590227.95,494.24,191.19,1.99,3.54
Rapeseed &Mustard,2005,Whole Year,West Bengal,95791.33,343890.87,1583.24,129.18,3.98,3.59
Rapeseed &Mustard,2005,Rabi,West Bengal,273684.58,632211.38,931.54,58.69,3.0,2.31
Gram,2005,Kharif,West Bengal,438579.02,951716.47,493.96,173.26,2.21,2.17
Gram,2005,Whole Year,West Bengal,19831.62,64452.76,1600.36,202.89,3.56,3.25
Arhar/Tur,2005,Rabi,West Bengal,309775.98,771342.19,835.4,221.32,3.8,2.49
Arhar/Tur,2005,Whole Year,West Bengal,14624.11,36852.76,1725.16,99.35,4.1,2.52
Moong(Green Gram),2005,Rabi,West Bengal,395002.34,489802.9,474.98,113.51,3.48,1.24
Moong(Green Gram),2005,Summer,West Bengal,99302.5,173779.38,636.73,210.0,2.67,1.75
Potato,2005,Whole Year,West Bengal,363316.41,11898612.43,616.37,85.77,0.28,32.75
Potato,2005,Kharif,West Bengal,233323.26,7310017.74,1026.57,108.07,0.21,31.33
Onion,2005,Whole Year,West Bengal,246997.73,8407802.73,1982.66,171.87,2.55,34.04
Onion,2005,Rabi,West Bengal,131369.34,3499679.22,772.77,61.99,4.07,26.64
Tomato,2005,Rabi,West Bengal,111348.33,4630977.04,1271.34,186.96,2.24,41.59
Tomato,2005,Summer,West Bengal,433264.37,14774315.02,536.09,106.79,1.17,34.1
Banana,2005,Kharif,West Bengal,403285.76,28104984.61,1924.95,96.18,1.39,69.69
Banana,2005,Rabi,West Bengal,407936.22,25826442.09,694.99,164.99,3.68,63.31
Rice,2006,Kharif,Andhra Pradesh,326379.04,2026813.84,1369.86,42.73,3.17,6.21
Rice,2006,Whole Year,Andhra Pradesh,224041.94,1167258.51,814.45,39.36,1.99,5.21
Wheat,2006,Kharif,Andhra Pradesh,109231.04,833432.84,1301.09,172.72,0.53,7.63
Wheat,2006,Whole Year,Andhra Pradesh,207119.36,1335919.87,1383.84,120.89,0.39,6.45
Maize,2006,Summer,Andhra Pradesh,216859.35,1602590.6,2015.81,171.61,0.79,7.39
Maize,2006,Kharif,Andhra Pradesh,176640.3,1068673.81,1586.4,52.87,2.94,6.05
Cotton(lint),2006,Kharif,Andhra Pradesh,235381.6,812066.52,794.41,126.38,4.15,3.45
Cotton(lint),2006,Rabi,Andhra Pradesh,6356.79,22375.9,425.54,204.17,3.35,3.52
Sugarcane,2006,Summer,Andhra Pradesh,432080.95,51326896.05,1338.63,235.23,3.46,118.79
Sugarcane,2006,Whole Year,Andhra Pradesh,323389.86,31026023.17,845.21,164.53,3.07,95.94
Soybean,2006,Kharif,Andhra Pradesh,384915.54,1674382.6,1485.52,205.44,3.57,4.35
Soybean,2006,Whole Year,Andhra Pradesh,362236.53,938192.61,482.9,199.7,0.96,2.59
Groundnut,2006,Kharif,Andhra Pradesh,193201.56,683933.52,452.51,130.99,3.05,3.54
Groundnut,2006,Rabi,Andhra Pradesh,179327.56,1027546.92,2055.16,238.58,0.39,5.73
Rapeseed &Mustard,2006,Rabi,Andhra Pradesh,286131.92,543650.65,563.3,36.85,0.45,1.9
Rapeseed &Mustard,2006,Whole Year,Andhra Pradesh,280106.78,1050400.43,2186.4,111.13,2.67,3.75
Gram,2006,Summer,Andhra Pradesh,406055.26,1547070.54,1979.24,234.62,0.32,3.81
Gram,2006,Whole Year,Andhra Pradesh,103298.14,334685.97,2121.38,61.12,3.12,3.24
Arhar/Tur,2006,Summer,Andhra Pradesh,261939.22,599840.81,1185.91,151.82,2.42,2.29
Arhar/Tur,2006,Rabi,Andhra Pradesh,159196.15,557186.53,2009.37,228.76,4.04,3.5
Moong(Green Gram),2006,Whole Year,Andhra Pradesh,370510.79,804008.41,2000.0,144.35,1.08,2.17
Moong(Green Gram),2006,Summer,Andhra Pradesh,267414.22,398447.19,459.06,163.57,1.77,1.49
Potato,2006,Whole Year,Andhra Pradesh,228360.74,9773839.67,1136.94,200.28,3.79,42.8
Potato,2006,Kharif,Andhra Pradesh,347119.71,11305688.95,1578.37,61.83,3.97,32.57
Onion,2006,Whole Year,Andhra Pradesh,130868.12,5065904.93,2075.82,112.28,2.55,38.71
Onion,2006,Rabi,Andhra Pradesh,28068.26,922323.02,1051.92,181.86,1.06,32.86
Tomato,2006,Whole Year,Andhra Pradesh,137122.16,4995360.29,814.75,30.31,3.34,36.43
Tomato,2006,Kharif,Andhra Pradesh,381867.21,15499990.05,1160.73,93.62,1.6,40.59
Banana,2006,Rabi,Andhra Pradesh,82135.48,6509236.79,1067.69,219.41,3.67,79.25
Banana,2006,Whole Year,Andhra Pradesh,297625.91,15702743.01,541.22,144.34,3.25,52.76
Rice,2006,Whole Year,Assam,233159.54,1340667.35,883.92,161.97,2.27,5.75
Rice,2006,Kharif,Assam,284655.69,1423278.45,633.89,147.62,3.56,5.0
Wheat,2006,Rabi,Assam,166491.71,1237033.41,2079.26,203.78,3.2,7.43
Wheat,2006,Whole Year,Assam,414487.04,3282737.36,1650.27,183.09,3.91,7.92
Maize,2006,Summer,Assam,23826.94,105553.34,655.91,74.81,3.06,4.43
Maize,2006,Whole Year,Assam,196178.24,1145680.92,1388.76,95.52,2.27,5.84
Cotton(lint),2006,Summer,Assam,11824.44,44223.41,1910.2,32.4,3.23,3.74
Cotton(lint),2006,Kharif,Assam,106120.55,498766.59,1668.77,201.6,2.55,4.7
Sugarcane,2006,Rabi,Assam,227405.62,24998699.81,1693.22,211.15,0.97,109.93
Sugarcane,2006,Whole Year,Assam,178750.88,18275489.97,637.09,211.71,0.88,102.24
Soybean,2006,Kharif,Assam,392200.61,1623710.53,1610.87,197.3,1.28,4.14
Soybean,2006,Rabi,Assam,374857.25,1458194.7,2030.96,32.55,3.1,3.89
Groundnut,2006,Rabi,Assam,9398.15,33081.49,1103.23,70.2,1.97,3.52
Groundnut,2006,Summer,Assam,395154.03,1687307.71,1489.91,81.9,1.73,4.27
Rapeseed &Mustard,2006,Whole Year,Assam,305054.66,604008.23,529.8,73.13,1.84,1.98
Rapeseed &Mustard,2006,Summer,Assam,351557.65,1272638.69,1813.48,156.23,4.46,3.62
Gram,2006,Summer,Assam,194692.51,533457.48,2164.66,44.18,2.43,2.74
Gram,2006,Kharif,Assam,332179.3,843735.42,1668.2,118.77,1.69,2.54
Arhar/Tur,2006,Rabi,Assam,272664.46,771640.42,1330.22,185.43,2.91,2.83
Arhar/Tur,2006,Kharif,Assam,65201.89,140184.06,1471.65,66.14,4.18,2.15
Moong(Green Gram),2006,Rabi,Assam,41884.11,89632.0,1478.28,160.97,2.99,2.14
Moong(Green Gram),2006,Kharif,Assam,274698.33,439517.33,963.23,86.93,2.77,1.6
Potato,2006,Rabi,Assam,48104.66,1562920.4,678.69,228.39,3.37,32.49
Potato,2006,Summer,Assam,264619.85,9663916.92,1662.05,172.82,1.96,36.52
Onion,2006,Summer,Assam,421352.08,13340006.85,1375.58,227.33,1.15,31.66
Onion,2006,Rabi,Assam,332864.0,9476638.08,786.4,169.65,2.34,28.47
Tomato,2006,Kharif,Assam,42135.15,1722063.58,1747.09,222.06,2.07,40.87
Tomato,2006,Whole Year,Assam,325689.79,8888074.37,416.3,153.79,2.84,27.29
Banana,2006,Summer,Assam,315540.0,17569267.2,767.24,167.34,3.72,55.68
Banana,2006,Rabi,Assam,7608.03,424680.23,538.86,221.35,1.73,55.82
Rice,2006,Kharif,Bihar,273225.91,1622961.91,1611.17,47.04,4.29,5.94
Rice,2006,Whole Year,Bihar,370431.22,2770825.53,2078.88,144.29,1.06,7.48
Wheat,2006,Summer,Bihar,114384.05,688591.98,2177.79,91.21,3.51,6.02
Wheat,2006,Kharif,Bihar,359973.58,2253434.61,1000.49,211.69,4.14,6.26
Maize,2006,Summer,Bihar,354430.47,1889114.41,1217.82,162.35,1.27,5.33
Maize,2006,Rabi,Bihar,199424.21,1483716.12,1568.78,226.62,0.48,7.44
Cotton(lint),2006,Kharif,Bihar,353401.42,1183894.76,1477.92,72.23,2.74,3.35
Cotton(lint),2006,Whole Year,Bihar,13225.92,31874.47,778.05,89.02,3.27,2.41
Sugarcane,2006,Summer,Bihar,117476.35,10008985.02,687.09,63.7,0.5,85.2
Sugarcane,2006,Kharif,Bihar,396819.93,39348664.26,1865.43,173.88,0.67,99.16
Soybean,2006,Summer,Bihar,416090.19,1302362.29,1197.95,146.21,1.3,3.13
Soybean,2006,Rabi,Bihar,392749.79,1382479.26,1890.61,75.37,3.68,3.52
Groundnut,2006,Whole Year,Bihar,168397.32,548975.26,888.7,78.67,1.57,3.26
Groundnut,2006,Summer,Bihar,234958.93,1334566.72,1830.07,215.72,1.68,5.68
Rapeseed &Mustard,2006,Kharif,Bihar,197925.17,581900.0,1498.98,63.68,3.1,2.94
Rapeseed &Mustard,2006,Rabi,Bihar,103704.37,202223.52,611.59,64.71,0.21,1.95
Gram,2006,Summer,Bihar,355349.77,934569.9,934.22,143.69,1.68,2.63
Gram,2006,Whole Year,Bihar,396807.29,829327.24,618.69,163.27,2.7,2.09
Arhar/Tur,2006,Summer,Bihar,273684.83,410527.24,841.63,42.12,1.88,1.5
Arhar/Tur,2006,Whole Year,Bihar,431958.33,984864.99,1509.34,146.94,1.99,2.28
Moong(Green Gram),2006,Whole Year,Bihar,305700.83,596116.62,1141.36,188.25,1.08,1.95
Moong(Green Gram),2006,Summer,Bihar,259146.52,360213.66,439.85,228.47,3.2,1.39
Potato,2006,Rabi,Bihar,197873.46,7768512.04,2164.78,137.58,0.69,39.26
Potato,2006,Summer,Bihar,347957.53,14784715.45,2112.6,193.06,2.83,42.49
Onion,2006,Rabi,Bihar,213677.63,6096222.78,1409.22,161.97,3.16,28.53
Onion,2006,Whole Year,Bihar,376334.91,13457736.38,1878.5,207.1,2.29,35.76
Tomato,2006,Whole Year,Bihar,239444.04,9125212.36,1319.01,202.33,1.94,38.11
Tomato,2006,Kharif,Bihar,184677.79,6088826.74,1565.99,33.26,1.41,32.97
Banana,2006,Kharif,Bihar,175537.52,11090460.51,1375.17,233.29,0.49,63.18
Banana,2006,Summer,Bihar,169273.28,11097556.24,1846.87,121.03,4.49,65.56
Rice,2006,Whole Year,Gujarat,201150.91,1070122.84,526.01,183.14,2.82,5.32
Rice,2006,Kharif,Gujarat,166582.13,934525.75,481.57,103.49,4.2,5.61
Wheat,2006,Kharif,Gujarat,297927.09,1736914.93,1271.18,31.12,3.66,5.83
Wheat,2006,Whole Year,Gujarat,30375.26,252418.41,1779.73,152.58,3.56,8.31
Maize,2006,Summer,Gujarat,305024.3,1698985.35,1765.3,33.07,1.09,5.57
Maize,2006,Whole Year,Gujarat,298286.53,1825513.56,1024.53,112.06,0.88,6.12
Cotton(lint),2006,Rabi,Gujarat,268921.31,1194010.62,1577.44,216.72,2.69,4.44
Cotton(lint),2006,Kharif,Gujarat,213527.59,916033.36,1689.51,86.9,1.07,4.29
Sugarcane,2006,Whole Year,Gujarat,270097.21,34529227.33,1950.72,212.41,3.31,127.84
Sugarcane,2006,Rabi,Gujarat,263308.31,28908619.35,640.57,123.21,2.14,109.79
Soybean,2006,Summer,Gujarat,247429.52,920437.81,1359.85,163.72,3.42,3.72
Soybean,2006,Whole Year,Gujarat,371750.01,1037182.53,1233.61,88.48,3.02,2.79
Groundnut,2006,Kharif,Gujarat,298055.04,1514119.6,1866.89,193.39,3.47,5.08
Groundnut,2006,Whole Year,Gujarat,194839.63,711164.65,456.07,84.51,0.34,3.65
Rapeseed &Mustard,2006,Rabi,Gujarat,251023.06,725456.64,470.16,170.04,1.59,2.89
Rapeseed &Mustard,2006,Whole Year,Gujarat,448272.87,1779643.29,1885.75,207.42,1.27,3.97
Gram,2006,Summer,Gujarat,435284.98,1597495.88,1887.97,219.65,4.21,3.67
Gram,2006,Whole Year,Gujarat,3070.5,9211.5,1238.49,149.94,1.51,3.0
Arhar/Tur,2006,Rabi,Gujarat,10580.44,28672.99,1048.77,194.59,2.63,2.71
Arhar/Tur,2006,Summer,Gujarat,104792.17,198057.2,425.89,190.51,2.88,1.89
Moong(Green Gram),2006,Rabi,Gujarat,230480.26,350330.0,409.62,227.07,1.98,1.52
Moong(Green Gram),2006,Kharif,Gujarat,31663.08,61426.38,1548.98,183.93,3.11,1.94
Potato,2006,Rabi,Gujarat,103379.52,4334703.27,1474.33,224.92,4.2,41.93
Potato,2006,Whole Year,Gujarat,95630.34,3560317.56,2192.14,236.03,2.99,37.23
Onion,2006,Whole Year,Gujarat,422999.34,14889576.77,1307.21,229.33,3.78,35.2
Onion,2006,Summer,Gujarat,49973.45,1621638.45,2065.08,162.65,0.43,32.45
Tomato,2006,Rabi,Gujarat,292063.21,9015991.29,895.52,62.8,2.93,30.87
Tomato,2006,Kharif,Gujarat,317460.05,13393639.51,1219.31,170.23,3.8,42.19
Banana,2006,Kharif,Gujarat,308585.21,19138454.72,444.94,66.0,2.15,62.02
Banana,2006,Summer,Gujarat,409640.76,29490038.31,1550.26,230.24,3.99,71.99
Rice,2006,Whole Year,Haryana,125017.13,990135.67,2058.35,152.47,2.75,7.92
Rice,2006,Summer,Haryana,14768.82,88169.86,1162.0,47.76,2.81,5.97
Wheat,2006,Kharif,Haryana,310960.56,2114531.81,1474.2,135.33,4.4,6.8
Wheat,2006,Rabi,Haryana,360133.01,2942286.69,1992.25,56.3,1.06,8.17
Maize,2006,Summer,Haryana,280372.42,2094381.98,2152.09,127.65,3.84,7.47
Maize,2006,Whole Year,Haryana,30623.93,238560.41,2155.62,201.56,3.87,7.79
Cotton(lint),2006,Whole Year,Haryana,248568.77,1111102.4,1820.94,117.41,0.92,4.47
Cotton(lint),2006,Summer,Haryana,424101.36,1471631.72,534.68,122.08,2.48,3.47
Sugarcane,2006,Summer,Haryana,435508.78,44421895.56,1191.53,88.46,3.63,102.0
Sugarcane,2006,Whole Year,Haryana,105011.44,10019141.49,633.42,83.86,1.73,95.41
Soybean,2006,Summer,Haryana,438930.29,1505530.89,706.21,218.63,3.54,3.43
Soybean,2006,Rabi,Haryana,373276.75,1508038.07,1672.02,159.62,0.87,4.04
Groundnut,2006,Kharif,Haryana,227726.19,904072.97,659.34,161.04,1.38,3.97
Groundnut,2006,Summer,Haryana,207083.03,998140.2,951.63,202.7,0.45,4.82
Rapeseed &Mustard,2006,Summer,Haryana,86231.33,256969.36,1024.71,144.92,4.46,2.98
Rapeseed &Mustard,2006,Kharif,Haryana,20710.17,64201.53,627.44,148.14,3.49,3.1
Gram,2006,Summer,Haryana,235480.68,772376.63,1247.56,167.77,2.61,3.28
Gram,2006,Kharif,Haryana,53096.77,174688.37,1839.49,55.88,3.2,3.29
Arhar/Tur,2006,Whole Year,Haryana,57137.91,170842.35,753.55,229.8,0.95,2.99
Arhar/Tur,2006,Rabi,Haryana,220586.2,617641.36,1560.54,78.26,2.58,2.8
Moong(Green Gram),2006,Summer,Haryana,126097.44,242107.08,636.98,209.49,0.91,1.92
Moong(Green Gram),2006,Rabi,Haryana,183247.27,494767.63,2025.74,156.81,2.68,2.7
Potato,2006,Whole Year,Haryana,353646.58,15885804.37,855.04,227.17,4.04,44.92
Potato,2006,Kharif,Haryana,258163.83,10081297.56,1007.77,237.59,0.31,39.05
Onion,2006,Whole Year,Haryana,393395.26,11416330.45,849.4,85.28,0.2,29.02
Onion,2006,Kharif,Haryana,282484.36,9064923.11,1750.48,61.93,2.17,32.09
Tomato,2006,Rabi,Haryana,132630.12,6250857.56,826.75,229.19,4.26,47.13
Tomato,2006,Whole Year,Haryana,353722.78,14184283.48,1461.91,31.35,3.52,40.1
Banana,2006,Whole Year,Haryana,342310.73,28764370.64,1323.26,177.86,4.22,84.03
Banana,2006,Rabi,Haryana,214321.67,15709778.41,1613.92,190.21,0.4,73.3
Rice,2006,Whole Year,Karnataka,301679.63,1801027.39,1242.99,192.45,0.73,5.97
Rice,2006,Rabi,Karnataka,383915.41,3420686.3,2071.09,239.24,3.62,8.91
Wheat,2006,Kharif,Karnataka,107246.61,563044.7,489.31,182.17,0.68,5.25
Wheat,2006,Whole Year,Karnataka,78486.47,569026.91,1083.55,198.3,1.89,7.25
Maize,2006,Rabi,Karnataka,293356.3,1364106.8,779.41,146.86,3.88,4.65
Maize,2006,Kharif,Karnataka,337366.99,1578877.51,1176.0,48.39,1.42,4.68
Cotton(lint),2006,Kharif,Karnataka,14031.69,74788.91,2130.69,170.25,4.21,5.33
Cotton(lint),2006,Rabi,Karnataka,305485.74,1111968.09,971.59,208.1,4.27,3.64
Sugarcane,2006,Kharif,Karnataka,410862.49,34372755.91,1011.59,125.68,3.12,83.66
Sugarcane,2006,Whole Year,Karnataka,196322.33,22476943.56,1830.07,88.41,0.81,114.49
Soybean,2006,Kharif,Karnataka,117841.31,399482.04,1018.1,205.26,4.22,3.39
Soybean,2006,Rabi,Karnataka,417919.44,860914.05,511.26,49.4,0.9,2.06
Groundnut,2006,Kharif,Karnataka,153970.66,762154.77,1207.8,221.78,1.01,4.95
Groundnut,2006,Rabi,Karnataka,123231.76,459654.46,718.95,91.8,0.69,3.73
Rapeseed &Mustard,2006,Rabi,Karnataka,208344.83,695871.73,1956.93,82.39,3.28,3.34
Rapeseed &Mustard,2006,Whole Year,Karnataka,340980.27,978613.37,931.13,92.76,0.66,2.87
Gram,2006,Summer,Karnataka,83492.29,210400.57,1015.79,120.29,3.77,2.52
Gram,2006,Whole Year,Karnataka,239388.98,555382.43,918.3,133.49,1.49,2.32
Arhar/Tur,2006,Kharif,Karnataka,284691.05,674717.79,1450.49,111.93,1.73,2.37
Arhar/Tur,2006,Rabi,Karnataka,48081.03,131261.21,1971.43,139.86,3.21,2.73
Moong(Green Gram),2006,Kharif,Karnataka,147394.22,247622.29,419.46,203.58,3.64,1.68
Moong(Green Gram),2006,Summer,Karnataka,209059.77,357492.21,613.68,235.92,1.12,1.71
Potato,2006,Whole Year,Karnataka,352683.29,13920409.46,1659.47,159.56,3.91,39.47
Potato,2006,Rabi,Karnataka,355376.79,13177371.37,1746.69,147.86,1.26,37.08
Onion,2006,Kharif,Karnataka,117222.04,3575272.22,2145.5,120.56,1.69,30.5
Onion,2006,Summer,Karnataka,102321.47,3259962.03,1505.15,83.1,2.68,31.86
Tomato,2006,Summer,Karnataka,335458.18,11559888.88,537.59,218.14,3.61,34.46
Tomato,2006,Kharif,Karnataka,375648.63,15743434.08,1045.0,221.71,2.63,41.91
Banana,2006,Kharif,Karnataka,363878.38,26006387.82,1882.52,110.77,2.17,71.47
Banana,2006,Whole Year,Karnataka,53830.37,3974834.52,2080.75,173.61,2.49,73.84
Rice,2006,Whole Year,Madhya Pradesh,140655.06,845336.91,849.59,167.37,2.86,6.01
Rice,2006,Kharif,Madhya Pradesh,380265.62,1867104.19,803.17,80.22,2.4,4.91
Wheat,2006,Rabi,Madhya Pradesh,297969.09,1668626.9,538.25,104.48,2.57,5.6
Wheat,2006,Kharif,Madhya Pradesh,366694.62,2251504.97,1501.3,108.43,1.3,6.14
Maize,2006,Whole Year,Madhya Pradesh,337637.77,1860384.11,1356.99,142.93,1.4,5.51
Maize,2006,Rabi,Madhya Pradesh,250569.44,1185193.45,452.48,220.52,0.87,4.73
Cotton(lint),2006,Summer,Madhya Pradesh,250889.71,873096.19,816.49,135.51,3.35,3.48
Cotton(lint),2006,Whole Year,Madhya Pradesh,283604.38,1208154.66,1125.78,188.0,2.48,4.26
Sugarcane,2006,Rabi,Madhya Pradesh,179503.39,18426022.98,1199.03,217.65,3.03,102.65
Sugarcane,2006,Summer,Madhya Pradesh,345773.62,33768251.73,1300.86,121.09,1.27,97.66
Soybean,2006,Whole Year,Madhya Pradesh,405761.56,1383646.92,787.37,215.71,2.61,3.41
Soybean,2006,Summer,Madhya Pradesh,313664.45,922173.48,983.82,79.12,1.11,2.94
Groundnut,2006,Kharif,Madhya Pradesh,362540.8,1848958.08,2104.16,114.04,3.57,5.1
Groundnut,2006,Summer,Madhya Pradesh,296947.94,1214517.07,1638.48,55.28,4.24,4.09
Rapeseed &Mustard,2006,Whole Year,Madhya Pradesh,399260.13,1145876.57,1155.73,134.35,4.14,2.87
Rapeseed &Mustard,2006,Kharif,Madhya Pradesh,254656.28,870924.48,1196.05,197.41,3.31,3.42
Gram,2006,Kharif,Madhya Pradesh,45560.38,94309.99,429.87,168.96,2.79,2.07
Gram,2006,Summer,Madhya Pradesh,11156.64,36593.78,1902.9,234.69,0.78,3.28
Arhar/Tur,2006,Kharif,Madhya Pradesh,125334.73,266962.97,464.67,224.65,1.12,2.13
Arhar/Tur,2006,Summer,Madhya Pradesh,386150.81,1131421.87,1716.08,228.82,3.56,2.93
Moong(Green Gram),2006,Rabi,Madhya Pradesh,18595.97,29753.55,1459.03,113.51,4.39,1.6
Moong(Green Gram),2006,Kharif,Madhya Pradesh,319392.77,619621.97,888.69,219.89,1.81,1.94
Potato,2006,Kharif,Madhya Pradesh,42391.66,1169585.9,1138.89,64.3,1.15,27.59
Potato,2006,Whole Year,Madhya Pradesh,39872.29,1028306.36,561.85,70.58,0.42,25.79
Onion,2006,Whole Year,Madhya Pradesh,126245.81,3709101.9,997.6,169.19,3.94,29.38
Onion,2006,Rabi,Madhya Pradesh,218233.84,6876548.3,1648.85,146.08,1.13,31.51
Tomato,2006,Rabi,Madhya Pradesh,409905.8,15154217.43,1385.35,184.12,1.69,36.97
Tomato,2006,Summer,Madhya Pradesh,77497.08,3173505.43,1889.24,152.82,1.65,40.95
Banana,2006,Whole Year,Madhya Pradesh,288856.26,16710334.64,867.69,216.08,4.05,57.85
Banana,2006,Summer,Madhya Pradesh,185381.14,10425835.31,832.96,171.2,3.75,56.24
Rice,2006,Whole Year,Maharashtra,20859.94,140804.6,1581.49,142.38,0.55,6.75
Rice,2006,Summer,Maharashtra,227326.25,1032061.18,611.1,65.5,1.71,4.54
Wheat,2006,Rabi,Maharashtra,389812.64,2034821.98,920.99,128.21,2.86,5.22
Wheat,2006,Whole Year,Maharashtra,148962.96,917611.83,1415.62,208.62,1.07,6.16
Maize,2006,Rabi,Maharashtra,125882.67,469542.36,632.51,50.9,2.79,3.73
Maize,2006,Whole Year,Maharashtra,212192.05,1152202.83,1286.02,70.95,3.0,5.43
Cotton(lint),2006,Summer,Maharashtra,114235.34,452371.95,1958.01,51.6,0.74,3.96
Cotton(lint),2006,Whole Year,Maharashtra,304579.45,1391928.09,1469.64,156.66,3.13,4.57
Sugarcane,2006,Kharif,Maharashtra,170456.3,14481967.25,658.11,33.86,2.2,84.96
Sugarcane,2006,Summer,Maharashtra,297682.73,31878843.56,1574.02,82.73,3.0,107.09
Soybean,2006,Summer,Maharashtra,382326.16,1173741.31,480.99,184.17,1.67,3.07
Soybean,2006,Whole Year,Maharashtra,149721.19,419219.33,1237.61,32.87,0.55,2.8
Groundnut,2006,Kharif,Maharashtra,349966.23,1917814.94,1611.12,182.09,2.32,5.48
Groundnut,2006,Whole Year,Maharashtra,179348.94,952342.87,1850.76,154.32,0.91,5.31
Rapeseed &Mustard,2006,Whole Year,Maharashtra,246240.0,856915.2,1911.68,56.77,3.64,3.48
Rapeseed &Mustard,2006,Rabi,Maharashtra,447489.66,1467766.08,1489.87,94.66,3.8,3.28
Gram,2006,Kharif,Maharashtra,133472.93,270950.05,402.0,87.11,1.14,2.03
Gram,2006,Summer,Maharashtra,267260.89,673497.44,429.24,183.04,1.59,2.52
Arhar/Tur,2006,Whole Year,Maharashtra,57752.58,127055.68,627.29,200.82,4.17,2.2
Arhar/Tur,2006,Rabi,Maharashtra,143558.79,308651.4,2009.68,165.43,1.44,2.15
Moong(Green Gram),2006,Whole Year,Maharashtra,513.81,1017.34,1681.85,104.89,1.29,1.98
Moong(Green Gram),2006,Kharif,Maharashtra,383092.26,869619.43,2123.74,148.81,2.41,2.27
Potato,2006,Whole Year,Maharashtra,173127.17,6762347.26,1599.28,237.66,1.17,39.06
Potato,2006,Kharif,Maharashtra,62537.96,1712289.34,545.87,204.24,4.4,27.38
Onion,2006,Whole Year,Maharashtra,393191.53,11548035.24,2192.02,152.37,3.69,29.37
Onion,2006,Rabi,Maharashtra,181515.32,5124177.48,1610.51,173.26,1.56,28.23
Tomato,2006,Rabi,Maharashtra,332458.39,12929306.79,1599.91,55.11,2.66,38.89
Tomato,2006,Whole Year,Maharashtra,191959.0,7279085.28,2190.43,49.43,3.56,37.92
Banana,2006,Summer,Maharashtra,138734.64,9582401.58,1285.7,197.27,1.2,69.07
Banana,2006,Rabi,Maharashtra,235841.83,11931238.18,908.07,92.6,1.39,50.59
Rice,2006,Whole Year,Odisha,47914.8,324383.2,1454.06,144.31,1.21,6.77
Rice,2006,Rabi,Odisha,19189.74,123965.72,1296.63,174.76,1.28,6.46
Wheat,2006,Summer,Odisha,69686.82,537285.38,2158.66,144.4,0.78,7.71
Wheat,2006,Whole Year,Odisha,152117.62,1134797.45,2094.84,141.24,3.35,7.46
Maize,2006,Rabi,Odisha,345054.03,2204895.25,1663.79,99.58,3.11,6.39
Maize,2006,Summer,Odisha,204655.56,1148117.69,1142.1,226.29,1.28,5.61
Cotton(lint),2006,Kharif,Odisha,261089.16,1007804.16,1022.12,201.31,2.21,3.86
Cotton(lint),2006,Whole Year,Odisha,48298.62,164698.29,605.45,227.62,3.95,3.41
Sugarcane,2006,Whole Year,Odisha,583.84,53940.98,1505.16,159.45,2.17,92.39
Sugarcane,2006,Summer,Odisha,187024.72,14612241.37,1714.89,58.42,1.05,78.13
Soybean,2006,Summer,Odisha,271012.13,856398.33,1447.13,114.31,1.65,3.16
Soybean,2006,Kharif,Odisha,73616.04,222320.44,1721.86,73.85,0.45,3.02
Groundnut,2006,Whole Year,Odisha,163958.59,478759.08,577.47,54.46,1.29,2.92
Groundnut,2006,Rabi,Odisha,305437.15,1007942.59,1466.99,61.16,0.94,3.3
Rapeseed &Mustard,2006,Rabi,Odisha,391537.06,1111965.25,1068.78,159.02,2.45,2.84
Rapeseed &Mustard,2006,Whole Year,Odisha,226369.65,450475.6,761.39,96.15,3.6,1.99
Gram,2006,Kharif,Odisha,352669.57,966314.62,898.72,227.58,0.73,2.74
Gram,2006,Summer,Odisha,18608.34,42240.93,1129.76,138.42,2.7,2.27
Arhar/Tur,2006,Summer,Odisha,402831.85,898315.03,668.45,195.04,2.86,2.23
Arhar/Tur,2006,Whole Year,Odisha,6301.8,12162.47,808.04,149.05,1.71,1.93
Moong(Green Gram),2006,Whole Year,Odisha,52848.29,67645.81,628.77,69.75,2.18,1.28
Moong(Green Gram),2006,Kharif,Odisha,375999.95,560239.93,754.4,122.64,1.06,1.49
Potato,2006,Summer,Odisha,360002.62,13230096.29,1398.44,203.45,2.92,36.75
Potato,2006,Rabi,Odisha,186656.41,7580116.81,2124.3,143.63,2.8,40.61
Onion,2006,Rabi,Odisha,215511.8,5105474.54,437.84,202.12,3.75,23.69
Onion,2006,Kharif,Odisha,376838.13,10329133.14,1377.4,108.5,2.89,27.41
Tomato,2006,Rabi,Odisha,83414.34,2661751.59,764.13,111.21,0.42,31.91
Tomato,2006,Kharif,Odisha,217740.78,6521336.36,1089.01,206.22,0.82,29.95
Banana,2006,Rabi,Odisha,12101.32,690985.37,1395.92,139.29,4.48,57.1
Banana,2006,Kharif,Odisha,51536.52,3377188.16,2051.58,193.34,3.74,65.53
Rice,2006,Whole Year,Punjab,203311.34,1467907.87,994.7,153.74,2.15,7.22
Rice,2006,Summer,Punjab,442822.17,3684280.45,1833.67,188.92,3.13,8.32
Wheat,2006,Rabi,Punjab,445282.65,4145581.47,1631.77,229.29,0.81,9.31
Wheat,2006,Summer,Punjab,35002.75,193565.21,407.54,170.79,2.96,5.53
Maize,2006,Rabi,Punjab,187241.63,1086001.45,443.21,100.43,0.96,5.8
Maize,2006,Kharif,Punjab,142256.0,891945.12,1107.66,79.75,0.62,6.27
Cotton(lint),2006,Summer,Punjab,93898.65,374655.61,1457.85,53.6,1.63,3.99
Cotton(lint),2006,Kharif,Punjab,282671.56,1616881.32,1565.42,207.19,1.6,5.72
Sugarcane,2006,Kharif,Punjab,373864.93,40362457.84,804.38,113.86,1.96,107.96
Sugarcane,2006,Summer,Punjab,329026.22,43493976.02,1156.02,151.46,3.78,132.19
Soybean,2006,Whole Year,Punjab,27297.99,83258.87,1645.69,59.4,1.99,3.05
Soybean,2006,Rabi,Punjab,234065.45,1069679.11,2193.75,58.4,3.1,4.57
Groundnut,2006,Summer,Punjab,5479.81,29426.58,1714.31,150.08,2.07,5.37
Groundnut,2006,Rabi,Punjab,159792.54,711076.8,945.09,183.48,3.21,4.45
Rapeseed &Mustard,2006,Summer,Punjab,267404.39,1018810.73,1436.07,63.91,2.23,3.81
Rapeseed &Mustard,2006,Kharif,Punjab,94943.18,359834.65,1736.09,35.29,1.73,3.79
Gram,2006,Kharif,Punjab,149087.17,438316.28,1740.53,116.6,1.04,2.94
Gram,2006,Whole Year,Punjab,198522.35,617404.51,971.15,221.51,0.46,3.11
Arhar/Tur,2006,Summer,Punjab,130038.94,282184.5,411.64,134.21,1.43,2.17
Arhar/Tur,2006,Rabi,Punjab,78896.97,178307.15,1248.97,49.2,2.89,2.26
Moong(Green Gram),2006,Summer,Punjab,234858.97,537827.04,2013.83,71.22,0.3,2.29
Moong(Green Gram),2006,Rabi,Punjab,400850.98,1030187.02,1474.5,200.13,2.05,2.57
Potato,2006,Summer,Punjab,115456.79,4027132.84,989.36,64.57,0.98,34.88
Potato,2006,Kharif,Punjab,196479.83,9159889.67,1469.29,153.83,0.49,46.62
Onion,2006,Rabi,Punjab,325520.7,10384110.33,1790.81,180.13,2.69,31.9
Onion,2006,Whole Year,Punjab,388634.21,13077541.17,955.84,91.64,1.34,33.65
Tomato,2006,Rabi,Punjab,398834.0,18557746.02,1225.33,148.56,3.05,46.53
Tomato,2006,Kharif,Punjab,448628.76,20524765.77,1696.28,90.32,3.98,45.75
Banana,2006,Kharif,Punjab,26174.16,1390633.12,647.73,30.2,4.08,53.13
Banana,2006,Rabi,Punjab,410320.78,25091115.7,472.52,137.57,3.13,61.15
Rice,2006,Rabi,Rajasthan,439464.18,3234456.36,1562.08,226.25,1.5,7.36
Rice,2006,Kharif,Rajasthan,311399.22,2282556.28,2138.15,112.65,0.76,7.33
Wheat,2006,Whole Year,Rajasthan,192968.68,1246577.67,1537.63,182.48,1.78,6.46
Wheat,2006,Summer,Rajasthan,141313.28,823856.42,1544.92,113.64,0.23,5.83
Maize,2006,Kharif,Rajasthan,352632.56,1939479.08,2036.65,107.75,3.43,5.5
Maize,2006,Whole Year,Rajasthan,28562.88,124248.53,1275.11,52.89,1.27,4.35
Cotton(lint),2006,Kharif,Rajasthan,245892.63,1258970.27,2067.17,212.98,3.58,5.12
Cotton(lint),2006,Rabi,Rajasthan,44329.71,179092.03,1935.99,98.91,0.43,4.04
Sugarcane,2006,Kharif,Rajasthan,109985.22,8911002.52,950.88,43.37,0.96,81.02
Sugarcane,2006,Whole Year,Rajasthan,38372.79,3578262.67,1628.77,79.48,4.26,93.25
Soybean,2006,Whole Year,Rajasthan,361558.58,1616166.85,2175.81,155.55,0.55,4.47
Soybean,2006,Kharif,Rajasthan,287438.58,1043402.05,952.86,210.53,4.33,3.63
Groundnut,2006,Summer,Rajasthan,172837.01,699989.89,702.9,205.65,2.56,4.05
Groundnut,2006,Kharif,Rajasthan,230245.58,914074.95,1487.76,126.79,3.76,3.97
Rapeseed &Mustard,2006,Kharif,Rajasthan,420272.74,1096911.85,1124.0,128.45,3.23,2.61
Rapeseed &Mustard,2006,Rabi,Rajasthan,275597.83,661434.79,951.34,98.48,0.5,2.4
Gram,2006,Kharif,Rajasthan,284303.5,616938.59,887.01,82.25,4.25,2.17
Gram,2006,Rabi,Rajasthan,177208.25,274672.79,650.66,32.25,2.54,1.55
Arhar/Tur,2006,Whole Year,Rajasthan,115409.77,216970.37,1349.61,66.04,0.92,1.88
Arhar/Tur,2006,Summer,Rajasthan,55288.69,96202.32,1148.55,43.26,1.91,1.74
Moong(Green Gram),2006,Whole Year,Rajasthan,298584.24,510579.05,1471.66,117.18,2.02,1.71
Moong(Green Gram),2006,Summer,Rajasthan,369203.87,712563.47,1567.74,117.98,2.17,1.93
Potato,2006,Kharif,Rajasthan,418905.42,14205082.79,1589.44,186.74,1.54,33.91
Potato,2006,Whole Year,Rajasthan,1238.87,40783.6,1077.55,149.86,2.26,32.92
Onion,2006,Summer,Rajasthan,602.05,19084.98,2047.0,207.21,3.39,31.7
Onion,2006,Whole Year,Rajasthan,417999.18,9187621.98,1174.96,55.02,2.4,21.98
Tomato,2006,Whole Year,Rajasthan,334940.85,12376064.41,1679.8,79.24,3.42,36.95
Tomato,2006,Kharif,Rajasthan,123890.75,3755128.63,1524.4,47.04,2.14,30.31
Banana,2006,Rabi,Rajasthan,304176.25,19546365.83,1316.01,210.9,3.92,64.26
Banana,2006,Summer,Rajasthan,217712.82,15224657.5,2176.41,188.46,1.27,69.93
Rice,2006,Summer,Tamil Nadu,385960.01,2427688.46,575.26,178.34,1.69,6.29
Rice,2006,Whole Year,Tamil Nadu,152130.11,982760.51,1889.54,30.13,1.52,6.46
Wheat,2006,Summer,Tamil Nadu,242144.29,1404436.88,732.86,119.91,0.46,5.8
Wheat,2006,Rabi,Tamil Nadu,197672.05,1520098.06,2159.49,199.65,3.37,7.69
Maize,2006,Summer,Tamil Nadu,429054.59,1913583.47,508.41,92.51,1.48,4.46
Maize,2006,Kharif,Tamil Nadu,352531.06,1850788.06,620.5,163.33,0.73,5.25
Cotton(lint),2006,Summer,Tamil Nadu,342518.25,1298144.17,476.93,211.58,0.71,3.79
Cotton(lint),2006,Kharif,Tamil Nadu,332177.25,1033071.25,650.2,122.41,2.28,3.11
Sugarcane,2006,Summer,Tamil Nadu,420690.59,51732321.85,2036.56,202.12,4.02,122.97
Sugarcane,2006,Whole Year,Tamil Nadu,130391.35,13083468.06,1078.7,112.6,2.54,100.34
Soybean,2006,Kharif,Tamil Nadu,75821.16,264615.85,958.56,135.7,3.62,3.49
Soybean,2006,Rabi,Tamil Nadu,70520.08,251051.48,1384.68,48.36,1.82,3.56
Groundnut,2006,Rabi,Tamil Nadu,427892.99,1741524.47,777.82,84.79,4.37,4.07
Groundnut,2006,Summer,Tamil Nadu,383890.41,1731345.75,608.48,178.25,2.37,4.51
Rapeseed &Mustard,2006,Summer,Tamil Nadu,441575.28,1377714.87,1086.91,192.8,1.67,3.12
Rapeseed &Mustard,2006,Whole Year,Tamil Nadu,66136.45,302904.94,2088.52,222.71,4.02,4.58
Gram,2006,Kharif,Tamil Nadu,415870.81,1389008.51,1876.58,147.99,3.09,3.34
Gram,2006,Rabi,Tamil Nadu,371250.72,1217702.36,1639.86,145.91,1.24,3.28
Arhar/Tur,2006,Summer,Tamil Nadu,107248.75,234874.76,939.82,164.99,2.78,2.19
Arhar/Tur,2006,Whole Year,Tamil Nadu,370886.94,882710.92,767.36,128.5,3.64,2.38
Moong(Green Gram),2006,Kharif,Tamil Nadu,233023.42,403130.52,1143.59,71.86,1.97,1.73
Moong(Green Gram),2006,Whole Year,Tamil Nadu,384217.72,756908.91,1705.52,105.68,0.57,1.97
Potato,2006,Summer,Tamil Nadu,66649.88,2169453.59,936.36,48.85,4.12,32.55
Potato,2006,Rabi,Tamil Nadu,55899.73,2177294.48,953.82,224.47,0.9,38.95
Onion,2006,Kharif,Tamil Nadu,321755.71,8446087.39,832.39,123.19,1.41,26.25
Onion,2006,Summer,Tamil Nadu,269918.16,9185314.98,762.27,216.95,0.69,34.03
Tomato,2006,Summer,Tamil Nadu,332198.53,15031983.48,1475.37,214.99,0.41,45.25
Tomato,2006,Kharif,Tamil Nadu,102526.85,4273319.11,1739.03,223.03,2.02,41.68
Banana,2006,Kharif,Tamil Nadu,281096.21,17191844.2,1892.89,69.97,4.14,61.16
Banana,2006,Summer,Tamil Nadu,194170.79,13902628.56,961.95,182.27,3.62,71.6
Rice,2006,Kharif,Telangana,357373.84,2894728.1,2093.79,160.87,3.39,8.1
Rice,2006,Whole Year,Telangana,178076.48,927778.46,492.27,114.39,3.1,5.21
Wheat,2006,Whole Year,Telangana,160963.6,899786.52,1542.54,69.15,3.42,5.59
Wheat,2006,Summer,Telangana,131714.07,950975.59,1747.5,131.35,1.13,7.22
Maize,2006,Summer,Telangana,430732.11,2838524.6,1168.79,129.77,4.06,6.59
Maize,2006,Rabi,Telangana,113851.71,609106.65,1204.11,55.92,1.09,5.35
Cotton(lint),2006,Kharif,Telangana,439789.08,1508476.54,836.24,169.3,3.81,3.43
Cotton(lint),2006,Summer,Telangana,327788.34,1497992.71,1480.45,183.56,3.51,4.57
Sugarcane,2006,Kharif,Telangana,139581.05,17051221.07,2086.1,138.29,2.34,122.16
Sugarcane,2006,Summer,Telangana,146958.15,15856784.38,745.13,146.65,2.71,107.9
Soybean,2006,Rabi,Telangana,40116.43,154047.09,1798.24,207.99,0.98,3.84
Soybean,2006,Kharif,Telangana,318118.56,1135683.26,1363.63,163.42,1.04,3.57
Groundnut,2006,Summer,Telangana,336733.23,1690400.81,1905.76,177.91,4.19,5.02
Groundnut,2006,Whole Year,Telangana,119654.04,581518.63,1653.15,70.5,0.6,4.86
Rapeseed &Mustard,2006,Summer,Telangana,326875.14,931594.15,618.35,93.58,2.49,2.85
Rapeseed &Mustard,2006,Whole Year,Telangana,75231.77,262558.88,1083.53,159.61,4.37,3.49
Gram,2006,Whole Year,Telangana,55076.0,145400.64,1698.04,68.59,1.61,2.64
Gram,2006,Rabi,Telangana,112344.15,271872.84,1134.2,88.72,0.79,2.42
Arhar/Tur,2006,Summer,Telangana,362425.89,576257.17,734.4,47.84,2.08,1.59
Arhar/Tur,2006,Kharif,Telangana,124900.98,335983.64,1404.71,102.87,4.21,2.69
Moong(Green Gram),2006,Rabi,Telangana,129901.92,322156.76,1704.45,205.65,3.91,2.48
Moong(Green Gram),2006,Kharif,Telangana,18899.81,28727.71,489.39,160.94,0.47,1.52
Potato,2006,Kharif,Telangana,437621.39,12651634.38,1332.42,158.98,1.22,28.91
Potato,2006,Whole Year,Telangana,34165.68,1137375.49,591.09,205.87,1.23,33.29
Onion,2006,Kharif,Telangana,372675.42,11392687.59,1080.39,236.05,2.2,30.57
Onion,2006,Whole Year,Telangana,191516.61,6310472.3,1089.19,181.01,2.55,32.95
Tomato,2006,Summer,Telangana,118452.57,4591221.61,1159.08,38.38,2.13,38.76
Tomato,2006,Rabi,Telangana,149925.8,5787135.88,967.96,52.39,1.78,38.6
Banana,2006,Kharif,Telangana,446972.71,33062571.36,1963.4,148.57,2.42,73.97
Banana,2006,Whole Year,Telangana,381757.58,21622749.33,1633.31,90.91,1.07,56.64
Rice,2006,Kharif,Uttar Pradesh,143458.81,991300.38,2064.36,41.81,2.29,6.91
Rice,2006,Whole Year,Uttar Pradesh,246109.98,1427437.88,849.54,102.09,3.86,5.8
Wheat,2006,Kharif,Uttar Pradesh,338420.97,2764899.32,2031.22,186.12,2.49,8.17
Wheat,2006,Whole Year,Uttar Pradesh,5242.73,39005.91,1109.36,208.7,1.69,7.44
Maize,2006,Kharif,Uttar Pradesh,361016.2,1703996.46,689.07,142.84,1.03,4.72
Maize,2006,Whole Year,Uttar Pradesh,142638.7,1035556.96,1920.95,130.03,3.08,7.26
Cotton(lint),2006,Rabi,Uttar Pradesh,281652.39,932269.41,678.74,108.33,1.1,3.31
Cotton(lint),2006,Kharif,Uttar Pradesh,447982.18,1635134.96,1210.5,83.03,2.1,3.65
Sugarcane,2006,Rabi,Uttar Pradesh,428467.0,44864779.57,1015.36,237.02,3.81,104.71
Sugarcane,2006,Whole Year,Uttar Pradesh,4445.36,476987.13,1087.84,93.38,0.36,107.3
Soybean,2006,Summer,Uttar Pradesh,285733.13,908631.35,1518.14,55.36,4.4,3.18
Soybean,2006,Rabi,Uttar Pradesh,219908.84,690513.76,1863.51,50.84,2.04,3.14
Groundnut,2006,Rabi,Uttar Pradesh,315513.38,1829977.6,1777.57,225.17,1.08,5.8
Groundnut,2006,Summer,Uttar Pradesh,29175.65,122829.49,1097.0,89.38,1.51,4.21
Rapeseed &Mustard,2006,Kharif,Uttar Pradesh,21623.13,68977.78,1009.86,115.08,1.23,3.19
Rapeseed &Mustard,2006,Rabi,Uttar Pradesh,382801.65,1519722.55,1733.56,143.94,3.01,3.97
Gram,2006,Summer,Uttar Pradesh,177492.94,488105.59,1494.78,123.36,3.39,2.75
Gram,2006,Whole Year,Uttar Pradesh,76025.01,157371.77,1038.64,114.0,0.45,2.07
Arhar/Tur,2006,Kharif,Uttar Pradesh,303480.02,515916.03,429.99,101.18,3.62,1.7
Arhar/Tur,2006,Whole Year,Uttar Pradesh,263590.92,629982.3,861.54,226.14,0.76,2.39
Moong(Green Gram),2006,Whole Year,Uttar Pradesh,166028.42,386846.22,2162.26,118.35,2.36,2.33
Moong(Green Gram),2006,Kharif,Uttar Pradesh,262140.52,652729.89,1836.05,211.52,2.16,2.49
Potato,2006,Kharif,Uttar Pradesh,214220.89,8881598.1,1762.47,174.72,3.91,41.46
Potato,2006,Summer,Uttar Pradesh,99710.31,2961396.21,685.21,43.06,3.74,29.7
Onion,2006,Rabi,Uttar Pradesh,131249.15,4004411.57,1244.93,210.15,1.51,30.51
Onion,2006,Summer,Uttar Pradesh,134387.8,4037009.51,1804.09,129.04,1.18,30.04
Tomato,2006,Summer,Uttar Pradesh,169445.68,6225434.28,1876.98,31.5,2.16,36.74
Tomato,2006,Rabi,Uttar Pradesh,202881.21,7033891.55,858.55,103.9,3.23,34.67
Banana,2006,Summer,Uttar Pradesh,432655.84,29857579.52,1544.64,190.83,0.54,69.01
Banana,2006,Rabi,Uttar Pradesh,421153.85,23386673.29,1222.71,90.95,2.62,55.53
Rice,2006,Whole Year,West Bengal,402040.37,2717792.9,1179.11,142.46,2.25,6.76
Rice,2006,Summer,West Bengal,402323.11,2438078.05,1004.47,159.16,4.19,6.06
Wheat,2006,Summer,West Bengal,23203.07,144787.16,1385.15,216.99,1.33,6.24
Wheat,2006,Kharif,West Bengal,428488.69,3213665.17,1882.56,178.89,2.73,7.5
Maize,2006,Whole Year,West Bengal,37616.19,174915.28,678.14,122.31,2.39,4.65
Maize,2006,Summer,West Bengal,39591.68,221317.49,945.8,232.98,4.26,5.59
Cotton(lint),2006,Rabi,West Bengal,156562.88,782814.4,1829.53,161.3,4.23,5.0
Cotton(lint),2006,Whole Year,West Bengal,274783.11,1629463.84,2096.27,195.52,0.3,5.93
Sugarcane,2006,Kharif,West Bengal,311962.56,43849457.43,1719.69,239.04,1.44,140.56
Sugarcane,2006,Whole Year,West Bengal,182837.54,22871147.88,704.49,235.27,3.87,125.09
Soybean,2006,Rabi,West Bengal,122613.05,295497.45,586.76,92.04,0.59,2.41
Soybean,2006,Summer,West Bengal,383404.74,1364920.87,1870.94,32.87,4.05,3.56
Groundnut,2006,Rabi,West Bengal,15058.92,69120.44,1004.52,137.91,3.63,4.59
Groundnut,2006,Summer,West Bengal,84783.25,361176.64,1751.08,79.56,0.82,4.26
Rapeseed &Mustard,2006,Summer,West Bengal,230236.67,902527.75,1201.93,233.06,2.66,3.92
Rapeseed &Mustard,2006,Kharif,West Bengal,262606.04,900738.72,1692.43,108.13,0.6,3.43
Gram,2006,Whole Year,West Bengal,261756.36,748623.19,1692.7,56.13,2.78,2.86
Gram,2006,Kharif,West Bengal,310710.34,1149628.26,1907.41,97.83,4.02,3.7
Arhar/Tur,2006,Kharif,West Bengal,309652.26,715296.72,892.25,184.66,0.42,2.31
Arhar/Tur,2006,Whole Year,West Bengal,159386.2,333117.16,968.14,133.11,1.58,2.09
Moong(Green Gram),2006,Kharif,West Bengal,343853.5,790863.05,1325.35,193.67,2.45,2.3
Moong(Green Gram),2006,Summer,West Bengal,182596.07,321369.08,404.87,208.49,1.84,1.76
Potato,2006,Kharif,West Bengal,29310.57,1119956.88,1473.06,185.31,1.11,38.21
Potato,2006,Rabi,West Bengal,98305.78,3909620.87,640.8,230.19,0.51,39.77
Onion,2006,Summer,West Bengal,99430.48,2747264.16,857.17,214.32,0.59,27.63
Onion,2006,Rabi,West Bengal,342267.54,9936026.69,1700.34,31.55,2.39,29.03
Tomato,2006,Whole Year,West Bengal,392277.85,13823871.43,1153.02,123.32,1.5,35.24
Tomato,2006,Summer,West Bengal,120872.72,4662060.81,1178.02,49.21,3.41,38.57
Banana,2006,Whole Year,West Bengal,309411.84,17543651.33,963.1,42.79,3.22,56.7
Banana,2006,Rabi,West Bengal,148555.98,10676718.28,1648.08,190.91,1.51,71.87
Rice,2007,Rabi,Andhra Pradesh,367333.51,3456608.33,2171.03,221.05,3.86,9.41
Rice,2007,Kharif,Andhra Pradesh,206354.46,1543531.36,1114.22,120.55,2.65,7.48
Wheat,2007,Kharif,Andhra Pradesh,150532.58,1193723.36,1442.76,216.69,2.65,7.93
Wheat,2007,Rabi,Andhra Pradesh,23498.9,172951.9,819.15,133.32,1.53,7.36
Maize,2007,Whole Year,Andhra Pradesh,293787.94,1401368.47,494.9,123.7,2.58,4.77
Maize,2007,Rabi,Andhra Pradesh,74017.43,367126.45,947.42,160.43,1.5,4.96
Cotton(lint),2007,Kharif,Andhra Pradesh,51727.67,237430.01,1559.03,205.21,2.68,4.59
Cotton(lint),2007,Summer,Andhra Pradesh,238153.94,964523.46,461.88,164.18,0.55,4.05
Sugarcane,2007,Whole Year,Andhra Pradesh,133793.65,13542593.25,877.2,120.72,4.5,101.22
Sugarcane,2007,Kharif,Andhra Pradesh,263473.31,28808171.72,1279.38,140.08,3.07,109.34
Soybean,2007,Rabi,Andhra Pradesh,292475.43,1266418.61,1962.4,203.92,2.89,4.33
Soybean,2007,Kharif,Andhra Pradesh,173583.6,722107.78,2097.37,158.18,3.79,4.16
Groundnut,2007,Whole Year,Andhra Pradesh,331296.22,1470955.22,895.18,164.21,1.67,4.44
Groundnut,2007,Kharif,Andhra Pradesh,11577.66,60319.61,1654.04,182.32,3.8,5.21
Rapeseed &Mustard,2007,Kharif,Andhra Pradesh,10229.68,36622.25,565.2,173.0,3.98,3.58
Rapeseed &Mustard,2007,Whole Year,Andhra Pradesh,115164.5,492904.06,1782.18,187.88,2.73,4.28
Gram,2007,Kharif,Andhra Pradesh,371962.45,1026616.36,1662.7,126.46,0.44,2.76
Gram,2007,Rabi,Andhra Pradesh,417885.71,944421.7,1553.95,95.45,2.46,2.26
Arhar/Tur,2007,Whole Year,Andhra Pradesh,411287.39,1361361.26,2165.88,168.98,3.71,3.31
Arhar/Tur,2007,Rabi,Andhra Pradesh,138465.52,275546.38,502.77,102.04,3.07,1.99
Moong(Green Gram),2007,Summer,Andhra Pradesh,269158.21,637904.96,1965.45,217.07,2.13,2.37
Moong(Green Gram),2007,Rabi,Andhra Pradesh,302008.88,625158.38,1878.27,81.38,2.01,2.07
Potato,2007,Whole Year,Andhra Pradesh,158692.43,6392131.08,1203.07,171.05,1.64,40.28
Potato,2007,Summer,Andhra Pradesh,11730.34,410679.2,1697.31,137.94,2.8,35.01
Onion,2007,Whole Year,Andhra Pradesh,246141.12,6869798.66,564.44,188.9,2.7,27.91
Onion,2007,Summer,Andhra Pradesh,83319.77,2207140.71,502.6,153.44,3.81,26.49
Tomato,2007,Kharif,Andhra Pradesh,49716.19,2092554.44,765.14,239.65,2.53,42.09
Tomato,2007,Summer,Andhra Pradesh,117551.2,5681249.5,1909.12,180.28,3.15,48.33
Banana,2007,Kharif,Andhra Pradesh,158940.23,8201315.87,627.0,57.27,3.11,51.6
Banana,2007,Whole Year,Andhra Pradesh,47989.83,3724490.71,1863.13,151.54,2.86,77.61
Rice,2007,Kharif,Assam,297344.52,2087358.53,1856.55,171.29,2.34,7.02
Rice,2007,Summer,Assam,9115.97,46309.13,1177.58,36.93,4.3,5.08
Wheat,2007,Rabi,Assam,320642.98,1612834.19,716.6,79.43,2.33,5.03
Wheat,2007,Whole Year,Assam,225528.48,1353170.88,2041.21,60.79,2.98,6.0
Maize,2007,Kharif,Assam,258481.15,1258803.2,1031.4,204.87,2.32,4.87
Maize,2007,Whole Year,Assam,395496.56,2084266.87,754.0,228.93,1.08,5.27
Cotton(lint),2007,Kharif,Assam,435762.97,1712548.47,1215.19,228.6,3.11,3.93
Cotton(lint),2007,Rabi,Assam,137028.9,335720.8,567.43,60.21,0.65,2.45
Sugarcane,2007,Whole Year,Assam,48696.47,4588181.4,1162.27,125.0,3.35,94.22
Sugarcane,2007,Kharif,Assam,39508.94,3602820.24,826.33,64.64,0.74,91.19
Soybean,2007,Kharif,Assam,304867.36,1106668.52,1628.81,162.03,1.34,3.63
Soybean,2007,Summer,Assam,400992.76,1415504.44,1425.1,204.8,4.46,3.53
Groundnut,2007,Whole Year,Assam,3574.92,14335.43,1240.63,173.99,1.17,4.01
Groundnut,2007,Summer,Assam,385765.07,1712796.91,1870.79,124.15,2.3,4.44
Rapeseed &Mustard,2007,Kharif,Assam,140011.71,543245.43,1771.83,226.6,4.25,3.88
Rapeseed &Mustard,2007,Whole Year,Assam,331975.43,717066.93,855.11,44.13,1.35,2.16
Gram,2007,Rabi,Assam,73571.26,147142.52,1029.14,96.3,3.6,2.0
Gram,2007,Summer,Assam,206255.85,532140.09,572.01,218.61,4.22,2.58
Arhar/Tur,2007,Kharif,Assam,268421.6,402632.4,593.41,33.55,4.11,1.5
Arhar/Tur,2007,Rabi,Assam,449707.96,742018.13,780.58,85.69,3.05,1.65
Moong(Green Gram),2007,Summer,Assam,226542.55,394184.04,1831.2,58.51,4.4,1.74
Moong(Green Gram),2007,Rabi,Assam,122637.06,237915.9,1868.72,109.45,0.58,1.94
Potato,2007,Kharif,Assam,188808.69,7135080.4,1326.21,178.88,4.1,37.79
Potato,2007,Summer,Assam,354034.32,10787425.73,838.67,94.24,2.28,30.47
Onion,2007,Kharif,Assam,442688.9,12253628.75,1049.45,188.1,2.35,27.68
Onion,2007,Summer,Assam,135293.48,2981868.3,461.93,163.34,3.89,22.04
Tomato,2007,Kharif,Assam,268138.95,9508207.17,1995.87,116.3,2.8,35.46
Tomato,2007,Whole Year,Assam,65368.26,2010727.68,568.41,33.5,3.96,30.76
Banana,2007,Kharif,Assam,155696.42,9215671.1,710.96,160.62,3.99,59.19
Banana,2007,Whole Year,Assam,154848.32,9047787.34,434.38,174.86,4.27,58.43
Rice,2007,Summer,Bihar,205200.01,1028052.05,1332.43,31.57,2.02,5.01
Rice,2007,Kharif,Bihar,329632.53,2172278.37,819.43,200.76,2.73,6.59
Wheat,2007,Summer,Bihar,282799.69,1937177.88,1893.89,117.28,1.31,6.85
Wheat,2007,Rabi,Bihar,201914.43,1189275.99,1278.22,72.89,2.9,5.89
Maize,2007,Rabi,Bihar,228571.7,1177144.26,1194.71,57.44,1.45,5.15
Maize,2007,Summer,Bihar,37215.05,185330.95,791.9,82.57,3.78,4.98
Cotton(lint),2007,Kharif,Bihar,240108.35,912411.73,1536.78,144.02,0.76,3.8
Cotton(lint),2007,Summer,Bihar,280517.84,1108045.47,1204.37,193.38,1.15,3.95
Sugarcane,2007,Whole Year,Bihar,417000.13,37921991.82,1678.76,117.97,2.42,90.94
Sugarcane,2007,Kharif,Bihar,263820.87,26653822.5,597.07,232.83,0.95,101.03
Soybean,2007,Rabi,Bihar,130601.65,447963.66,1263.33,234.3,0.22,3.43
Soybean,2007,Whole Year,Bihar,229366.51,534423.97,444.41,115.45,1.15,2.33
Groundnut,2007,Whole Year,Bihar,360340.98,1697206.02,1922.16,163.41,0.38,4.71
Groundnut,2007,Kharif,Bihar,316231.21,1081510.74,939.02,86.46,4.49,3.42
Rapeseed &Mustard,2007,Kharif,Bihar,66400.43,189241.23,687.4,195.92,2.85,2.85
Rapeseed &Mustard,2007,Rabi,Bihar,139358.52,416681.97,1063.71,191.64,3.69,2.99
Gram,2007,Whole Year,Bihar,63116.4,151479.36,1336.42,37.79,0.55,2.4
Gram,2007,Rabi,Bihar,153990.5,412694.54,788.1,200.88,1.13,2.68
Arhar/Tur,2007,Summer,Bihar,382634.66,925975.88,920.47,229.97,0.41,2.42
Arhar/Tur,2007,Kharif,Bihar,259318.72,471960.07,1561.27,33.56,4.33,1.82
Moong(Green Gram),2007,Rabi,Bihar,116371.43,167574.86,1662.45,33.02,0.41,1.44
Moong(Green Gram),2007,Kharif,Bihar,429015.71,1068249.12,2025.74,179.88,3.72,2.49
Potato,2007,Summer,Bihar,226697.58,7245254.66,1777.27,131.91,0.84,31.96
Potato,2007,Kharif,Bihar,392641.36,12552744.28,1503.61,63.01,4.34,31.97
Onion,2007,Summer,Bihar,263426.44,5906020.78,879.22,36.58,0.71,22.42
Onion,2007,Kharif,Bihar,93337.21,2924254.79,1723.05,211.95,2.44,31.33
Tomato,2007,Kharif,Bihar,188383.85,7974288.37,1935.91,209.79,0.63,42.33
Tomato,2007,Summer,Bihar,393707.35,12964783.04,632.02,181.2,0.64,32.93
Banana,2007,Whole Year,Bihar,355116.83,21228884.1,820.64,164.23,1.21,59.78
Banana,2007,Rabi,Bihar,57497.41,4002394.71,1959.87,154.65,0.75,69.61
Rice,2007,Kharif,Gujarat,53083.88,304170.63,1215.88,209.17,2.7,5.73
Rice,2007,Rabi,Gujarat,161747.8,1051360.7,1352.68,152.72,3.63,6.5
Wheat,2007,Summer,Gujarat,220895.46,1762745.77,1924.21,204.71,1.94,7.98
Wheat,2007,Rabi,Gujarat,257961.24,1431684.88,829.01,196.73,2.29,5.55
Maize,2007,Summer,Gujarat,440259.7,2654765.99,1791.7,52.32,3.55,6.03
Maize,2007,Rabi,Gujarat,95101.62,601993.25,1641.25,214.24,1.45,6.33
Cotton(lint),2007,Whole Year,Gujarat,302726.66,899098.18,991.77,88.4,0.99,2.97
Cotton(lint),2007,Kharif,Gujarat,329089.15,1151812.03,537.92,169.45,1.22,3.5
Sugarcane,2007,Summer,Gujarat,152760.46,16417166.64,1414.73,73.05,3.39,107.47
Sugarcane,2007,Kharif,Gujarat,158961.89,17314129.06,1700.83,97.04,4.1,108.92
Soybean,2007,Summer,Gujarat,222117.04,548629.09,547.49,71.16,4.26,2.47
Soybean,2007,Whole Year,Gujarat,415517.07,1400292.53,1380.68,86.65,3.22,3.37
Groundnut,2007,Kharif,Gujarat,17603.11,86255.24,1711.55,140.89,1.07,4.9
Groundnut,2007,Rabi,Gujarat,376804.3,1884021.5,1957.53,156.6,3.33,5.0
Rapeseed &Mustard,2007,Rabi,Gujarat,300301.08,1036038.73,761.28,214.83,1.04,3.45
Rapeseed &Mustard,2007,Kharif,Gujarat,287438.35,787581.08,1658.89,53.52,3.85,2.74
Gram,2007,Kharif,Gujarat,163068.9,422348.45,595.12,213.95,3.57,2.59
Gram,2007,Rabi,Gujarat,219574.98,647746.19,1525.16,228.7,2.69,2.95
Arhar/Tur,2007,Rabi,Gujarat,326291.75,828781.05,1309.64,172.79,1.07,2.54
Arhar/Tur,2007,Kharif,Gujarat,415466.71,1009584.11,428.53,183.28,4.02,2.43
Moong(Green Gram),2007,Kharif,Gujarat,183629.84,385622.66,2175.83,41.74,0.81,2.1
Moong(Green Gram),2007,Summer,Gujarat,25001.92,53504.11,1905.59,137.51,2.47,2.14
Potato,2007,Whole Year,Gujarat,143808.39,5210177.97,1468.29,74.12,0.7,36.23
Potato,2007,Rabi,Gujarat,134097.74,4218714.9,644.13,60.58,3.2,31.46
Onion,2007,Kharif,Gujarat,449932.24,12179665.74,403.93,164.12,0.81,27.07
Onion,2007,Summer,Gujarat,1070.0,36016.2,2009.21,139.56,1.33,33.66
Tomato,2007,Summer,Gujarat,116721.49,3963861.8,1006.98,114.47,0.42,33.96
Tomato,2007,Rabi,Gujarat,180736.16,7372227.97,1031.28,192.3,3.65,40.79
Banana,2007,Whole Year,Gujarat,168322.25,10346768.71,672.54,197.68,3.24,61.47
Banana,2007,Kharif,Gujarat,48059.36,2796093.56,1530.77,55.49,4.44,58.18
Rice,2007,Whole Year,Haryana,222229.73,1144483.11,407.13,135.24,1.85,5.15
Rice,2007,Summer,Haryana,176116.74,1037327.6,1598.5,75.26,1.15,5.89
Wheat,2007,Whole Year,Haryana,340738.62,2228430.57,1492.09,65.03,3.63,6.54
Wheat,2007,Kharif,Haryana,208982.52,1310320.4,713.16,100.87,0.28,6.27
Maize,2007,Rabi,Haryana,279002.38,2047877.47,1594.28,205.62,1.13,7.34
Maize,2007,Kharif,Haryana,441648.93,2486483.48,575.28,93.64,2.94,5.63
Cotton(lint),2007,Summer,Haryana,299158.49,1462885.02,1214.96,205.46,4.33,4.89
Cotton(lint),2007,Kharif,Haryana,273253.41,1511091.36,1929.05,143.65,3.66,5.53
Sugarcane,2007,Rabi,Haryana,321266.51,37186598.53,773.52,149.45,3.93,115.75
Sugarcane,2007,Kharif,Haryana,203770.69,21626183.33,657.01,111.78,4.29,106.13
Soybean,2007,Whole Year,Haryana,314402.92,1103554.25,928.83,171.13,3.22,3.51
Soybean,2007,Summer,Haryana,316588.3,962428.43,439.06,162.55,0.9,3.04
Groundnut,2007,Summer,Haryana,169597.62,802196.74,1061.21,140.45,3.68,4.73
Groundnut,2007,Kharif,Haryana,301991.93,1011672.97,884.99,88.28,4.21,3.35
Rapeseed &Mustard,2007,Rabi,Haryana,141896.59,407243.21,551.87,173.85,3.24,2.87
Rapeseed &Mustard,2007,Summer,Haryana,192120.82,664738.04,1196.2,170.42,1.56,3.46
Gram,2007,Whole Year,Haryana,107249.98,342127.44,2162.06,111.14,1.35,3.19
Gram,2007,Kharif,Haryana,57004.8,170444.35,1145.98,190.11,4.07,2.99
Arhar/Tur,2007,Rabi,Haryana,302572.88,877461.35,1543.77,199.21,3.75,2.9
Arhar/Tur,2007,Kharif,Haryana,314190.05,923718.75,882.85,239.86,0.95,2.94
Moong(Green Gram),2007,Rabi,Haryana,349254.59,670568.81,1204.21,123.98,4.31,1.92
Moong(Green Gram),2007,Kharif,Haryana,94471.63,256962.83,1927.27,220.26,2.53,2.72
Potato,2007,Whole Year,Haryana,262174.09,9611302.14,1042.19,64.5,2.37,36.66
Potato,2007,Rabi,Haryana,152596.36,7698486.36,2083.94,221.56,1.1,50.45
Onion,2007,Rabi,Haryana,261863.55,8693869.86,2105.99,41.28,0.66,33.2
Onion,2007,Whole Year,Haryana,290695.34,9819688.59,2005.71,183.9,2.39,33.78
Tomato,2007,Whole Year,Haryana,126255.24,5384785.99,1416.91,48.51,1.98,42.65
Tomato,2007,Summer,Haryana,445793.91,19730838.46,900.2,134.62,1.62,44.26
Banana,2007,Whole Year,Haryana,308051.98,21015306.08,1988.39,72.74,3.96,68.22
Banana,2007,Kharif,Haryana,230683.82,15668045.05,2093.24,40.03,1.71,67.92
Rice,2007,Rabi,Karnataka,56964.22,395331.69,959.81,216.04,3.53,6.94
Rice,2007,Kharif,Karnataka,121603.34,870679.91,1997.4,58.83,1.65,7.16
Wheat,2007,Summer,Karnataka,71027.73,639959.85,2105.62,191.04,1.35,9.01
Wheat,2007,Kharif,Karnataka,423604.88,3291409.92,1986.94,138.19,3.53,7.77
Maize,2007,Rabi,Karnataka,52076.51,261424.08,627.05,141.2,1.36,5.02
Maize,2007,Whole Year,Karnataka,242867.61,1653928.42,2143.87,131.68,0.47,6.81
Cotton(lint),2007,Kharif,Karnataka,448583.75,1700132.41,1174.62,97.26,4.1,3.79
Cotton(lint),2007,Summer,Karnataka,182868.63,490087.93,473.95,102.93,1.34,2.68
Sugarcane,2007,Summer,Karnataka,426715.23,41361507.24,1276.15,177.49,3.86,96.93
Sugarcane,2007,Kharif,Karnataka,425996.06,42557006.39,1707.35,76.13,2.13,99.9
Soybean,2007,Whole Year,Karnataka,321424.1,1208554.62,2064.39,138.6,0.7,3.76
Soybean,2007,Kharif,Karnataka,266825.82,941895.14,1268.49,160.74,0.24,3.53
Groundnut,2007,Kharif,Karnataka,172932.26,741879.4,1163.87,180.09,2.8,4.29
Groundnut,2007,Summer,Karnataka,98356.06,417029.69,2138.84,57.43,1.8,4.24
Rapeseed &Mustard,2007,Rabi,Karnataka,236179.56,840799.23,2133.32,157.61,4.43,3.56
Rapeseed &Mustard,2007,Whole Year,Karnataka,252047.78,733459.04,902.82,103.26,4.17,2.91
Gram,2007,Summer,Karnataka,14190.78,33064.52,563.58,209.48,2.91,2.33
Gram,2007,Rabi,Karnataka,241919.01,793494.35,1726.99,161.74,2.23,3.28
Arhar/Tur,2007,Rabi,Karnataka,408533.98,1233772.62,1713.59,184.45,0.54,3.02
Arhar/Tur,2007,Whole Year,Karnataka,105055.44,183847.02,607.91,98.48,1.15,1.75
Moong(Green Gram),2007,Rabi,Karnataka,301357.28,696135.32,1998.89,126.59,2.81,2.31
Moong(Green Gram),2007,Whole Year,Karnataka,435313.99,700855.52,883.48,133.91,0.57,1.61
Potato,2007,Rabi,Karnataka,108686.37,3659470.08,1738.48,187.56,1.56,33.67
Potato,2007,Whole Year,Karnataka,116787.93,3377506.94,446.61,89.89,2.58,28.92
Onion,2007,Summer,Karnataka,429851.23,9951055.97,832.27,97.94,0.99,23.15
Onion,2007,Whole Year,Karnataka,160609.18,5002975.96,1654.62,147.62,1.86,31.15
Tomato,2007,Summer,Karnataka,247619.17,8614670.92,1214.24,65.58,2.94,34.79
Tomato,2007,Whole Year,Karnataka,416549.56,16082978.51,1305.48,169.04,4.12,38.61
Banana,2007,Kharif,Karnataka,197222.01,12002931.53,1011.45,180.99,1.43,60.86
Banana,2007,Summer,Karnataka,80158.17,5020306.19,1651.22,159.41,2.28,62.63
Rice,2007,Kharif,Madhya Pradesh,13591.14,108457.3,1784.39,219.4,2.12,7.98
Rice,2007,Rabi,Madhya Pradesh,95918.74,596614.56,1336.24,129.69,1.31,6.22
Wheat,2007,Kharif,Madhya Pradesh,421488.31,2849260.98,955.03,212.6,3.49,6.76
Wheat,2007,Summer,Madhya Pradesh,90251.55,523458.99,1068.29,135.36,3.32,5.8
Maize,2007,Summer,Madhya Pradesh,293514.71,1943067.38,1803.07,191.11,4.38,6.62
Maize,2007,Kharif,Madhya Pradesh,155872.79,958617.66,1737.93,122.0,3.72,6.15
Cotton(lint),2007,Rabi,Madhya Pradesh,236340.2,872095.34,1550.87,100.98,4.1,3.69
Cotton(lint),2007,Whole Year,Madhya Pradesh,202686.89,968843.33,1761.44,196.77,2.33,4.78
Sugarcane,2007,Rabi,Madhya Pradesh,185064.11,21199093.8,2017.47,218.21,3.15,114.55
Sugarcane,2007,Kharif,Madhya Pradesh,80660.01,7945010.98,830.87,117.77,1.28,98.5
Soybean,2007,Kharif,Madhya Pradesh,328372.24,1185423.79,1407.49,105.39,3.68,3.61
Soybean,2007,Summer,Madhya Pradesh,137937.38,409674.02,531.12,225.85,1.9,2.97
Groundnut,2007,Whole Year,Madhya Pradesh,155859.35,639023.33,1853.86,81.73,0.47,4.1
Groundnut,2007,Summer,Madhya Pradesh,250105.47,1205508.37,1349.64,167.64,1.2,4.82
Rapeseed &Mustard,2007,Rabi,Madhya Pradesh,232894.32,647446.21,1353.23,114.19,1.48,2.78
Rapeseed &Mustard,2007,Kharif,Madhya Pradesh,359627.38,1301851.12,1845.47,117.2,1.42,3.62
Gram,2007,Kharif,Madhya Pradesh,323950.86,897343.88,1045.96,158.11,1.84,2.77
Gram,2007,Summer,Madhya Pradesh,359418.67,743996.65,880.9,81.35,1.18,2.07
Arhar/Tur,2007,Rabi,Madhya Pradesh,197681.16,345942.03,792.89,57.39,0.25,1.75
Arhar/Tur,2007,Summer,Madhya Pradesh,110015.54,242034.19,1243.48,154.17,4.01,2.2
Moong(Green Gram),2007,Kharif,Madhya Pradesh,192737.25,318016.46,1472.92,48.83,1.65,1.65
Moong(Green Gram),2007,Rabi,Madhya Pradesh,101009.35,239392.16,2080.22,102.37,0.89,2.37
Potato,2007,Rabi,Madhya Pradesh,80456.97,3147476.67,1999.36,122.8,0.81,39.12
Potato,2007,Summer,Madhya Pradesh,287863.31,11877240.17,1936.24,184.85,3.99,41.26
Onion,2007,Rabi,Madhya Pradesh,449888.33,10716340.02,1704.88,53.98,2.43,23.82
Onion,2007,Whole Year,Madhya Pradesh,433319.79,10183015.06,716.04,67.29,4.14,23.5
Tomato,2007,Rabi,Madhya Pradesh,269385.28,10934348.52,1483.29,43.55,4.38,40.59
Tomato,2007,Summer,Madhya Pradesh,234291.88,9643453.78,1499.32,85.5,1.44,41.16
Banana,2007,Whole Year,Madhya Pradesh,74546.54,4443719.25,1173.7,90.32,3.37,59.61
Banana,2007,Summer,Madhya Pradesh,25107.87,1490403.16,1039.03,131.2,2.36,59.36
Rice,2007,Summer,Maharashtra,393698.81,3472423.5,2089.69,199.07,3.86,8.82
Rice,2007,Rabi,Maharashtra,136925.01,795534.31,1117.26,96.55,2.21,5.81
Wheat,2007,Rabi,Maharashtra,141123.66,780413.84,576.48,140.63,0.45,5.53
Wheat,2007,Whole Year,Maharashtra,209225.44,1403902.7,1179.85,197.94,3.38,6.71
Maize,2007,Whole Year,Maharashtra,142752.72,829393.3,1793.19,40.94,0.26,5.81
Maize,2007,Summer,Maharashtra,59331.07,384465.33,824.02,225.83,3.9,6.48
Cotton(lint),2007,Summer,Maharashtra,360168.62,1674784.08,2077.83,191.75,3.42,4.65
Cotton(lint),2007,Whole Year,Maharashtra,433007.05,1749348.48,921.86,209.12,1.87,4.04
Sugarcane,2007,Kharif,Maharashtra,163813.5,16256851.74,1102.52,52.28,3.08,99.24
Sugarcane,2007,Summer,Maharashtra,266312.59,26327662.65,1694.56,186.5,2.41,98.86
Soybean,2007,Whole Year,Maharashtra,187620.08,643536.87,1207.93,155.79,0.51,3.43
Soybean,2007,Kharif,Maharashtra,9220.86,30152.21,988.61,161.87,1.38,3.27
Groundnut,2007,Kharif,Maharashtra,166946.73,681142.66,807.07,213.29,3.7,4.08
Groundnut,2007,Rabi,Maharashtra,321953.98,1155814.79,966.91,94.34,0.85,3.59
Rapeseed &Mustard,2007,Rabi,Maharashtra,37770.1,106511.68,1516.0,101.45,3.88,2.82
Rapeseed &Mustard,2007,Whole Year,Maharashtra,86401.98,278214.38,1783.78,85.77,3.5,3.22
Gram,2007,Summer,Maharashtra,241279.2,764855.06,1938.02,31.03,4.23,3.17
Gram,2007,Whole Year,Maharashtra,230052.0,662549.76,1258.69,205.33,3.45,2.88
Arhar/Tur,2007,Summer,Maharashtra,363115.16,570090.8,406.58,97.21,2.01,1.57
Arhar/Tur,2007,Whole Year,Maharashtra,17484.14,38115.43,1558.07,85.13,0.43,2.18
Moong(Green Gram),2007,Summer,Maharashtra,383244.39,659180.35,1269.52,117.37,4.4,1.72
Moong(Green Gram),2007,Rabi,Maharashtra,131694.3,188322.85,710.96,109.67,4.12,1.43
Potato,2007,Summer,Maharashtra,365574.72,13098542.22,1958.84,66.16,3.86,35.83
Potato,2007,Kharif,Maharashtra,295452.48,10237428.43,1088.03,89.18,3.3,34.65
Onion,2007,Kharif,Maharashtra,42537.3,897962.4,1168.8,57.04,4.27,21.11
Onion,2007,Summer,Maharashtra,344953.68,9086079.93,1296.31,95.11,3.69,26.34
Tomato,2007,Summer,Maharashtra,2618.24,86349.56,530.3,90.98,3.99,32.98
Tomato,2007,Whole Year,Maharashtra,438028.27,16101919.21,1823.02,81.02,4.11,36.76
Banana,2007,Rabi,Maharashtra,368819.5,23018024.99,1047.68,143.56,3.11,62.41
Banana,2007,Kharif,Maharashtra,239337.31,16303657.56,1119.5,230.28,2.96,68.12
Rice,2007,Whole Year,Odisha,379228.25,2282954.06,1051.93,168.7,2.22,6.02
Rice,2007,Kharif,Odisha,27777.04,143607.3,1144.02,144.79,2.08,5.17
Wheat,2007,Whole Year,Odisha,159432.02,824263.54,638.44,171.18,2.39,5.17
Wheat,2007,Kharif,Odisha,146903.14,1084145.17,1250.64,214.26,0.37,7.38
Maize,2007,Kharif,Odisha,384651.25,2119428.39,1843.97,103.24,3.18,5.51
Maize,2007,Summer,Odisha,317738.69,1534677.87,1877.51,79.63,3.04,4.83
Cotton(lint),2007,Rabi,Odisha,345162.38,1083809.87,1031.16,109.13,2.49,3.14
Cotton(lint),2007,Whole Year,Odisha,362754.68,1004830.46,903.41,70.22,2.37,2.77
Sugarcane,2007,Rabi,Odisha,35802.04,3542969.88,1041.53,187.01,2.57,98.96
Sugarcane,2007,Summer,Odisha,222257.04,22294603.68,472.12,236.71,1.85,100.31
Soybean,2007,Kharif,Odisha,364052.44,1041189.98,866.92,163.59,2.15,2.86
Soybean,2007,Rabi,Odisha,266071.74,758304.46,1310.39,33.78,4.21,2.85
Groundnut,2007,Rabi,Odisha,328419.88,929428.26,436.61,73.09,2.29,2.83
Groundnut,2007,Whole Year,Odisha,418476.78,1853852.14,1270.83,132.99,0.71,4.43
Rapeseed &Mustard,2007,Whole Year,Odisha,250382.45,671024.97,1127.16,126.62,0.27,2.68
Rapeseed &Mustard,2007,Summer,Odisha,285391.74,673524.51,1210.09,100.94,1.87,2.36
Gram,2007,Kharif,Odisha,82723.86,191092.12,1057.09,120.81,2.88,2.31
Gram,2007,Whole Year,Odisha,82590.0,212256.3,1433.16,163.85,2.59,2.57
Arhar/Tur,2007,Rabi,Odisha,116385.99,244410.58,1132.28,126.61,1.48,2.1
Arhar/Tur,2007,Whole Year,Odisha,236107.52,365966.66,909.4,37.97,4.48,1.55
Moong(Green Gram),2007,Rabi,Odisha,19905.05,26672.77,957.28,97.22,3.8,1.34
Moong(Green Gram),2007,Summer,Odisha,435499.11,901483.16,978.78,239.63,4.48,2.07
Potato,2007,Whole Year,Odisha,218976.87,6902150.94,1595.38,140.89,4.37,31.52
Potato,2007,Kharif,Odisha,47741.35,1563051.8,1639.12,63.28,3.59,32.74
Onion,2007,Rabi,Odisha,5353.88,148570.17,1661.82,53.79,3.52,27.75
Onion,2007,Kharif,Odisha,262974.98,6571744.75,548.38,190.79,0.5,24.99
Tomato,2007,Whole Year,Odisha,425332.54,13899867.41,908.8,126.78,3.09,32.68
Tomato,2007,Summer,Odisha,332473.3,12175172.25,1960.34,161.51,3.08,36.62
Banana,2007,Summer,Odisha,295463.24,19559666.49,1248.99,150.04,0.4,66.2
Banana,2007,Whole Year,Odisha,401094.76,24005521.39,1310.18,46.2,1.52,59.85
Rice,2007,Whole Year,Punjab,433083.21,2615822.59,2002.4,86.77,3.74,6.04
Rice,2007,Rabi,Punjab,141838.13,1216971.16,1445.74,183.28,1.97,8.58
Wheat,2007,Rabi,Punjab,197609.35,1452428.72,1499.84,161.08,0.77,7.35
Wheat,2007,Summer,Punjab,407280.37,3413009.5,1872.13,102.72,3.67,8.38
Maize,2007,Kharif,Punjab,214487.49,1544309.93,2185.04,191.79,1.11,7.2
Maize,2007,Whole Year,Punjab,184597.64,1425093.78,1804.15,191.96,1.18,7.72
Cotton(lint),2007,Rabi,Punjab,79514.83,283867.94,660.88,83.5,4.13,3.57
Cotton(lint),2007,Kharif,Punjab,341018.0,1797164.86,1857.59,216.19,1.33,5.27
Sugarcane,2007,Rabi,Punjab,419633.57,51065209.13,2105.15,107.49,0.78,121.69
Sugarcane,2007,Whole Year,Punjab,420327.34,46328479.41,730.44,83.08,1.95,110.22
Soybean,2007,Whole Year,Punjab,205614.41,633292.38,707.38,86.11,2.39,3.08
Soybean,2007,Kharif,Punjab,254803.41,1070174.32,1686.46,226.92,4.12,4.2
Groundnut,2007,Whole Year,Punjab,197688.77,1120895.33,1373.36,233.27,1.3,5.67
Groundnut,2007,Rabi,Punjab,256479.69,1313176.01,1017.71,147.93,0.51,5.12
Rapeseed &Mustard,2007,Whole Year,Punjab,399479.94,1226403.42,1062.13,59.99,3.19,3.07
Rapeseed &Mustard,2007,Kharif,Punjab,435666.45,1411559.3,1803.2,34.71,2.78,3.24
Gram,2007,Rabi,Punjab,21654.01,78170.98,1603.38,211.18,0.9,3.61
Gram,2007,Kharif,Punjab,411496.03,1279752.65,877.51,219.83,1.58,3.11
Arhar/Tur,2007,Summer,Punjab,441969.77,1666226.03,2169.44,224.25,3.58,3.77
Arhar/Tur,2007,Whole Year,Punjab,184252.46,462473.67,988.19,186.42,0.54,2.51
Moong(Green Gram),2007,Kharif,Punjab,218444.0,397568.08,1038.99,97.35,4.34,1.82
Moong(Green Gram),2007,Whole Year,Punjab,193864.07,445887.36,1975.02,93.31,0.61,2.3
Potato,2007,Rabi,Punjab,296736.09,10940659.64,490.82,51.96,3.99,36.87
Potato,2007,Summer,Punjab,385547.25,18810850.33,2069.81,229.46,2.59,48.79
Onion,2007,Summer,Punjab,35558.24,875443.87,591.03,133.48,0.89,24.62
Onion,2007,Rabi,Punjab,287904.2,8435593.06,632.27,120.37,1.38,29.3
Tomato,2007,Summer,Punjab,32855.38,1319800.61,862.03,179.92,2.26,40.17
Tomato,2007,Rabi,Punjab,199111.14,8796730.17,1787.25,85.44,0.22,44.18
Banana,2007,Summer,Punjab,18161.73,1421700.22,1578.83,122.97,4.28,78.28
Banana,2007,Rabi,Punjab,217319.12,13821496.03,1665.16,44.28,1.03,63.6
Rice,2007,Summer,Rajasthan,106733.3,524060.5,576.14,150.99,2.58,4.91
Rice,2007,Whole Year,Rajasthan,373448.21,1800020.37,1029.65,119.21,0.75,4.82
Wheat,2007,Whole Year,Rajasthan,212117.86,1533612.13,1671.96,227.53,1.62,7.23
Wheat,2007,Rabi,Rajasthan,245235.37,1341437.47,703.19,189.7,4.44,5.47
Maize,2007,Whole Year,Rajasthan,317842.69,1261835.48,821.56,86.62,3.02,3.97
Maize,2007,Summer,Rajasthan,329389.98,1607423.1,677.47,209.69,2.41,4.88
Cotton(lint),2007,Kharif,Rajasthan,233863.79,713284.56,936.5,118.73,1.48,3.05
Cotton(lint),2007,Rabi,Rajasthan,163563.83,547938.83,851.78,173.52,3.14,3.35
Sugarcane,2007,Kharif,Rajasthan,378682.2,40909038.07,1443.58,159.98,1.42,108.03
Sugarcane,2007,Summer,Rajasthan,36500.23,2938268.52,729.71,153.75,2.61,80.5
Soybean,2007,Whole Year,Rajasthan,73543.04,298584.74,2011.06,174.07,1.27,4.06
Soybean,2007,Rabi,Rajasthan,257797.27,716676.41,1128.14,106.36,1.13,2.78
Groundnut,2007,Kharif,Rajasthan,150064.0,417177.92,528.12,48.8,2.07,2.78
Groundnut,2007,Rabi,Rajasthan,137524.76,556975.28,1638.24,211.43,1.49,4.05
Rapeseed &Mustard,2007,Whole Year,Rajasthan,88707.31,227090.71,1642.14,111.98,1.99,2.56
Rapeseed &Mustard,2007,Summer,Rajasthan,45728.68,125296.58,957.34,169.38,3.06,2.74
Gram,2007,Whole Year,Rajasthan,82940.7,243845.66,1176.99,201.69,3.82,2.94
Gram,2007,Summer,Rajasthan,2946.95,6748.52,463.31,221.48,3.53,2.29
Arhar/Tur,2007,Whole Year,Rajasthan,290318.15,682247.65,1011.39,178.67,2.6,2.35
Arhar/Tur,2007,Summer,Rajasthan,52765.02,103947.09,1365.54,121.8,1.35,1.97
Moong(Green Gram),2007,Rabi,Rajasthan,42748.92,82932.9,923.3,236.58,4.33,1.94
Moong(Green Gram),2007,Kharif,Rajasthan,18536.02,43559.65,2022.6,147.06,3.93,2.35
Potato,2007,Rabi,Rajasthan,276568.9,9121242.32,1001.46,201.76,0.36,32.98
Potato,2007,Kharif,Rajasthan,179513.48,6457099.88,1294.9,170.16,0.25,35.97
Onion,2007,Rabi,Rajasthan,43244.59,966084.14,497.58,182.35,0.55,22.34
Onion,2007,Whole Year,Rajasthan,395031.98,13253322.93,1863.67,231.14,4.0,33.55
Tomato,2007,Kharif,Rajasthan,312175.16,9209167.22,706.47,87.06,1.11,29.5
Tomato,2007,Rabi,Rajasthan,390252.46,18287230.28,2114.81,115.02,2.38,46.86
Banana,2007,Rabi,Rajasthan,58837.44,4113325.43,1402.27,228.74,1.98,69.91
Banana,2007,Summer,Rajasthan,418736.65,25660181.91,1906.47,239.05,0.3,61.28
Rice,2007,Whole Year,Tamil Nadu,219995.18,1326570.94,1007.89,145.35,3.42,6.03
Rice,2007,Kharif,Tamil Nadu,324661.09,2795331.98,1584.02,231.41,4.2,8.61
Wheat,2007,Whole Year,Tamil Nadu,263626.25,1921835.36,1385.71,164.5,1.32,7.29
Wheat,2007,Rabi,Tamil Nadu,378279.02,2621473.61,1662.33,195.7,1.71,6.93
Maize,2007,Whole Year,Tamil Nadu,131940.58,872127.23,1974.82,192.07,2.0,6.61
Maize,2007,Summer,Tamil Nadu,423846.52,2454071.35,1486.74,52.11,2.66,5.79
Cotton(lint),2007,Rabi,Tamil Nadu,115226.98,578439.44,1616.16,143.94,1.2,5.02
Cotton(lint),2007,Summer,Tamil Nadu,13342.63,57773.59,1535.53,103.41,1.46,4.33
Sugarcane,2007,Whole Year,Tamil Nadu,374591.48,42010434.48,894.64,183.96,0.6,112.15
Sugarcane,2007,Rabi,Tamil Nadu,318170.0,35135513.1,936.47,116.54,1.16,110.43
Soybean,2007,Rabi,Tamil Nadu,412531.07,1955397.27,1669.89,171.07,1.9,4.74
Soybean,2007,Summer,Tamil Nadu,188143.0,769504.87,1715.22,139.59,0.52,4.09
Groundnut,2007,Whole Year,Tamil Nadu,22003.55,126740.45,1930.31,239.49,4.01,5.76
Groundnut,2007,Summer,Tamil Nadu,104475.72,556855.59,1722.73,93.96,0.96,5.33
Rapeseed &Mustard,2007,Whole Year,Tamil Nadu,406863.73,1163630.27,976.33,170.75,1.01,2.86
Rapeseed &Mustard,2007,Summer,Tamil Nadu,95438.11,284405.57,963.73,67.56,4.08,2.98
Gram,2007,Summer,Tamil Nadu,18065.87,45164.67,1549.38,40.63,4.18,2.5
Gram,2007,Kharif,Tamil Nadu,328417.86,935990.9,1025.12,173.02,1.8,2.85
Arhar/Tur,2007,Summer,Tamil Nadu,405579.34,1082896.84,1751.2,132.61,2.79,2.67
Arhar/Tur,2007,Rabi,Tamil Nadu,147316.55,331462.24,1521.97,41.83,0.3,2.25
Moong(Green Gram),2007,Summer,Tamil Nadu,21294.73,33219.78,1040.39,74.71,3.45,1.56
Moong(Green Gram),2007,Rabi,Tamil Nadu,217843.17,518466.74,1633.79,193.59,0.29,2.38
Potato,2007,Whole Year,Tamil Nadu,365636.64,15093480.5,1754.34,188.2,3.28,41.28
Potato,2007,Kharif,Tamil Nadu,289204.03,11680950.77,469.05,160.51,3.54,40.39
Onion,2007,Summer,Tamil Nadu,302214.09,9773603.67,456.6,182.56,3.79,32.34
Onion,2007,Whole Year,Tamil Nadu,78987.61,2500747.73,980.07,234.6,4.44,31.66
Tomato,2007,Kharif,Tamil Nadu,337317.25,14383207.54,2136.44,45.45,0.43,42.64
Tomato,2007,Summer,Tamil Nadu,276898.91,10987348.75,1268.36,49.67,3.5,39.68
Banana,2007,Rabi,Tamil Nadu,279558.05,19085428.07,1694.18,149.6,3.37,68.27
Banana,2007,Kharif,Tamil Nadu,208135.38,17085833.34,1920.63,218.49,1.34,82.09
Rice,2007,Rabi,Telangana,337980.21,2230669.39,1560.5,104.61,0.41,6.6
Rice,2007,Summer,Telangana,343033.71,2342920.24,1367.28,206.56,0.34,6.83
Wheat,2007,Kharif,Telangana,126121.51,701235.6,1447.36,41.62,0.82,5.56
Wheat,2007,Whole Year,Telangana,288078.95,1627646.07,498.43,115.55,0.96,5.65
Maize,2007,Kharif,Telangana,406421.27,1820767.29,651.5,50.19,2.03,4.48
Maize,2007,Summer,Telangana,237591.68,1085793.98,654.03,30.17,3.68,4.57
Cotton(lint),2007,Kharif,Telangana,253958.23,1147891.2,1329.6,182.67,2.69,4.52
Cotton(lint),2007,Rabi,Telangana,60494.26,290977.39,1850.54,237.84,1.82,4.81
Sugarcane,2007,Summer,Telangana,333866.2,32618727.74,944.75,169.1,0.88,97.7
Sugarcane,2007,Whole Year,Telangana,191697.75,20549998.8,844.97,187.16,1.33,107.2
Soybean,2007,Whole Year,Telangana,251984.13,559404.77,426.16,47.0,2.68,2.22
Soybean,2007,Summer,Telangana,354674.96,1514462.08,1912.72,166.09,1.66,4.27
Groundnut,2007,Summer,Telangana,112400.11,477700.47,983.99,100.19,0.31,4.25
Groundnut,2007,Whole Year,Telangana,403835.67,1712263.24,1332.79,125.66,0.33,4.24
Rapeseed &Mustard,2007,Whole Year,Telangana,132487.76,419986.2,1119.28,209.01,2.35,3.17
Rapeseed &Mustard,2007,Rabi,Telangana,118990.65,533078.11,2118.35,156.75,4.22,4.48
Gram,2007,Whole Year,Telangana,421615.62,927554.36,696.15,79.05,1.33,2.2
Gram,2007,Rabi,Telangana,116000.06,226200.12,437.64,76.85,0.44,1.95
Arhar/Tur,2007,Summer,Telangana,207046.27,457572.26,1052.52,153.2,2.88,2.21
Arhar/Tur,2007,Kharif,Telangana,284149.86,841083.59,2115.83,143.61,3.28,2.96
Moong(Green Gram),2007,Whole Year,Telangana,385600.11,759632.22,2099.37,100.55,2.61,1.97
Moong(Green Gram),2007,Summer,Telangana,394513.94,599661.19,684.92,125.69,2.8,1.52
Potato,2007,Summer,Telangana,391160.03,15505583.59,1422.97,122.3,0.49,39.64
Potato,2007,Whole Year,Telangana,276736.19,10585159.27,1897.89,133.74,0.71,38.25
Onion,2007,Summer,Telangana,290768.75,8781216.25,850.15,205.68,2.4,30.2
Onion,2007,Rabi,Telangana,183843.23,5546550.25,1590.61,215.2,1.96,30.17
Tomato,2007,Whole Year,Telangana,258890.15,9824881.19,1124.09,108.68,0.99,37.95
Tomato,2007,Kharif,Telangana,134340.49,5765893.83,1479.47,193.06,3.42,42.92
Banana,2007,Rabi,Telangana,241217.1,15968572.02,1378.47,167.29,1.86,66.2
Banana,2007,Kharif,Telangana,24794.41,1642381.72,1223.01,145.42,4.02,66.24
Rice,2007,Whole Year,Uttar Pradesh,329477.03,2474372.5,1090.82,228.44,2.27,7.51
Rice,2007,Rabi,Uttar Pradesh,124218.63,710530.56,535.36,178.63,2.28,5.72
Wheat,2007,Whole Year,Uttar Pradesh,220959.26,1409720.08,863.85,215.83,2.68,6.38
Wheat,2007,Rabi,Uttar Pradesh,361508.32,2187125.34,479.46,238.34,0.76,6.05
Maize,2007,Rabi,Uttar Pradesh,39865.22,317327.15,1850.22,170.53,3.35,7.96
Maize,2007,Whole Year,Uttar Pradesh,274258.51,1689432.42,1784.16,123.82,2.23,6.16
Cotton(lint),2007,Summer,Uttar Pradesh,196591.88,910220.4,2149.51,37.89,1.56,4.63
Cotton(lint),2007,Whole Year,Uttar Pradesh,48057.26,158588.96,1531.38,49.96,0.61,3.3
Sugarcane,2007,Rabi,Uttar Pradesh,268726.98,31739343.61,1006.96,85.13,0.72,118.11
Sugarcane,2007,Summer,Uttar Pradesh,162022.88,17091793.61,1255.65,106.34,2.96,105.49
Soybean,2007,Rabi,Uttar Pradesh,65724.96,316794.31,2027.89,233.45,4.47,4.82
Soybean,2007,Summer,Uttar Pradesh,155905.75,417827.41,708.52,46.59,3.18,2.68
Groundnut,2007,Kharif,Uttar Pradesh,238649.17,1164607.95,1604.83,204.63,0.85,4.88
Groundnut,2007,Whole Year,Uttar Pradesh,211073.33,829518.19,1476.95,36.5,1.38,3.93
Rapeseed &Mustard,2007,Summer,Uttar Pradesh,421149.12,977065.96,821.21,47.72,1.31,2.32
Rapeseed &Mustard,2007,Whole Year,Uttar Pradesh,185158.65,440677.59,433.07,86.81,3.66,2.38
Gram,2007,Rabi,Uttar Pradesh,309887.7,703445.08,795.5,122.12,3.56,2.27
Gram,2007,Summer,Uttar Pradesh,356589.38,1301551.24,1909.52,167.5,1.18,3.65
Arhar/Tur,2007,Kharif,Uttar Pradesh,252154.99,811939.07,2130.01,161.75,1.32,3.22
Arhar/Tur,2007,Rabi,Uttar Pradesh,331078.75,619117.26,946.29,102.52,4.46,1.87
Moong(Green Gram),2007,Rabi,Uttar Pradesh,163994.62,378827.57,1761.77,84.05,3.18,2.31
Moong(Green Gram),2007,Summer,Uttar Pradesh,99946.4,208887.98,1618.73,192.17,2.23,2.09
Potato,2007,Kharif,Uttar Pradesh,325463.07,9099947.44,771.15,82.47,1.65,27.96
Potato,2007,Whole Year,Uttar Pradesh,335442.59,11441946.74,784.42,32.24,3.54,34.11
Onion,2007,Whole Year,Uttar Pradesh,159388.13,4419832.84,1555.98,81.58,0.67,27.73
Onion,2007,Kharif,Uttar Pradesh,122485.94,3737046.03,1939.2,102.76,4.38,30.51
Tomato,2007,Summer,Uttar Pradesh,423999.98,15942399.25,1998.15,51.48,3.4,37.6
Tomato,2007,Rabi,Uttar Pradesh,212488.05,9243230.17,1679.78,122.2,0.69,43.5
Banana,2007,Whole Year,Uttar Pradesh,293791.89,17865484.83,1792.84,105.26,0.99,60.81
Banana,2007,Rabi,Uttar Pradesh,387103.05,24344910.81,620.73,121.03,1.91,62.89
Rice,2007,Summer,West Bengal,7177.83,37683.61,1266.03,100.01,2.13,5.25
Rice,2007,Rabi,West Bengal,186973.66,1589276.11,1718.9,174.03,3.78,8.5
Wheat,2007,Kharif,West Bengal,328822.11,2709494.19,1359.18,225.52,4.29,8.24
Wheat,2007,Summer,West Bengal,332591.22,2324812.63,2007.34,124.07,2.48,6.99
Maize,2007,Kharif,West Bengal,23894.6,183271.58,1991.64,211.16,2.11,7.67
Maize,2007,Rabi,West Bengal,239770.81,1532135.48,2029.58,47.44,1.02,6.39
Cotton(lint),2007,Whole Year,West Bengal,111780.25,545487.62,1853.22,190.23,1.86,4.88
Cotton(lint),2007,Kharif,West Bengal,89264.38,416864.65,1527.99,173.8,0.74,4.67
Sugarcane,2007,Kharif,West Bengal,298681.49,28419543.77,1134.83,88.9,3.34,95.15
Sugarcane,2007,Whole Year,West Bengal,238660.33,23579640.6,921.98,162.07,0.71,98.8
Soybean,2007,Rabi,West Bengal,609.2,2132.2,628.48,226.06,3.93,3.5
Soybean,2007,Summer,West Bengal,274052.93,1055103.78,2147.63,108.46,3.13,3.85
Groundnut,2007,Whole Year,West Bengal,277268.86,1128484.26,1643.71,114.87,3.96,4.07
Groundnut,2007,Rabi,West Bengal,16775.16,71126.68,1392.05,178.82,0.69,4.24
Rapeseed &Mustard,2007,Rabi,West Bengal,164980.79,496592.18,834.88,171.16,1.05,3.01
Rapeseed &Mustard,2007,Kharif,West Bengal,391533.34,1288144.69,627.15,172.36,2.66,3.29
Gram,2007,Whole Year,West Bengal,189573.29,498577.75,1265.69,109.03,1.76,2.63
Gram,2007,Kharif,West Bengal,196578.38,499309.09,750.63,201.37,3.65,2.54
Arhar/Tur,2007,Rabi,West Bengal,296877.96,929228.01,2037.51,236.3,1.05,3.13
Arhar/Tur,2007,Kharif,West Bengal,1314.51,2721.04,802.87,101.49,4.46,2.07
Moong(Green Gram),2007,Rabi,West Bengal,421288.44,674061.5,1336.29,106.61,3.96,1.6
Moong(Green Gram),2007,Kharif,West Bengal,93673.49,144257.17,1080.03,96.5,3.11,1.54
Potato,2007,Whole Year,West Bengal,86484.48,3016578.66,1133.33,226.76,1.82,34.88
Potato,2007,Rabi,West Bengal,57601.59,1849587.05,505.37,94.14,0.88,32.11
Onion,2007,Kharif,West Bengal,416983.23,14365072.27,2016.62,183.64,1.78,34.45
Onion,2007,Rabi,West Bengal,440405.01,14110576.52,1707.89,225.03,3.66,32.04
Tomato,2007,Whole Year,West Bengal,404059.21,15734065.64,1029.81,145.78,1.75,38.94
Tomato,2007,Kharif,West Bengal,236550.81,7775425.12,765.39,124.89,3.63,32.87
Banana,2007,Whole Year,West Bengal,246835.66,18705206.31,1664.93,196.47,2.91,75.78
Banana,2007,Summer,West Bengal,304965.16,16007621.25,443.97,116.47,1.63,52.49
Rice,2008,Rabi,Andhra Pradesh,300678.9,1644713.58,473.07,112.06,3.6,5.47
Rice,2008,Whole Year,Andhra Pradesh,92305.26,669213.14,844.97,239.18,0.64,7.25
Wheat,2008,Rabi,Andhra Pradesh,147780.91,979787.43,778.32,134.51,2.25,6.63
Wheat,2008,Whole Year,Andhra Pradesh,272358.39,1737646.53,1264.23,201.29,0.47,6.38
Maize,2008,Summer,Andhra Pradesh,31805.82,159347.16,1460.08,139.34,3.39,5.01
Maize,2008,Kharif,Andhra Pradesh,179440.19,866696.12,447.6,100.47,4.4,4.83
Cotton(lint),2008,Rabi,Andhra Pradesh,364758.8,1623176.66,1834.33,56.79,4.08,4.45
Cotton(lint),2008,Kharif,Andhra Pradesh,201498.65,902713.95,1186.52,194.75,0.6,4.48
Sugarcane,2008,Summer,Andhra Pradesh,378727.17,45848711.2,1511.85,165.33,0.32,121.06
Sugarcane,2008,Rabi,Andhra Pradesh,116936.3,13648804.94,1675.62,75.12,0.37,116.72
Soybean,2008,Kharif,Andhra Pradesh,446922.77,1877075.63,1764.94,196.66,2.85,4.2
Soybean,2008,Summer,Andhra Pradesh,35858.6,95742.46,709.37,42.44,0.65,2.67
Groundnut,2008,Whole Year,Andhra Pradesh,93130.16,363207.62,1194.21,43.65,3.75,3.9
Groundnut,2008,Summer,Andhra Pradesh,335093.51,1903331.14,1515.0,198.65,2.06,5.68
Rapeseed &Mustard,2008,Whole Year,Andhra Pradesh,128425.81,306937.69,705.98,100.42,2.81,2.39
Rapeseed &Mustard,2008,Summer,Andhra Pradesh,56651.45,121800.62,448.02,32.61,3.98,2.15
Gram,2008,Kharif,Andhra Pradesh,15255.06,39205.5,1242.15,165.79,3.77,2.57
Gram,2008,Rabi,Andhra Pradesh,143106.22,370645.11,907.47,141.48,0.42,2.59
Arhar/Tur,2008,Summer,Andhra Pradesh,379564.68,774311.95,1051.19,32.17,2.89,2.04
Arhar/Tur,2008,Rabi,Andhra Pradesh,435554.13,1345862.26,1953.35,124.25,0.47,3.09
Moong(Green Gram),2008,Whole Year,Andhra Pradesh,273665.56,539121.15,1368.65,128.45,1.46,1.97
Moong(Green Gram),2008,Rabi,Andhra Pradesh,72691.11,106129.02,1013.23,98.04,2.72,1.46
Potato,2008,Whole Year,Andhra Pradesh,253289.08,10711595.19,1607.49,177.65,1.45,42.29
Potato,2008,Rabi,Andhra Pradesh,345134.0,14933948.18,2145.2,186.71,0.96,43.27
Onion,2008,Kharif,Andhra Pradesh,265583.2,9136062.08,1209.84,210.26,4.31,34.4
Onion,2008,Rabi,Andhra Pradesh,262708.14,7891752.53,1369.09,125.44,1.1,30.04
Tomato,2008,Rabi,Andhra Pradesh,30379.67,1053263.16,402.85,139.89,1.68,34.67
Tomato,2008,Whole Year,Andhra Pradesh,75111.26,3358224.43,1742.61,109.44,2.23,44.71
Banana,2008,Summer,Andhra Pradesh,188879.95,10418618.04,1809.97,86.35,3.2,55.16
Banana,2008,Kharif,Andhra Pradesh,86730.33,5860368.4,1000.87,182.82,3.08,67.57
Rice,2008,Whole Year,Assam,93473.28,610380.52,1577.24,117.41,0.97,6.53
Rice,2008,Kharif,Assam,386473.09,2388403.7,611.46,194.99,3.1,6.18
Wheat,2008,Rabi,Assam,328942.5,2641408.27,2052.42,221.49,3.38,8.03
Wheat,2008,Summer,Assam,92097.33,618894.06,1737.22,173.98,3.46,6.72
Maize,2008,Kharif,Assam,448024.09,2020588.65,854.79,121.72,2.44,4.51
Maize,2008,Whole Year,Assam,199898.07,967506.66,707.98,213.38,3.23,4.84
Cotton(lint),2008,Summer,Assam,351987.7,1041883.59,680.17,112.31,2.31,2.96
Cotton(lint),2008,Kharif,Assam,142767.55,326937.69,464.05,58.71,3.49,2.29
Sugarcane,2008,Whole Year,Assam,81957.51,7236848.13,1858.55,58.36,2.22,88.3
Sugarcane,2008,Summer,Assam,142589.15,13136738.39,1164.09,94.96,1.41,92.13
Soybean,2008,Summer,Assam,311038.65,1010875.61,1816.54,54.43,1.75,3.25
Soybean,2008,Kharif,Assam,385808.23,883500.85,487.11,61.19,1.98,2.29
Groundnut,2008,Summer,Assam,206063.82,966439.32,1923.15,124.99,2.02,4.69
Groundnut,2008,Whole Year,Assam,242068.91,689896.39,440.51,123.26,3.56,2.85
Rapeseed &Mustard,2008,Whole Year,Assam,435903.08,911037.44,570.83,111.9,1.95,2.09
Rapeseed &Mustard,2008,Rabi,Assam,79901.04,258080.36,913.65,230.73,3.36,3.23
Gram,2008,Summer,Assam,362015.39,926759.4,1586.48,113.59,2.41,2.56
Gram,2008,Rabi,Assam,174960.59,456647.14,572.24,222.06,0.59,2.61
Arhar/Tur,2008,Whole Year,Assam,75591.52,195782.04,2187.1,148.23,1.73,2.59
Arhar/Tur,2008,Summer,Assam,299036.67,708716.91,1154.9,232.74,3.14,2.37
Moong(Green Gram),2008,Rabi,Assam,244143.99,556648.3,2054.27,218.98,2.13,2.28
Moong(Green Gram),2008,Kharif,Assam,174800.07,223744.09,916.36,86.4,3.9,1.28
Potato,2008,Summer,Assam,148296.41,4576427.21,1586.79,91.73,1.13,30.86
Potato,2008,Whole Year,Assam,48109.1,1369666.08,433.56,198.97,0.79,28.47
Onion,2008,Whole Year,Assam,231128.21,7409970.41,1607.34,207.94,0.24,32.06
Onion,2008,Summer,Assam,333270.71,8808344.87,1377.11,141.23,1.7,26.43
Tomato,2008,Whole Year,Assam,1109.31,42198.15,1294.76,188.09,3.74,38.04
Tomato,2008,Summer,Assam,283970.97,9566981.98,543.14,132.49,0.87,33.69
Banana,2008,Rabi,Assam,410001.56,25957198.76,2187.69,52.28,1.2,63.31
Banana,2008,Whole Year,Assam,381863.77,17745209.39,436.72,156.94,1.39,46.47
Rice,2008,Summer,Bihar,194006.87,1094198.75,1241.03,80.42,4.05,5.64
Rice,2008,Kharif,Bihar,364602.99,2515760.63,1400.27,228.88,2.37,6.9
Wheat,2008,Kharif,Bihar,372307.59,1664214.93,1165.0,87.84,1.34,4.47
Wheat,2008,Rabi,Bihar,198334.29,1265372.77,564.05,180.91,1.12,6.38
Maize,2008,Kharif,Bihar,102886.36,506200.89,1450.94,108.01,2.13,4.92
Maize,2008,Rabi,Bihar,70510.35,456907.07,1984.76,121.08,1.97,6.48
Cotton(lint),2008,Whole Year,Bihar,419038.64,1659393.01,2129.84,32.75,0.94,3.96
Cotton(lint),2008,Rabi,Bihar,29092.24,96004.39,797.94,137.61,2.55,3.3
Sugarcane,2008,Rabi,Bihar,146813.75,12771328.11,658.64,179.09,2.5,86.99
Sugarcane,2008,Kharif,Bihar,272994.38,26496834.52,1006.46,152.95,1.56,97.06
Soybean,2008,Whole Year,Bihar,272987.91,690659.41,1342.77,35.14,3.6,2.53
Soybean,2008,Kharif,Bihar,157757.68,479583.35,1529.51,194.73,2.99,3.04
Groundnut,2008,Rabi,Bihar,334950.23,1158927.8,1305.79,44.24,3.31,3.46
Groundnut,2008,Summer,Bihar,299024.52,1450268.92,1167.87,216.72,3.83,4.85
Rapeseed &Mustard,2008,Summer,Bihar,397565.69,1069451.71,1292.29,95.78,3.44,2.69
Rapeseed &Mustard,2008,Rabi,Bihar,389644.39,1126072.29,1703.96,114.8,1.12,2.89
Gram,2008,Kharif,Bihar,191393.22,354077.46,675.33,199.34,2.39,1.85
Gram,2008,Summer,Bihar,54790.4,115059.84,1167.01,90.39,0.89,2.1
Arhar/Tur,2008,Summer,Bihar,24742.7,57155.64,1329.78,136.0,0.84,2.31
Arhar/Tur,2008,Kharif,Bihar,88818.95,142110.32,852.57,66.45,4.32,1.6
Moong(Green Gram),2008,Kharif,Bihar,173580.28,343688.95,1731.29,117.7,3.37,1.98
Moong(Green Gram),2008,Whole Year,Bihar,114316.76,182906.82,848.07,153.98,0.5,1.6
Potato,2008,Rabi,Bihar,179652.37,4119428.84,706.27,83.49,1.33,22.93
Potato,2008,Summer,Bihar,426505.9,15695417.12,627.47,234.48,1.19,36.8
Onion,2008,Kharif,Bihar,158384.1,3780628.47,1861.57,97.1,0.9,23.87
Onion,2008,Summer,Bihar,7740.64,137009.33,610.68,68.83,0.69,17.7
Tomato,2008,Summer,Bihar,26475.79,829486.5,653.18,180.49,2.08,31.33
Tomato,2008,Whole Year,Bihar,228293.13,7093067.55,627.78,130.09,3.48,31.07
Banana,2008,Kharif,Bihar,66535.55,4291542.98,1393.89,188.09,1.41,64.5
Banana,2008,Summer,Bihar,70326.81,3962212.48,1599.9,157.12,0.57,56.34
Rice,2008,Kharif,Gujarat,294752.23,1809778.69,1676.77,153.1,1.74,6.14
Rice,2008,Summer,Gujarat,38201.25,294531.64,2187.05,56.71,0.51,7.71
Wheat,2008,Kharif,Gujarat,187804.33,1156874.67,1093.76,142.19,3.82,6.16
Wheat,2008,Summer,Gujarat,295109.36,1832629.13,414.88,193.79,3.07,6.21
Maize,2008,Rabi,Gujarat,263109.04,1628644.96,2056.35,40.32,2.67,6.19
Maize,2008,Kharif,Gujarat,394393.41,2125780.48,434.28,183.82,4.21,5.39
Cotton(lint),2008,Summer,Gujarat,293849.72,981458.06,510.34,140.37,2.34,3.34
Cotton(lint),2008,Kharif,Gujarat,189322.5,711852.6,1494.32,52.0,2.15,3.76
Sugarcane,2008,Kharif,Gujarat,387523.47,44921720.64,1508.12,32.68,3.19,115.92
Sugarcane,2008,Whole Year,Gujarat,292261.73,27384924.1,1030.43,222.59,0.78,93.7
Soybean,2008,Whole Year,Gujarat,412604.56,1105780.22,1408.31,62.3,3.61,2.68
Soybean,2008,Kharif,Gujarat,3769.13,10666.64,509.64,120.06,1.92,2.83
Groundnut,2008,Kharif,Gujarat,79005.2,370534.39,1927.82,92.62,2.77,4.69
Groundnut,2008,Summer,Gujarat,424034.06,1844548.16,1349.01,98.26,0.88,4.35
Rapeseed &Mustard,2008,Kharif,Gujarat,340069.05,1282060.32,1492.1,161.62,2.94,3.77
Rapeseed &Mustard,2008,Whole Year,Gujarat,443893.1,2001957.88,1718.12,193.16,3.95,4.51
Gram,2008,Summer,Gujarat,65274.73,232378.04,2154.42,156.81,3.36,3.56
Gram,2008,Kharif,Gujarat,226272.55,638088.59,1698.68,31.24,2.75,2.82
Arhar/Tur,2008,Whole Year,Gujarat,441033.35,983504.37,1108.69,77.76,0.94,2.23
Arhar/Tur,2008,Rabi,Gujarat,289776.68,747623.83,558.41,217.64,1.87,2.58
Moong(Green Gram),2008,Kharif,Gujarat,175834.7,455411.87,1954.44,225.14,1.5,2.59
Moong(Green Gram),2008,Whole Year,Gujarat,418898.05,754016.49,842.35,151.16,1.38,1.8
Potato,2008,Whole Year,Gujarat,342968.33,12700117.26,1792.25,213.78,0.31,37.03
Potato,2008,Rabi,Gujarat,153726.92,5706343.27,1812.92,70.33,2.94,37.12
Onion,2008,Whole Year,Gujarat,250787.06,7390694.66,1590.74,154.3,3.37,29.47
Onion,2008,Kharif,Gujarat,52842.26,1515516.02,1473.65,87.75,0.54,28.68
Tomato,2008,Rabi,Gujarat,312383.5,14428993.86,1561.72,174.35,1.8,46.19
Tomato,2008,Summer,Gujarat,348254.5,13170985.19,1220.11,158.5,1.81,37.82
Banana,2008,Whole Year,Gujarat,424203.06,29617857.65,1872.37,153.42,1.28,69.82
Banana,2008,Kharif,Gujarat,214717.29,12326919.62,932.92,138.14,0.91,57.41
Rice,2008,Summer,Haryana,419408.89,3942443.57,2044.44,140.33,3.32,9.4
Rice,2008,Rabi,Haryana,153588.88,924605.06,942.09,151.43,2.34,6.02
Wheat,2008,Whole Year,Haryana,417412.85,3126422.25,1224.91,168.48,4.13,7.49
Wheat,2008,Rabi,Haryana,277759.19,1910983.23,1477.55,91.43,3.14,6.88
Maize,2008,Kharif,Haryana,218504.03,1201772.17,950.04,138.7,1.84,5.5
Maize,2008,Rabi,Haryana,448647.23,2736748.1,1166.0,103.13,3.25,6.1
Cotton(lint),2008,Whole Year,Haryana,10271.61,46633.11,1337.03,112.27,2.68,4.54
Cotton(lint),2008,Kharif,Haryana,443097.64,1763528.61,648.88,120.24,2.03,3.98
Sugarcane,2008,Rabi,Haryana,220677.71,25512550.05,1331.38,120.79,4.46,115.61
Sugarcane,2008,Summer,Haryana,50661.47,7129082.06,1911.58,239.41,1.46,140.72
Soybean,2008,Whole Year,Haryana,103145.85,311500.47,796.2,72.25,4.17,3.02
Soybean,2008,Summer,Haryana,177034.43,672730.83,1307.89,127.51,1.29,3.8
Groundnut,2008,Rabi,Haryana,59748.76,287391.54,1995.86,187.85,2.02,4.81
Groundnut,2008,Whole Year,Haryana,333480.55,1947526.41,1811.54,190.29,3.31,5.84
Rapeseed &Mustard,2008,Rabi,Haryana,335765.98,1463939.67,1830.43,187.03,2.1,4.36
Rapeseed &Mustard,2008,Summer,Haryana,384380.34,1445270.08,1844.43,38.69,1.83,3.76
Gram,2008,Summer,Haryana,219800.53,672589.62,1663.9,137.78,3.95,3.06
Gram,2008,Kharif,Haryana,421486.24,1171731.75,1080.75,151.05,3.61,2.78
Arhar/Tur,2008,Kharif,Haryana,85171.52,229111.39,1031.66,225.41,3.64,2.69
Arhar/Tur,2008,Rabi,Haryana,119891.45,280545.99,1667.84,198.58,1.23,2.34
Moong(Green Gram),2008,Rabi,Haryana,214306.94,610774.78,1485.05,237.06,4.23,2.85
Moong(Green Gram),2008,Summer,Haryana,402832.49,866089.85,1107.31,231.97,1.99,2.15
Potato,2008,Kharif,Haryana,422629.59,14386311.24,850.0,142.38,3.17,34.04
Potato,2008,Whole Year,Haryana,264235.82,11787559.93,1832.64,129.77,3.61,44.61
Onion,2008,Kharif,Haryana,182507.41,5761758.93,757.07,231.94,2.4,31.57
Onion,2008,Whole Year,Haryana,160131.73,5505328.88,1132.9,115.93,2.54,34.38
Tomato,2008,Whole Year,Haryana,285631.05,12447801.16,1872.97,164.58,1.53,43.58
Tomato,2008,Summer,Haryana,143555.62,6159971.65,832.13,146.95,0.67,42.91
Banana,2008,Kharif,Haryana,166168.83,13471307.05,2128.02,202.3,3.87,81.07
Banana,2008,Whole Year,Haryana,128889.16,8790240.71,887.64,209.64,0.34,68.2
Rice,2008,Rabi,Karnataka,270811.14,1735899.41,1382.89,153.97,4.22,6.41
Rice,2008,Whole Year,Karnataka,81946.91,535932.79,1609.5,126.49,4.46,6.54
Wheat,2008,Rabi,Karnataka,429287.4,3614599.91,1865.58,219.84,0.27,8.42
Wheat,2008,Summer,Karnataka,425560.54,3212982.08,1197.29,155.85,2.25,7.55
Maize,2008,Rabi,Karnataka,73304.25,528523.64,1661.47,224.63,1.81,7.21
Maize,2008,Whole Year,Karnataka,358385.58,1515971.0,406.78,162.59,2.77,4.23
Cotton(lint),2008,Whole Year,Karnataka,111509.97,458305.98,1821.79,163.25,2.49,4.11
Cotton(lint),2008,Kharif,Karnataka,370320.05,1355371.38,1212.53,135.3,2.44,3.66
Sugarcane,2008,Rabi,Karnataka,54593.03,5549927.43,577.37,189.07,1.16,101.66
Sugarcane,2008,Kharif,Karnataka,152720.15,13112552.08,627.66,117.04,0.26,85.86
Soybean,2008,Whole Year,Karnataka,316919.19,1080694.44,1286.54,222.13,2.3,3.41
Soybean,2008,Kharif,Karnataka,138790.96,383063.05,476.2,163.04,1.27,2.76
Groundnut,2008,Rabi,Karnataka,363332.79,1609564.26,1763.32,104.96,4.45,4.43
Groundnut,2008,Summer,Karnataka,347630.49,1320995.86,1182.38,99.47,0.97,3.8
Rapeseed &Mustard,2008,Rabi,Karnataka,255170.52,1013026.96,2123.16,96.81,1.14,3.97
Rapeseed &Mustard,2008,Whole Year,Karnataka,101595.23,312913.31,537.9,200.21,4.4,3.08
Gram,2008,Rabi,Karnataka,448504.34,1489034.41,2007.88,137.81,3.75,3.32
Gram,2008,Summer,Karnataka,274382.02,820402.24,1241.24,161.56,3.62,2.99
Arhar/Tur,2008,Summer,Karnataka,242477.7,695911.0,1417.13,229.23,4.08,2.87
Arhar/Tur,2008,Whole Year,Karnataka,424570.93,755736.26,577.29,85.68,2.33,1.78
Moong(Green Gram),2008,Kharif,Karnataka,29306.02,50699.41,723.1,190.78,2.32,1.73
Moong(Green Gram),2008,Rabi,Karnataka,121280.98,246200.39,1025.68,179.68,2.59,2.03
Potato,2008,Whole Year,Karnataka,362355.45,13149879.28,1065.8,166.19,3.32,36.29
Potato,2008,Summer,Karnataka,277492.8,8729923.49,1171.71,68.29,4.25,31.46
Onion,2008,Whole Year,Karnataka,80623.44,2464658.56,2028.29,101.54,1.82,30.57
Onion,2008,Kharif,Karnataka,62424.44,1963872.88,1064.3,181.64,0.95,31.46
Tomato,2008,Kharif,Karnataka,207705.83,8808804.25,1613.2,143.72,3.83,42.41
Tomato,2008,Summer,Karnataka,385400.17,13751078.07,602.29,103.02,3.97,35.68
Banana,2008,Whole Year,Karnataka,317560.53,19663348.02,1323.79,153.04,0.97,61.92
Banana,2008,Summer,Karnataka,51506.4,3684767.86,1384.02,178.95,0.42,71.54
Rice,2008,Kharif,Madhya Pradesh,239333.19,1701658.98,1850.05,196.18,2.7,7.11
Rice,2008,Rabi,Madhya Pradesh,23004.0,155507.04,1972.54,45.87,1.26,6.76
Wheat,2008,Kharif,Madhya Pradesh,415219.11,1777137.79,502.1,36.19,0.97,4.28
Wheat,2008,Rabi,Madhya Pradesh,395660.05,2916014.57,1862.96,169.61,1.66,7.37
Maize,2008,Summer,Madhya Pradesh,449378.48,2242398.62,823.73,182.67,1.83,4.99
Maize,2008,Rabi,Madhya Pradesh,10645.08,47370.61,1636.47,91.74,2.61,4.45
Cotton(lint),2008,Whole Year,Madhya Pradesh,6161.47,16697.58,572.81,92.39,0.43,2.71
Cotton(lint),2008,Rabi,Madhya Pradesh,315920.28,808755.92,494.76,42.45,1.51,2.56
Sugarcane,2008,Rabi,Madhya Pradesh,269383.01,25779954.06,875.93,140.8,2.43,95.7
Sugarcane,2008,Summer,Madhya Pradesh,262557.82,29535129.17,1122.98,229.31,3.54,112.49
Soybean,2008,Whole Year,Madhya Pradesh,251638.79,664326.41,507.12,87.4,4.18,2.64
Soybean,2008,Rabi,Madhya Pradesh,449773.61,1227881.96,873.53,150.98,3.19,2.73
Groundnut,2008,Kharif,Madhya Pradesh,321998.97,975656.88,708.13,51.94,1.22,3.03
Groundnut,2008,Summer,Madhya Pradesh,20534.23,91993.35,2147.03,180.37,1.59,4.48
Rapeseed &Mustard,2008,Summer,Madhya Pradesh,399459.33,1102507.75,909.43,121.97,1.73,2.76
Rapeseed &Mustard,2008,Rabi,Madhya Pradesh,371424.22,1181129.02,948.78,237.94,0.53,3.18
Gram,2008,Summer,Madhya Pradesh,331171.38,781564.46,1276.63,200.77,4.3,2.36
Gram,2008,Whole Year,Madhya Pradesh,209533.38,678888.15,1641.81,215.64,1.09,3.24
Arhar/Tur,2008,Kharif,Madhya Pradesh,290657.41,581314.82,1113.44,46.35,1.81,2.0
Arhar/Tur,2008,Whole Year,Madhya Pradesh,72508.29,158068.07,414.01,188.13,0.66,2.18
Moong(Green Gram),2008,Whole Year,Madhya Pradesh,84249.39,116264.16,579.51,106.3,2.36,1.38
Moong(Green Gram),2008,Rabi,Madhya Pradesh,81041.26,153978.39,1564.73,127.5,2.33,1.9
Potato,2008,Whole Year,Madhya Pradesh,209393.8,6646159.21,1508.1,49.96,4.29,31.74
Potato,2008,Kharif,Madhya Pradesh,427556.09,11928814.91,723.0,35.34,0.37,27.9
Onion,2008,Whole Year,Madhya Pradesh,245266.82,5491524.1,1358.16,45.93,3.2,22.39
Onion,2008,Rabi,Madhya Pradesh,211510.97,6448969.48,1696.58,141.18,1.9,30.49
Tomato,2008,Summer,Madhya Pradesh,434761.89,17490470.83,1898.03,89.77,1.76,40.23
Tomato,2008,Whole Year,Madhya Pradesh,77989.52,2964381.66,1043.47,183.18,4.34,38.01
Banana,2008,Rabi,Madhya Pradesh,380196.77,20568645.26,1153.09,122.58,2.93,54.1
Banana,2008,Summer,Madhya Pradesh,156004.31,9505342.61,1026.34,128.5,1.64,60.93
Rice,2008,Rabi,Maharashtra,187668.28,1157913.29,1211.63,203.65,0.62,6.17
Rice,2008,Whole Year,Maharashtra,139836.07,1085127.9,2078.58,82.18,2.96,7.76
Wheat,2008,Kharif,Maharashtra,313842.47,2341264.83,1456.28,204.88,0.51,7.46
Wheat,2008,Summer,Maharashtra,170932.81,1251228.17,1012.49,160.37,4.03,7.32
Maize,2008,Rabi,Maharashtra,140463.26,804854.48,1969.24,62.73,1.09,5.73
Maize,2008,Summer,Maharashtra,321001.07,1637105.46,683.87,82.98,0.87,5.1
Cotton(lint),2008,Summer,Maharashtra,246651.59,678291.87,660.13,58.13,4.26,2.75
Cotton(lint),2008,Whole Year,Maharashtra,183252.23,775156.93,1040.12,196.11,2.39,4.23
Sugarcane,2008,Kharif,Maharashtra,327225.17,37915580.45,1674.15,62.19,4.13,115.87
Sugarcane,2008,Summer,Maharashtra,102915.51,10497382.02,1282.4,105.24,3.76,102.0
Soybean,2008,Kharif,Maharashtra,92813.0,380533.3,1727.01,176.94,1.26,4.1
Soybean,2008,Rabi,Maharashtra,325178.87,926759.78,742.82,122.85,0.51,2.85
Groundnut,2008,Rabi,Maharashtra,174486.76,776466.08,1412.75,198.62,2.04,4.45
Groundnut,2008,Summer,Maharashtra,411079.12,1927961.07,896.0,198.17,4.15,4.69
Rapeseed &Mustard,2008,Kharif,Maharashtra,10221.33,31175.06,1270.47,135.22,1.58,3.05
Rapeseed &Mustard,2008,Whole Year,Maharashtra,302682.19,1004904.87,1808.31,141.46,2.74,3.32
Gram,2008,Rabi,Maharashtra,230328.46,732444.5,2117.92,130.5,3.21,3.18
Gram,2008,Summer,Maharashtra,406003.95,1526574.85,2051.42,225.44,1.36,3.76
Arhar/Tur,2008,Whole Year,Maharashtra,118516.33,215699.72,470.66,94.14,3.4,1.82
Arhar/Tur,2008,Summer,Maharashtra,205165.63,533430.64,1656.53,111.47,0.89,2.6
Moong(Green Gram),2008,Summer,Maharashtra,231200.74,434657.39,1456.92,130.06,1.6,1.88
Moong(Green Gram),2008,Whole Year,Maharashtra,411540.95,724312.07,437.16,232.09,2.19,1.76
Potato,2008,Summer,Maharashtra,172704.09,7849400.89,1904.03,233.11,2.09,45.45
Potato,2008,Kharif,Maharashtra,192393.94,6200856.69,1393.63,78.5,3.4,32.23
Onion,2008,Whole Year,Maharashtra,93438.86,2449966.91,759.43,136.34,3.09,26.22
Onion,2008,Rabi,Maharashtra,434644.53,15903643.35,2094.94,211.66,2.35,36.59
Tomato,2008,Kharif,Maharashtra,386919.66,11301923.27,863.96,77.55,2.27,29.21
Tomato,2008,Summer,Maharashtra,122701.4,4527681.66,705.47,180.88,3.51,36.9
Banana,2008,Whole Year,Maharashtra,350690.85,22696711.81,869.14,64.21,1.65,64.72
Banana,2008,Summer,Maharashtra,59328.91,4016567.21,1223.62,86.34,3.82,67.7
Rice,2008,Summer,Odisha,335941.58,2365028.72,1488.3,174.14,0.28,7.04
Rice,2008,Kharif,Odisha,4700.56,21904.61,459.36,208.9,3.14,4.66
Wheat,2008,Kharif,Odisha,157447.59,1086388.37,1606.58,164.91,4.2,6.9
Wheat,2008,Rabi,Odisha,154007.45,1128874.61,1803.24,150.79,4.44,7.33
Maize,2008,Kharif,Odisha,446257.04,2253598.05,755.33,150.86,4.18,5.05
Maize,2008,Whole Year,Odisha,342520.72,1924966.45,2174.85,67.89,3.49,5.62
Cotton(lint),2008,Whole Year,Odisha,83750.78,319927.98,1626.36,142.01,2.41,3.82
Cotton(lint),2008,Kharif,Odisha,407742.12,1129445.67,474.25,120.65,0.42,2.77
Sugarcane,2008,Summer,Odisha,291376.51,22412681.15,459.49,30.24,0.54,76.92
Sugarcane,2008,Whole Year,Odisha,17634.15,1939227.48,1278.57,179.53,3.94,109.97
Soybean,2008,Rabi,Odisha,186923.74,809379.79,2074.63,194.83,1.06,4.33
Soybean,2008,Summer,Odisha,252167.48,925454.65,1821.41,185.15,2.89,3.67
Groundnut,2008,Summer,Odisha,117168.74,476876.77,1590.49,36.73,0.56,4.07
Groundnut,2008,Kharif,Odisha,344316.33,1067380.62,439.88,135.36,1.38,3.1
Rapeseed &Mustard,2008,Whole Year,Odisha,388356.73,1370899.26,1255.75,238.83,4.41,3.53
Rapeseed &Mustard,2008,Rabi,Odisha,179403.89,439539.53,1055.9,32.55,1.27,2.45
Gram,2008,Rabi,Odisha,447984.64,788452.97,613.93,33.14,4.03,1.76
Gram,2008,Summer,Odisha,365051.41,1149911.94,1946.18,238.23,1.46,3.15
Arhar/Tur,2008,Whole Year,Odisha,355593.65,792973.84,1867.37,47.79,2.88,2.23
Arhar/Tur,2008,Rabi,Odisha,331287.94,1056808.53,1909.3,229.41,3.94,3.19
Moong(Green Gram),2008,Whole Year,Odisha,69944.71,119605.45,1120.58,106.96,2.61,1.71
Moong(Green Gram),2008,Kharif,Odisha,151124.05,205528.71,462.11,90.51,3.5,1.36
Potato,2008,Summer,Odisha,118881.95,3565269.68,777.76,155.81,0.58,29.99
Potato,2008,Kharif,Odisha,324438.67,9931067.69,1398.65,118.8,2.63,30.61
Onion,2008,Whole Year,Odisha,98142.23,2667505.81,1685.44,107.69,1.4,27.18
Onion,2008,Kharif,Odisha,97353.51,2408525.84,760.63,238.01,3.65,24.74
Tomato,2008,Summer,Odisha,258187.87,8706094.98,796.44,211.06,3.39,33.72
Tomato,2008,Whole Year,Odisha,185357.95,5738682.13,2073.9,102.14,4.34,30.96
Banana,2008,Whole Year,Odisha,76247.33,3752893.58,454.76,98.91,4.11,49.22
Banana,2008,Summer,Odisha,203447.42,11793846.94,2089.24,55.73,1.11,57.97
Rice,2008,Kharif,Punjab,137433.81,795741.76,1377.8,34.3,2.44,5.79
Rice,2008,Rabi,Punjab,260732.26,2153648.47,1564.9,174.25,3.54,8.26
Wheat,2008,Rabi,Punjab,441719.77,4196337.82,2016.66,230.06,1.86,9.5
Wheat,2008,Summer,Punjab,37689.42,349757.82,1883.16,172.19,1.06,9.28
Maize,2008,Summer,Punjab,41563.56,294685.64,1169.33,58.31,4.13,7.09
Maize,2008,Rabi,Punjab,417683.69,2468510.61,1354.47,104.25,3.63,5.91
Cotton(lint),2008,Kharif,Punjab,325591.64,1836336.85,1842.89,196.26,4.4,5.64
Cotton(lint),2008,Rabi,Punjab,385939.62,1370085.65,400.33,106.11,3.37,3.55
Sugarcane,2008,Kharif,Punjab,337456.78,31822174.35,644.6,43.99,4.4,94.3
Sugarcane,2008,Whole Year,Punjab,218662.53,29814635.97,1894.32,229.63,2.93,136.35
Soybean,2008,Kharif,Punjab,197789.48,1062129.51,2115.7,157.72,1.15,5.37
Soybean,2008,Rabi,Punjab,145971.29,456890.14,543.35,152.52,4.28,3.13
Groundnut,2008,Whole Year,Punjab,56514.09,310262.35,1943.78,218.48,4.27,5.49
Groundnut,2008,Rabi,Punjab,168451.55,678859.75,999.24,66.99,2.81,4.03
Rapeseed &Mustard,2008,Rabi,Punjab,143024.41,607853.74,2090.8,107.39,0.43,4.25
Rapeseed &Mustard,2008,Kharif,Punjab,269260.99,875098.22,1281.81,36.75,2.89,3.25
Gram,2008,Kharif,Punjab,108436.92,253742.39,581.45,84.64,0.96,2.34
Gram,2008,Summer,Punjab,302669.25,892874.29,409.61,236.82,3.97,2.95
Arhar/Tur,2008,Summer,Punjab,155481.72,430684.36,2008.57,91.22,2.62,2.77
Arhar/Tur,2008,Rabi,Punjab,251381.3,721464.33,1775.37,160.06,1.2,2.87
Moong(Green Gram),2008,Kharif,Punjab,289414.35,842195.76,2006.94,215.82,3.21,2.91
Moong(Green Gram),2008,Rabi,Punjab,62045.01,81899.41,1013.83,69.42,3.73,1.32
Potato,2008,Rabi,Punjab,116542.1,4484540.01,467.95,152.47,1.19,38.48
Potato,2008,Whole Year,Punjab,306703.56,12212935.76,1753.88,135.75,4.04,39.82
Onion,2008,Rabi,Punjab,86881.64,2953975.76,556.15,100.77,0.75,34.0
Onion,2008,Whole Year,Punjab,260440.73,9196162.18,866.63,220.85,0.29,35.31
Tomato,2008,Kharif,Punjab,223912.13,10190241.04,457.71,158.59,3.28,45.51
Tomato,2008,Rabi,Punjab,102537.08,3786694.36,798.3,63.9,1.8,36.93
Banana,2008,Whole Year,Punjab,434466.28,31190334.24,1149.27,85.75,1.5,71.79
Banana,2008,Rabi,Punjab,273283.48,17315241.29,1279.8,115.68,1.11,63.36
Rice,2008,Summer,Rajasthan,117909.48,654397.61,1321.42,97.12,0.92,5.55
Rice,2008,Kharif,Rajasthan,42862.26,212168.19,709.05,51.53,2.83,4.95
Wheat,2008,Summer,Rajasthan,5231.46,39131.32,2182.67,173.43,2.97,7.48
Wheat,2008,Rabi,Rajasthan,7495.36,45271.97,1562.74,121.31,1.06,6.04
Maize,2008,Rabi,Rajasthan,207414.46,784026.66,471.01,33.04,0.71,3.78
Maize,2008,Summer,Rajasthan,249266.59,1206450.3,457.34,128.55,4.18,4.84
Cotton(lint),2008,Rabi,Rajasthan,32484.29,158848.18,2009.39,216.52,3.88,4.89
Cotton(lint),2008,Summer,Rajasthan,80255.53,322627.23,1259.48,133.87,2.31,4.02
Sugarcane,2008,Summer,Rajasthan,103487.92,11286392.56,817.22,219.29,3.79,109.06
Sugarcane,2008,Rabi,Rajasthan,213709.34,22518553.16,1105.0,222.25,0.74,105.37
Soybean,2008,Rabi,Rajasthan,200742.22,740738.79,1972.61,126.99,0.29,3.69
Soybean,2008,Kharif,Rajasthan,191266.13,636916.21,1948.67,143.85,3.17,3.33
Groundnut,2008,Kharif,Rajasthan,201105.86,776268.62,1139.66,143.1,1.28,3.86
Groundnut,2008,Whole Year,Rajasthan,66811.96,189745.97,573.79,32.82,2.02,2.84
Rapeseed &Mustard,2008,Summer,Rajasthan,135900.97,366932.62,433.43,216.61,1.18,2.7
Rapeseed &Mustard,2008,Whole Year,Rajasthan,343312.74,793052.43,762.63,79.18,2.44,2.31
Gram,2008,Kharif,Rajasthan,192618.29,624083.26,2131.56,181.81,2.97,3.24
Gram,2008,Rabi,Rajasthan,227599.3,807977.51,1932.17,172.99,4.06,3.55
Arhar/Tur,2008,Summer,Rajasthan,352935.77,787046.77,1520.53,96.16,2.53,2.23
Arhar/Tur,2008,Whole Year,Rajasthan,326430.66,776904.97,2137.06,84.68,0.28,2.38
Moong(Green Gram),2008,Summer,Rajasthan,302615.45,605230.9,1493.01,117.3,1.83,2.0
Moong(Green Gram),2008,Whole Year,Rajasthan,291627.38,504515.37,1213.14,233.43,0.56,1.73
Potato,2008,Whole Year,Rajasthan,374221.77,9467810.78,894.23,144.68,1.12,25.3
Potato,2008,Summer,Rajasthan,120383.19,3899211.52,2140.57,63.62,3.59,32.39
Onion,2008,Summer,Rajasthan,419174.28,11808139.47,980.4,224.49,3.61,28.17
Onion,2008,Rabi,Rajasthan,106422.0,2928733.44,2010.14,68.7,1.12,27.52
Tomato,2008,Rabi,Rajasthan,231758.6,9460386.05,1684.22,224.5,0.58,40.82
Tomato,2008,Summer,Rajasthan,366007.95,13670396.93,1500.84,193.61,3.29,37.35
Banana,2008,Whole Year,Rajasthan,216366.4,11802787.12,1522.74,204.34,1.75,54.55
Banana,2008,Rabi,Rajasthan,168941.59,10406801.94,2065.95,204.08,0.67,61.6
Rice,2008,Summer,Tamil Nadu,44846.49,284775.21,1514.37,60.18,2.45,6.35
Rice,2008,Rabi,Tamil Nadu,440232.13,3830019.53,1973.39,105.4,0.4,8.7
Wheat,2008,Kharif,Tamil Nadu,362833.93,2060896.72,902.68,107.28,0.53,5.68
Wheat,2008,Rabi,Tamil Nadu,134247.27,1112909.87,2042.86,70.49,1.87,8.29
Maize,2008,Kharif,Tamil Nadu,215305.75,1091600.15,802.29,178.18,1.02,5.07
Maize,2008,Rabi,Tamil Nadu,430051.81,2029844.54,451.54,71.94,1.24,4.72
Cotton(lint),2008,Summer,Tamil Nadu,135659.74,487018.47,1391.34,90.92,2.84,3.59
Cotton(lint),2008,Whole Year,Tamil Nadu,17553.27,65122.63,664.53,222.59,4.49,3.71
Sugarcane,2008,Kharif,Tamil Nadu,181399.09,22515255.05,1731.11,233.39,2.16,124.12
Sugarcane,2008,Rabi,Tamil Nadu,4110.32,483085.91,1285.75,141.59,1.07,117.53
Soybean,2008,Kharif,Tamil Nadu,369589.18,1045937.38,1183.91,45.19,3.58,2.83
Soybean,2008,Rabi,Tamil Nadu,285383.68,1289934.23,1984.24,216.43,4.32,4.52
Groundnut,2008,Rabi,Tamil Nadu,149006.23,636256.6,1206.54,102.7,1.65,4.27
Groundnut,2008,Summer,Tamil Nadu,436784.73,1939324.2,1398.88,68.41,0.76,4.44
Rapeseed &Mustard,2008,Rabi,Tamil Nadu,80690.01,313884.14,1323.52,200.94,3.54,3.89
Rapeseed &Mustard,2008,Kharif,Tamil Nadu,114770.91,526798.48,1951.75,217.62,1.03,4.59
Gram,2008,Whole Year,Tamil Nadu,139639.13,374232.87,1424.39,81.66,2.34,2.68
Gram,2008,Summer,Tamil Nadu,427065.32,1486187.31,1925.5,99.94,1.92,3.48
Arhar/Tur,2008,Summer,Tamil Nadu,125781.81,225149.44,685.93,71.09,4.38,1.79
Arhar/Tur,2008,Rabi,Tamil Nadu,265970.05,579814.71,1498.32,62.33,3.61,2.18
Moong(Green Gram),2008,Rabi,Tamil Nadu,33053.83,48589.13,931.47,70.64,2.58,1.47
Moong(Green Gram),2008,Summer,Tamil Nadu,289416.99,526738.92,1365.34,87.69,2.26,1.82
Potato,2008,Summer,Tamil Nadu,351534.7,13375895.33,1912.81,97.96,3.81,38.05
Potato,2008,Kharif,Tamil Nadu,408596.82,16699352.03,1053.74,90.3,2.35,40.87
Onion,2008,Rabi,Tamil Nadu,312336.71,11778217.33,1767.21,209.13,4.38,37.71
Onion,2008,Kharif,Tamil Nadu,177719.08,5201837.47,1618.75,129.96,4.47,29.27
Tomato,2008,Whole Year,Tamil Nadu,375818.81,17317730.76,2025.22,201.03,2.17,46.08
Tomato,2008,Kharif,Tamil Nadu,9596.19,358033.85,1343.19,136.06,2.46,37.31
Banana,2008,Whole Year,Tamil Nadu,73189.89,4883961.36,1063.99,119.03,1.75,66.73
Banana,2008,Rabi,Tamil Nadu,257658.87,22859494.95,1935.42,199.24,0.77,88.72
Rice,2008,Whole Year,Telangana,409700.68,2622084.35,988.13,134.73,4.32,6.4
Rice,2008,Kharif,Telangana,113924.13,669873.88,1146.46,47.29,2.81,5.88
Wheat,2008,Kharif,Telangana,421732.07,2825604.87,1529.72,97.59,1.26,6.7
Wheat,2008,Summer,Telangana,75362.24,473274.87,1351.53,153.92,1.48,6.28
Maize,2008,Whole Year,Telangana,97241.68,505656.74,518.67,141.68,0.47,5.2
Maize,2008,Kharif,Telangana,396829.85,2416693.79,1551.21,44.11,1.29,6.09
Cotton(lint),2008,Summer,Telangana,147476.44,645946.81,1196.48,165.86,2.32,4.38
Cotton(lint),2008,Whole Year,Telangana,333038.47,1741791.2,1670.69,142.18,3.12,5.23
Sugarcane,2008,Whole Year,Telangana,186037.0,22847203.97,1775.64,152.34,0.51,122.81
Sugarcane,2008,Kharif,Telangana,428923.43,43917470.0,497.44,155.34,2.04,102.39
Soybean,2008,Rabi,Telangana,431827.88,1545943.81,1465.82,202.1,3.75,3.58
Soybean,2008,Summer,Telangana,296624.36,975894.14,1521.64,133.86,1.11,3.29
Groundnut,2008,Kharif,Telangana,181153.47,789829.13,1436.29,152.51,3.42,4.36
Groundnut,2008,Rabi,Telangana,386301.96,1811756.19,957.58,233.97,0.71,4.69
Rapeseed &Mustard,2008,Kharif,Telangana,423455.31,1308476.91,1338.07,239.42,2.46,3.09
Rapeseed &Mustard,2008,Rabi,Telangana,139863.17,402805.93,852.78,102.12,2.18,2.88
Gram,2008,Summer,Telangana,405483.09,1443519.8,2157.67,219.39,0.75,3.56
Gram,2008,Whole Year,Telangana,445865.21,1337595.63,1250.11,146.31,2.48,3.0
Arhar/Tur,2008,Whole Year,Telangana,403095.23,874716.65,1844.82,59.3,3.54,2.17
Arhar/Tur,2008,Summer,Telangana,114682.51,385333.23,1947.51,177.04,2.56,3.36
Moong(Green Gram),2008,Kharif,Telangana,213526.93,305343.51,748.66,73.76,3.04,1.43
Moong(Green Gram),2008,Summer,Telangana,93883.3,227197.59,1567.74,212.95,3.42,2.42
Potato,2008,Rabi,Telangana,400940.21,14401772.34,861.53,225.4,2.75,35.92
Potato,2008,Kharif,Telangana,95875.08,4555983.8,2040.22,225.96,2.34,47.52
Onion,2008,Kharif,Telangana,276839.54,9855487.62,2025.0,232.08,3.01,35.6
Onion,2008,Whole Year,Telangana,94142.96,3066236.21,1344.44,146.57,3.39,32.57
Tomato,2008,Summer,Telangana,164130.35,6708007.4,2126.99,123.23,3.45,40.87
Tomato,2008,Rabi,Telangana,257555.43,11984054.16,2009.75,129.79,4.26,46.53
Banana,2008,Kharif,Telangana,309532.19,17426662.3,1246.52,126.35,4.43,56.3
Banana,2008,Summer,Telangana,143712.66,9398807.96,2010.55,134.31,2.78,65.4
Rice,2008,Kharif,Uttar Pradesh,123954.36,947011.31,1715.15,204.83,3.27,7.64
Rice,2008,Rabi,Uttar Pradesh,320597.07,2356388.46,1160.84,166.81,1.31,7.35
Wheat,2008,Summer,Uttar Pradesh,45087.94,322378.77,2036.0,75.15,1.08,7.15
Wheat,2008,Whole Year,Uttar Pradesh,276566.13,1557067.31,738.76,89.91,2.25,5.63
Maize,2008,Rabi,Uttar Pradesh,64805.78,433550.67,2064.34,51.84,1.87,6.69
Maize,2008,Whole Year,Uttar Pradesh,139200.64,870004.0,2185.41,38.11,0.75,6.25
Cotton(lint),2008,Kharif,Uttar Pradesh,397292.56,1918923.06,1857.05,233.25,2.25,4.83
Cotton(lint),2008,Whole Year,Uttar Pradesh,83373.52,325156.73,1197.54,64.81,4.42,3.9
Sugarcane,2008,Summer,Uttar Pradesh,374832.38,35335448.46,987.38,182.85,0.6,94.27
Sugarcane,2008,Kharif,Uttar Pradesh,337513.92,37788058.48,645.25,218.56,1.24,111.96
Soybean,2008,Summer,Uttar Pradesh,88342.45,210255.03,420.08,80.89,3.12,2.38
Soybean,2008,Kharif,Uttar Pradesh,399574.24,1266650.34,1648.76,112.87,1.8,3.17
Groundnut,2008,Rabi,Uttar Pradesh,441417.5,1796569.23,1395.09,35.25,2.8,4.07
Groundnut,2008,Summer,Uttar Pradesh,385527.4,1777281.31,1267.77,194.48,0.82,4.61
Rapeseed &Mustard,2008,Rabi,Uttar Pradesh,74847.71,291157.59,1798.89,78.09,2.46,3.89
Rapeseed &Mustard,2008,Summer,Uttar Pradesh,394781.13,1290934.3,1961.95,124.73,0.27,3.27
Gram,2008,Kharif,Uttar Pradesh,144947.32,388458.82,1704.3,89.82,3.44,2.68
Gram,2008,Summer,Uttar Pradesh,84122.31,307887.65,2082.17,235.14,3.38,3.66
Arhar/Tur,2008,Whole Year,Uttar Pradesh,284035.49,630558.79,1457.61,104.25,2.27,2.22
Arhar/Tur,2008,Rabi,Uttar Pradesh,314391.84,770260.01,1180.65,72.48,1.12,2.45
Moong(Green Gram),2008,Whole Year,Uttar Pradesh,362956.7,558953.32,695.47,122.93,2.32,1.54
Moong(Green Gram),2008,Kharif,Uttar Pradesh,143236.77,227746.46,1049.35,170.56,2.92,1.59
Potato,2008,Rabi,Uttar Pradesh,388323.45,14713575.52,1316.35,120.98,1.82,37.89
Potato,2008,Whole Year,Uttar Pradesh,88683.18,3404547.28,1608.62,83.01,0.28,38.39
Onion,2008,Summer,Uttar Pradesh,158372.05,4139845.39,1907.03,44.03,4.25,26.14
Onion,2008,Rabi,Uttar Pradesh,349487.92,9464132.87,1472.67,165.32,3.46,27.08
Tomato,2008,Kharif,Uttar Pradesh,114946.89,5597913.54,2107.95,163.45,0.87,48.7
Tomato,2008,Rabi,Uttar Pradesh,300078.35,11078892.68,642.5,115.68,0.66,36.92
Banana,2008,Whole Year,Uttar Pradesh,228488.17,14849446.17,1017.43,68.69,0.66,64.99
Banana,2008,Summer,Uttar Pradesh,20172.75,1339672.33,1420.5,113.62,3.52,66.41
Rice,2008,Kharif,West Bengal,212379.97,1533383.38,1963.53,91.23,0.75,7.22
Rice,2008,Summer,West Bengal,400147.03,2985096.84,2088.09,41.26,2.35,7.46
Wheat,2008,Summer,West Bengal,47460.61,289984.33,1208.73,90.29,0.65,6.11
Wheat,2008,Whole Year,West Bengal,250767.54,1790480.24,1140.26,126.67,0.7,7.14
Maize,2008,Summer,West Bengal,39071.94,206690.56,2145.15,38.12,3.44,5.29
Maize,2008,Rabi,West Bengal,30096.05,198633.93,1519.9,152.9,1.41,6.6
Cotton(lint),2008,Whole Year,West Bengal,111804.69,500885.01,1900.37,115.07,4.34,4.48
Cotton(lint),2008,Summer,West Bengal,250350.3,818645.48,1129.28,74.22,2.75,3.27
Sugarcane,2008,Kharif,West Bengal,128401.0,15315671.28,1874.62,46.78,3.88,119.28
Sugarcane,2008,Rabi,West Bengal,69222.76,5451984.58,519.1,75.35,0.75,78.76
Soybean,2008,Whole Year,West Bengal,300753.89,1070683.85,1368.75,196.36,2.33,3.56
Soybean,2008,Rabi,West Bengal,291589.72,1055554.79,2072.97,62.26,0.97,3.62
Groundnut,2008,Whole Year,West Bengal,91506.75,520673.41,2002.21,210.4,0.53,5.69
Groundnut,2008,Summer,West Bengal,274345.59,1089151.99,894.84,180.53,2.76,3.97
Rapeseed &Mustard,2008,Kharif,West Bengal,216717.94,552630.75,1146.01,52.41,4.17,2.55
Rapeseed &Mustard,2008,Whole Year,West Bengal,115563.35,283130.21,457.63,92.31,2.71,2.45
Gram,2008,Rabi,West Bengal,25708.04,81494.49,1464.57,210.24,2.27,3.17
Gram,2008,Summer,West Bengal,410342.09,1456714.42,2108.51,203.41,1.71,3.55
Arhar/Tur,2008,Whole Year,West Bengal,449853.11,994175.37,708.74,192.02,1.16,2.21
Arhar/Tur,2008,Kharif,West Bengal,316227.07,939194.4,1402.72,209.12,1.55,2.97
Moong(Green Gram),2008,Whole Year,West Bengal,403722.8,843780.65,2067.08,109.56,0.95,2.09
Moong(Green Gram),2008,Rabi,West Bengal,175529.39,293134.08,1140.8,63.34,4.17,1.67
Potato,2008,Kharif,West Bengal,397781.28,14674151.42,970.53,177.9,1.29,36.89
Potato,2008,Summer,West Bengal,135451.34,5557568.48,1120.42,174.88,4.1,41.03
Onion,2008,Kharif,West Bengal,391589.81,12268508.75,1621.11,168.71,2.84,31.33
Onion,2008,Rabi,West Bengal,391749.67,13374333.73,1047.0,224.61,3.2,34.14
Tomato,2008,Kharif,West Bengal,264853.29,11960774.58,2051.53,144.77,2.38,45.16
Tomato,2008,Rabi,West Bengal,63692.88,2525422.69,1965.44,171.94,4.47,39.65
Banana,2008,Whole Year,West Bengal,394782.79,22242062.39,1111.46,127.92,3.9,56.34
Banana,2008,Kharif,West Bengal,401467.54,25155956.06,455.91,218.03,0.42,62.66
Rice,2009,Summer,Andhra Pradesh,317942.74,1929912.43,461.15,206.92,2.2,6.07
Rice,2009,Rabi,Andhra Pradesh,220435.93,1049275.03,743.71,33.29,2.0,4.76
Wheat,2009,Summer,Andhra Pradesh,425362.8,2892467.04,1495.31,83.47,4.17,6.8
Wheat,2009,Kharif,Andhra Pradesh,313190.28,2843767.74,2063.77,179.6,1.78,9.08
Maize,2009,Summer,Andhra Pradesh,220915.94,1429326.13,1790.94,65.36,3.5,6.47
Maize,2009,Rabi,Andhra Pradesh,389696.11,2353764.5,637.86,155.05,2.13,6.04
Cotton(lint),2009,Whole Year,Andhra Pradesh,75585.28,374147.14,1691.76,188.55,0.58,4.95
Cotton(lint),2009,Rabi,Andhra Pradesh,15514.65,44992.49,563.95,40.32,1.64,2.9
Sugarcane,2009,Summer,Andhra Pradesh,248638.55,31803356.93,1043.28,232.86,4.34,127.91
Sugarcane,2009,Kharif,Andhra Pradesh,6464.21,735950.31,1386.06,186.09,1.13,113.85
Soybean,2009,Rabi,Andhra Pradesh,199110.72,764585.16,1311.47,109.99,2.09,3.84
Soybean,2009,Kharif,Andhra Pradesh,47806.23,196483.61,1784.11,174.61,3.39,4.11
Groundnut,2009,Summer,Andhra Pradesh,149873.3,674429.85,1246.98,96.05,3.21,4.5
Groundnut,2009,Rabi,Andhra Pradesh,445205.31,2185958.07,890.59,213.75,3.5,4.91
Rapeseed &Mustard,2009,Whole Year,Andhra Pradesh,143744.48,475794.23,1137.79,163.16,0.3,3.31
Rapeseed &Mustard,2009,Rabi,Andhra Pradesh,210331.5,969628.22,1949.31,230.15,2.02,4.61
Gram,2009,Summer,Andhra Pradesh,417733.45,1194717.67,1351.85,188.3,2.09,2.86
Gram,2009,Rabi,Andhra Pradesh,167293.6,451692.72,1541.61,33.81,3.31,2.7
Arhar/Tur,2009,Whole Year,Andhra Pradesh,406028.18,958226.5,1315.02,116.21,3.92,2.36
Arhar/Tur,2009,Summer,Andhra Pradesh,201420.34,489451.43,860.77,168.74,1.77,2.43
Moong(Green Gram),2009,Kharif,Andhra Pradesh,423917.51,767290.69,789.14,192.01,0.29,1.81
Moong(Green Gram),2009,Whole Year,Andhra Pradesh,156368.65,455032.77,1952.33,209.4,0.3,2.91
Potato,2009,Kharif,Andhra Pradesh,195378.53,7481043.91,831.27,160.49,0.97,38.29
Potato,2009,Rabi,Andhra Pradesh,5851.06,212744.54,1297.33,103.5,2.7,36.36
Onion,2009,Rabi,Andhra Pradesh,218876.34,6568478.96,554.75,207.1,3.29,30.01
Onion,2009,Summer,Andhra Pradesh,423210.42,13580822.38,1398.12,156.05,4.4,32.09
Tomato,2009,Rabi,Andhra Pradesh,146769.53,4993099.41,758.99,163.1,2.65,34.02
Tomato,2009,Summer,Andhra Pradesh,107307.58,4441460.74,1363.82,222.97,3.15,41.39
Banana,2009,Kharif,Andhra Pradesh,69478.85,4737762.78,772.14,160.54,0.75,68.19
Banana,2009,Summer,Andhra Pradesh,147527.63,10399222.64,1278.51,227.64,1.18,70.49
Rice,2009,Summer,Assam,342744.2,2111304.27,2178.36,31.7,2.08,6.16
Rice,2009,Rabi,Assam,410226.14,2695185.74,2196.33,67.93,0.37,6.57
Wheat,2009,Whole Year,Assam,376548.9,1762248.85,847.74,120.77,3.07,4.68
Wheat,2009,Rabi,Assam,29999.78,160198.83,1122.6,190.62,4.14,5.34
Maize,2009,Kharif,Assam,133871.73,661326.35,1915.56,32.18,2.94,4.94
Maize,2009,Rabi,Assam,296088.43,1776530.58,1902.4,147.26,0.33,6.0
Cotton(lint),2009,Whole Year,Assam,394353.41,1336858.06,1232.49,88.68,1.19,3.39
Cotton(lint),2009,Rabi,Assam,191927.92,685182.67,736.91,192.39,2.24,3.57
Sugarcane,2009,Whole Year,Assam,156252.15,16834606.64,1472.23,233.9,4.43,107.74
Sugarcane,2009,Rabi,Assam,165015.39,18219349.21,1892.55,113.96,0.35,110.41
Soybean,2009,Rabi,Assam,275734.87,849263.4,1189.0,182.61,4.05,3.08
Soybean,2009,Summer,Assam,419740.52,1087127.95,876.09,61.48,0.59,2.59
Groundnut,2009,Kharif,Assam,111004.33,566122.08,1960.22,121.62,0.39,5.1
Groundnut,2009,Rabi,Assam,31575.43,109882.5,665.26,175.79,4.04,3.48
Rapeseed &Mustard,2009,Whole Year,Assam,426304.3,997552.06,1016.15,122.47,3.24,2.34
Rapeseed &Mustard,2009,Summer,Assam,249447.0,755824.41,1715.27,38.89,0.25,3.03
Gram,2009,Rabi,Assam,139302.02,286962.16,1138.29,103.01,0.7,2.06
Gram,2009,Summer,Assam,133371.81,502811.72,2101.01,237.41,2.24,3.77
Arhar/Tur,2009,Rabi,Assam,209459.48,599054.11,2112.84,228.42,3.55,2.86
Arhar/Tur,2009,Kharif,Assam,160602.25,531593.45,2104.76,156.61,2.69,3.31
Moong(Green Gram),2009,Rabi,Assam,425362.27,663565.14,964.72,122.94,0.69,1.56
Moong(Green Gram),2009,Summer,Assam,399010.57,722209.13,1713.59,64.58,2.63,1.81
Potato,2009,Summer,Assam,265845.25,11604145.16,1737.4,222.54,3.86,43.65
Potato,2009,Kharif,Assam,360452.14,10564852.22,1288.28,54.24,2.08,29.31
Onion,2009,Rabi,Assam,388271.99,9384534.0,1106.97,30.92,1.38,24.17
Onion,2009,Summer,Assam,60458.18,1665018.28,598.97,223.64,3.43,27.54
Tomato,2009,Summer,Assam,162709.54,3921299.91,431.44,70.4,3.44,24.1
Tomato,2009,Kharif,Assam,63007.08,2169333.76,794.16,151.33,0.48,34.43
Banana,2009,Whole Year,Assam,412927.36,24036501.63,1210.22,186.3,2.21,58.21
Banana,2009,Summer,Assam,191731.32,11906514.97,1759.89,157.07,3.16,62.1
Rice,2009,Summer,Bihar,141339.05,955451.98,1476.65,121.61,4.42,6.76
Rice,2009,Rabi,Bihar,140587.17,887105.04,2183.07,123.47,2.93,6.31
Wheat,2009,Kharif,Bihar,309748.82,1942125.1,981.07,144.55,0.83,6.27
Wheat,2009,Rabi,Bihar,189825.53,1315490.92,1911.22,153.95,1.03,6.93
Maize,2009,Whole Year,Bihar,380479.08,2157316.38,934.5,196.21,0.63,5.67
Maize,2009,Summer,Bihar,39995.92,263573.11,1629.54,151.91,2.76,6.59
Cotton(lint),2009,Rabi,Bihar,316986.51,1195039.14,868.21,227.8,2.48,3.77
Cotton(lint),2009,Summer,Bihar,45545.0,171704.65,1612.68,31.63,2.24,3.77
Sugarcane,2009,Rabi,Bihar,59209.54,5627274.68,2133.32,163.32,4.01,95.04
Sugarcane,2009,Summer,Bihar,405376.25,30074863.99,577.97,54.59,1.49,74.19
Soybean,2009,Rabi,Bihar,218153.77,944605.82,1896.95,218.17,1.98,4.33
Soybean,2009,Kharif,Bihar,11724.42,38104.36,1119.11,237.05,0.63,3.25
Groundnut,2009,Kharif,Bihar,407337.11,1641568.55,1964.81,79.92,0.55,4.03
Groundnut,2009,Summer,Bihar,302601.93,922935.89,457.82,58.01,3.15,3.05
Rapeseed &Mustard,2009,Kharif,Bihar,181032.78,497840.15,1893.92,62.43,3.74,2.75
Rapeseed &Mustard,2009,Summer,Bihar,183510.05,748721.0,2178.39,194.55,2.67,4.08
Gram,2009,Whole Year,Bihar,175410.79,408707.14,1403.76,151.12,0.91,2.33
Gram,2009,Rabi,Bihar,180705.77,475256.18,1770.0,131.33,4.24,2.63
Arhar/Tur,2009,Whole Year,Bihar,359593.55,571753.74,645.92,103.0,4.35,1.59
Arhar/Tur,2009,Rabi,Bihar,206642.89,593065.09,1654.59,239.49,1.59,2.87
Moong(Green Gram),2009,Kharif,Bihar,160192.61,329996.78,596.67,229.28,2.3,2.06
Moong(Green Gram),2009,Rabi,Bihar,2089.71,4388.39,2076.04,105.9,1.91,2.1
Potato,2009,Whole Year,Bihar,361872.62,14181787.98,1839.99,226.52,1.93,39.19
Potato,2009,Kharif,Bihar,361908.24,13904514.58,1682.58,107.26,1.65,38.42
Onion,2009,Kharif,Bihar,310641.07,8160540.91,2148.52,47.57,4.08,26.27
Onion,2009,Rabi,Bihar,383221.69,10431294.4,2031.26,136.34,2.75,27.22
Tomato,2009,Kharif,Bihar,203686.84,6029130.46,583.54,45.34,2.19,29.6
Tomato,2009,Rabi,Bihar,19829.47,614911.86,619.18,211.69,2.64,31.01
Banana,2009,Rabi,Bihar,365601.67,23994437.6,1622.43,157.45,2.63,65.63
Banana,2009,Kharif,Bihar,55468.78,3682017.62,1927.46,116.95,1.29,66.38
Rice,2009,Kharif,Gujarat,21399.97,111921.84,599.72,102.18,2.75,5.23
Rice,2009,Whole Year,Gujarat,363867.9,2503411.15,1336.95,182.08,1.78,6.88
Wheat,2009,Kharif,Gujarat,68638.77,532636.86,1564.89,222.66,3.12,7.76
Wheat,2009,Rabi,Gujarat,113203.96,901103.52,2010.17,180.17,2.95,7.96
Maize,2009,Kharif,Gujarat,151131.88,1045832.61,1953.5,140.37,2.47,6.92
Maize,2009,Rabi,Gujarat,216053.74,1572871.23,1861.08,189.37,1.34,7.28
Cotton(lint),2009,Summer,Gujarat,97174.63,450890.28,1581.21,110.86,3.8,4.64
Cotton(lint),2009,Whole Year,Gujarat,158473.03,437385.56,700.78,37.01,1.86,2.76
Sugarcane,2009,Summer,Gujarat,359634.72,33413661.84,1052.01,75.67,4.19,92.91
Sugarcane,2009,Kharif,Gujarat,314951.75,29586567.39,928.04,202.02,0.5,93.94
Soybean,2009,Kharif,Gujarat,52442.74,147888.53,528.46,189.72,2.29,2.82
Soybean,2009,Rabi,Gujarat,418061.56,1563550.23,2039.35,180.29,4.0,3.74
Groundnut,2009,Summer,Gujarat,385471.15,2039142.38,1649.92,191.3,3.79,5.29
Groundnut,2009,Whole Year,Gujarat,227336.78,1295819.65,1993.94,216.18,0.3,5.7
Rapeseed &Mustard,2009,Kharif,Gujarat,181636.27,490417.93,429.77,201.11,1.74,2.7
Rapeseed &Mustard,2009,Rabi,Gujarat,79161.07,313477.84,2001.45,157.82,4.29,3.96
Gram,2009,Whole Year,Gujarat,366314.74,959744.62,1085.25,143.08,4.03,2.62
Gram,2009,Kharif,Gujarat,313263.14,914728.37,2112.0,46.18,0.32,2.92
Arhar/Tur,2009,Rabi,Gujarat,105221.01,277783.47,2029.88,37.75,1.15,2.64
Arhar/Tur,2009,Summer,Gujarat,240578.71,382520.15,792.89,64.49,1.22,1.59
Moong(Green Gram),2009,Whole Year,Gujarat,127361.75,248355.41,1863.23,54.86,3.45,1.95
Moong(Green Gram),2009,Summer,Gujarat,330434.96,459304.59,711.79,89.99,3.92,1.39
Potato,2009,Rabi,Gujarat,151018.2,5501593.03,1235.68,224.71,4.08,36.43
Potato,2009,Summer,Gujarat,155838.6,5331238.51,667.09,163.57,4.28,34.21
Onion,2009,Whole Year,Gujarat,269756.18,7027148.49,1941.28,54.67,3.17,26.05
Onion,2009,Kharif,Gujarat,181537.75,4874288.59,536.73,176.04,1.29,26.85
Tomato,2009,Kharif,Gujarat,389164.27,14130554.64,1288.2,150.15,2.65,36.31
Tomato,2009,Summer,Gujarat,335437.17,10438804.73,628.7,51.81,3.25,31.12
Banana,2009,Rabi,Gujarat,314649.3,24275193.5,2027.5,199.1,1.38,77.15
Banana,2009,Kharif,Gujarat,345974.54,24169781.36,1464.98,95.21,4.48,69.86
Rice,2009,Rabi,Haryana,3014.57,17333.78,477.01,81.25,0.69,5.75
Rice,2009,Summer,Haryana,331669.22,2009915.47,788.1,113.85,2.38,6.06
Wheat,2009,Summer,Haryana,38539.92,321037.53,2099.66,138.63,0.52,8.33
Wheat,2009,Kharif,Haryana,287921.38,2162289.56,1205.52,169.06,3.24,7.51
Maize,2009,Kharif,Haryana,10460.71,45399.48,415.03,53.17,1.23,4.34
Maize,2009,Rabi,Haryana,245730.36,1808575.45,1944.32,172.39,1.47,7.36
Cotton(lint),2009,Summer,Haryana,317130.29,1417572.4,1681.95,49.88,3.35,4.47
Cotton(lint),2009,Rabi,Haryana,103182.12,524165.17,1161.47,207.72,3.08,5.08
Sugarcane,2009,Rabi,Haryana,211876.92,25592613.17,1969.65,77.26,2.25,120.79
Sugarcane,2009,Kharif,Haryana,80122.39,8288661.25,1054.53,108.43,4.47,103.45
Soybean,2009,Summer,Haryana,237567.33,774469.5,688.69,180.25,3.22,3.26
Soybean,2009,Kharif,Haryana,251533.52,1101716.82,1869.62,76.62,1.67,4.38
Groundnut,2009,Whole Year,Haryana,193868.55,1037196.74,1455.94,221.0,1.01,5.35
Groundnut,2009,Rabi,Haryana,109384.93,532704.61,838.02,214.27,1.06,4.87
Rapeseed &Mustard,2009,Kharif,Haryana,347364.81,1570088.94,2055.16,141.97,0.63,4.52
Rapeseed &Mustard,2009,Summer,Haryana,42450.99,107401.0,710.78,32.58,2.75,2.53
Gram,2009,Whole Year,Haryana,237273.16,664364.85,1050.49,161.47,0.33,2.8
Gram,2009,Kharif,Haryana,239584.99,960735.81,2117.44,219.49,3.6,4.01
Arhar/Tur,2009,Kharif,Haryana,356914.16,849455.7,891.42,161.55,3.76,2.38
Arhar/Tur,2009,Summer,Haryana,263281.46,958344.51,2179.62,156.42,3.58,3.64
Moong(Green Gram),2009,Summer,Haryana,283537.86,742869.19,2176.44,113.59,1.63,2.62
Moong(Green Gram),2009,Whole Year,Haryana,421579.89,986496.94,1845.62,119.6,2.93,2.34
Potato,2009,Summer,Haryana,97900.65,3080933.46,705.5,30.03,3.29,31.47
Potato,2009,Whole Year,Haryana,134395.41,5065363.0,1408.68,113.57,3.1,37.69
Onion,2009,Kharif,Haryana,29413.5,1152126.8,1832.26,80.57,2.18,39.17
Onion,2009,Rabi,Haryana,368135.55,11813469.8,1645.39,169.24,2.47,32.09
Tomato,2009,Summer,Haryana,430813.92,21514847.16,2191.99,183.4,1.18,49.94
Tomato,2009,Whole Year,Haryana,385529.07,17634099.66,1699.36,215.62,2.85,45.74
Banana,2009,Whole Year,Haryana,22077.04,1413592.87,1420.74,81.01,3.36,64.03
Banana,2009,Kharif,Haryana,79972.35,5960339.25,584.32,184.84,2.14,74.53
Rice,2009,Kharif,Karnataka,267329.14,1740312.7,1332.4,186.11,3.71,6.51
Rice,2009,Whole Year,Karnataka,170994.81,1400447.49,1789.0,138.76,3.23,8.19
Wheat,2009,Kharif,Karnataka,41331.76,195499.22,632.09,80.32,3.9,4.73
Wheat,2009,Summer,Karnataka,247345.48,1822936.19,1699.34,238.61,0.77,7.37
Maize,2009,Summer,Karnataka,380042.29,2284054.16,1920.85,99.14,0.58,6.01
Maize,2009,Kharif,Karnataka,20936.35,104681.75,684.09,58.82,2.73,5.0
Cotton(lint),2009,Whole Year,Karnataka,246158.96,1048637.17,1159.88,159.92,2.11,4.26
Cotton(lint),2009,Rabi,Karnataka,393023.15,1501348.43,1071.17,206.72,2.05,3.82
Sugarcane,2009,Summer,Karnataka,412701.26,41530127.79,1242.17,87.76,0.81,100.63
Sugarcane,2009,Kharif,Karnataka,48666.94,4991281.37,1105.11,153.75,1.39,102.56
Soybean,2009,Rabi,Karnataka,9085.13,24439.0,461.37,173.81,3.8,2.69
Soybean,2009,Summer,Karnataka,14495.51,76681.25,2141.32,237.13,2.56,5.29
Groundnut,2009,Summer,Karnataka,294610.69,1025245.2,544.06,80.89,3.53,3.48
Groundnut,2009,Whole Year,Karnataka,193223.76,991237.89,1965.66,124.28,4.41,5.13
Rapeseed &Mustard,2009,Whole Year,Karnataka,369603.37,1108810.11,804.58,213.58,1.33,3.0
Rapeseed &Mustard,2009,Rabi,Karnataka,409524.8,1376003.33,2048.07,99.09,3.23,3.36
Gram,2009,Rabi,Karnataka,438422.02,859307.16,1191.09,42.69,3.42,1.96
Gram,2009,Kharif,Karnataka,139516.36,418549.08,1304.32,101.12,3.46,3.0
Arhar/Tur,2009,Rabi,Karnataka,22445.51,50951.31,926.45,195.12,3.44,2.27
Arhar/Tur,2009,Whole Year,Karnataka,289339.67,705988.79,1224.55,196.38,0.3,2.44
Moong(Green Gram),2009,Kharif,Karnataka,447027.06,862762.23,1621.81,78.69,0.67,1.93
Moong(Green Gram),2009,Whole Year,Karnataka,404665.81,999524.55,1707.89,137.05,1.94,2.47
Potato,2009,Summer,Karnataka,56184.31,2562566.38,1416.0,229.98,3.61,45.61
Potato,2009,Rabi,Karnataka,418787.63,15051227.42,1171.02,99.59,4.4,35.94
Onion,2009,Whole Year,Karnataka,437631.81,11641006.15,522.88,117.76,1.26,26.6
Onion,2009,Kharif,Karnataka,325930.93,9553035.56,1591.51,122.66,3.09,29.31
Tomato,2009,Summer,Karnataka,281702.52,9422949.29,493.1,74.32,0.52,33.45
Tomato,2009,Kharif,Karnataka,255000.6,9146871.52,1501.87,145.34,1.37,35.87
Banana,2009,Whole Year,Karnataka,146443.19,11413782.23,1732.93,211.08,1.68,77.94
Banana,2009,Kharif,Karnataka,22880.72,1280633.9,1030.34,54.92,0.32,55.97
Rice,2009,Summer,Madhya Pradesh,309286.75,2007271.01,920.71,208.43,2.08,6.49
Rice,2009,Kharif,Madhya Pradesh,106794.94,677079.92,1021.76,188.12,2.03,6.34
Wheat,2009,Kharif,Madhya Pradesh,157373.22,1052826.84,1216.94,154.94,4.39,6.69
Wheat,2009,Whole Year,Madhya Pradesh,121575.93,917898.27,2180.33,170.76,2.19,7.55
Maize,2009,Kharif,Madhya Pradesh,143333.35,832766.76,817.93,214.54,3.79,5.81
Maize,2009,Summer,Madhya Pradesh,45846.47,295251.27,1457.24,124.96,3.53,6.44
Cotton(lint),2009,Rabi,Madhya Pradesh,291999.67,680359.23,450.88,33.13,0.76,2.33
Cotton(lint),2009,Summer,Madhya Pradesh,219604.49,663205.56,648.45,171.41,2.76,3.02
Sugarcane,2009,Whole Year,Madhya Pradesh,35402.74,3468406.44,1105.05,62.33,1.82,97.97
Sugarcane,2009,Rabi,Madhya Pradesh,104413.56,12060810.32,1018.88,158.95,3.9,115.51
Soybean,2009,Summer,Madhya Pradesh,163350.7,563559.92,1057.09,214.68,0.37,3.45
Soybean,2009,Rabi,Madhya Pradesh,272685.41,790787.69,1272.6,52.21,1.4,2.9
Groundnut,2009,Summer,Madhya Pradesh,271929.39,1359646.95,1187.29,202.85,4.17,5.0
Groundnut,2009,Kharif,Madhya Pradesh,27022.0,132137.58,2031.0,69.67,1.3,4.89
Rapeseed &Mustard,2009,Whole Year,Madhya Pradesh,140381.0,506775.41,1209.42,199.19,0.89,3.61
Rapeseed &Mustard,2009,Summer,Madhya Pradesh,142312.4,404167.22,1826.5,57.4,3.48,2.84
Gram,2009,Rabi,Madhya Pradesh,387885.92,1256750.38,2080.87,217.73,3.54,3.24
Gram,2009,Summer,Madhya Pradesh,279792.34,889739.64,1338.68,211.01,2.31,3.18
Arhar/Tur,2009,Kharif,Madhya Pradesh,307274.34,593039.48,582.83,98.95,0.52,1.93
Arhar/Tur,2009,Summer,Madhya Pradesh,218730.4,387152.81,1003.86,47.29,2.57,1.77
Moong(Green Gram),2009,Summer,Madhya Pradesh,103699.5,150364.27,716.46,97.74,0.49,1.45
Moong(Green Gram),2009,Whole Year,Madhya Pradesh,278806.64,549249.08,1353.26,190.08,0.37,1.97
Potato,2009,Kharif,Madhya Pradesh,417305.56,11129539.29,563.05,53.82,0.34,26.67
Potato,2009,Whole Year,Madhya Pradesh,436549.44,16235273.67,1602.15,193.5,3.54,37.19
Onion,2009,Whole Year,Madhya Pradesh,312310.87,7511076.42,980.8,150.03,4.31,24.05
Onion,2009,Summer,Madhya Pradesh,196831.66,5997460.68,1732.82,123.76,0.49,30.47
Tomato,2009,Summer,Madhya Pradesh,274983.92,10410891.21,614.65,224.05,0.53,37.86
Tomato,2009,Kharif,Madhya Pradesh,148705.62,5909561.34,1103.35,185.57,2.79,39.74
Banana,2009,Kharif,Madhya Pradesh,219772.16,16010401.86,2181.76,74.92,2.0,72.85
Banana,2009,Rabi,Madhya Pradesh,343923.68,17178987.82,926.4,47.09,0.25,49.95
Rice,2009,Kharif,Maharashtra,281317.42,1927024.33,2000.63,74.06,4.42,6.85
Rice,2009,Whole Year,Maharashtra,194198.79,1573010.2,2117.86,73.2,1.54,8.1
Wheat,2009,Whole Year,Maharashtra,281737.4,2070769.89,2038.74,87.54,2.37,7.35
Wheat,2009,Kharif,Maharashtra,306013.97,1982970.53,1032.2,95.91,3.14,6.48
Maize,2009,Rabi,Maharashtra,180028.21,1126976.59,1228.77,220.46,4.04,6.26
Maize,2009,Whole Year,Maharashtra,260449.28,1669479.88,1661.1,167.47,0.41,6.41
Cotton(lint),2009,Whole Year,Maharashtra,41590.76,170938.02,720.82,174.58,3.77,4.11
Cotton(lint),2009,Rabi,Maharashtra,90407.31,392367.73,2151.9,103.5,3.84,4.34
Sugarcane,2009,Rabi,Maharashtra,210416.24,24054784.56,1861.66,62.74,3.6,114.32
Sugarcane,2009,Summer,Maharashtra,114079.49,11745624.29,988.94,142.8,1.11,102.96
Soybean,2009,Kharif,Maharashtra,355701.98,1212943.75,1259.1,194.49,2.06,3.41
Soybean,2009,Whole Year,Maharashtra,35481.65,97219.72,1295.29,61.1,3.69,2.74
Groundnut,2009,Rabi,Maharashtra,378479.6,1324678.6,490.26,113.29,1.79,3.5
Groundnut,2009,Summer,Maharashtra,338042.31,1257517.39,515.06,180.08,2.47,3.72
Rapeseed &Mustard,2009,Rabi,Maharashtra,336750.3,757688.17,564.76,84.55,2.57,2.25
Rapeseed &Mustard,2009,Kharif,Maharashtra,370881.28,1439019.37,1981.84,173.19,2.53,3.88
Gram,2009,Rabi,Maharashtra,298724.52,932020.5,1968.29,203.77,1.75,3.12
Gram,2009,Kharif,Maharashtra,241218.88,629581.28,814.76,186.18,2.47,2.61
Arhar/Tur,2009,Whole Year,Maharashtra,243467.9,401722.03,741.62,69.24,2.68,1.65
Arhar/Tur,2009,Rabi,Maharashtra,55694.06,127539.4,1417.54,86.72,1.89,2.29
Moong(Green Gram),2009,Summer,Maharashtra,45955.77,73529.23,601.98,150.36,3.56,1.6
Moong(Green Gram),2009,Kharif,Maharashtra,195771.85,301488.65,670.81,127.85,3.12,1.54
Potato,2009,Summer,Maharashtra,250610.4,9327719.09,1331.7,210.34,3.0,37.22
Potato,2009,Whole Year,Maharashtra,143574.67,4676227.0,1062.44,108.87,4.41,32.57
Onion,2009,Summer,Maharashtra,374865.64,12164390.02,1505.94,221.78,1.2,32.45
Onion,2009,Kharif,Maharashtra,312886.89,9298998.37,955.11,214.14,3.56,29.72
Tomato,2009,Summer,Maharashtra,135586.78,3755753.81,669.41,77.53,2.21,27.7
Tomato,2009,Whole Year,Maharashtra,77912.14,3403202.28,1772.02,237.92,3.54,43.68
Banana,2009,Kharif,Maharashtra,267851.91,13995262.3,1027.66,98.61,3.45,52.25
Banana,2009,Whole Year,Maharashtra,91271.2,6512200.12,1946.51,172.33,2.55,71.35
Rice,2009,Rabi,Odisha,168764.1,754375.53,889.75,48.55,3.77,4.47
Rice,2009,Summer,Odisha,29615.1,187167.43,1729.89,74.42,1.89,6.32
Wheat,2009,Whole Year,Odisha,262010.38,1517040.1,982.17,138.41,3.21,5.79
Wheat,2009,Kharif,Odisha,412523.51,2256503.6,938.43,161.59,3.73,5.47
Maize,2009,Rabi,Odisha,140299.15,636958.14,950.91,170.19,3.23,4.54
Maize,2009,Kharif,Odisha,36501.43,181047.09,1125.81,108.56,1.36,4.96
Cotton(lint),2009,Rabi,Odisha,356883.62,1477498.19,1178.76,128.3,4.44,4.14
Cotton(lint),2009,Whole Year,Odisha,25015.58,101313.1,1915.98,166.12,1.94,4.05
Sugarcane,2009,Whole Year,Odisha,372910.62,40233326.79,2165.0,98.09,1.21,107.89
Sugarcane,2009,Rabi,Odisha,150216.45,14174424.22,1417.38,114.77,1.9,94.36
Soybean,2009,Summer,Odisha,324650.57,808379.92,859.42,48.74,0.54,2.49
Soybean,2009,Rabi,Odisha,98369.2,233135.0,862.13,51.19,2.8,2.37
Groundnut,2009,Summer,Odisha,9324.71,45131.6,1720.41,117.72,2.46,4.84
Groundnut,2009,Rabi,Odisha,261765.74,1031357.02,1813.17,91.71,3.45,3.94
Rapeseed &Mustard,2009,Whole Year,Odisha,305343.07,1035113.01,2023.95,111.0,3.55,3.39
Rapeseed &Mustard,2009,Summer,Odisha,261887.99,777807.33,634.34,233.14,3.69,2.97
Gram,2009,Kharif,Odisha,267716.0,487243.12,1020.8,37.33,2.53,1.82
Gram,2009,Rabi,Odisha,360963.22,1158691.94,2047.14,188.88,3.74,3.21
Arhar/Tur,2009,Kharif,Odisha,285730.29,697181.91,1631.89,142.09,3.07,2.44
Arhar/Tur,2009,Rabi,Odisha,176198.69,290727.84,561.47,161.37,2.33,1.65
Moong(Green Gram),2009,Kharif,Odisha,348996.46,635173.56,1842.98,166.4,2.21,1.82
Moong(Green Gram),2009,Whole Year,Odisha,57387.08,107313.84,1094.12,141.37,2.77,1.87
Potato,2009,Kharif,Odisha,400744.78,10892243.12,886.01,37.35,1.32,27.18
Potato,2009,Summer,Odisha,292334.61,7255745.02,547.07,58.43,0.87,24.82
Onion,2009,Whole Year,Odisha,254522.64,6895018.32,1701.35,118.13,0.62,27.09
Onion,2009,Summer,Odisha,269881.57,5548765.08,541.93,90.25,1.58,20.56
Tomato,2009,Summer,Odisha,242296.4,8284113.92,1693.82,75.22,3.3,34.19
Tomato,2009,Rabi,Odisha,336015.45,13396935.99,1127.25,172.45,3.49,39.87
Banana,2009,Summer,Odisha,108811.37,6330645.51,1631.33,47.9,1.25,58.18
Banana,2009,Whole Year,Odisha,31749.93,1564954.05,485.83,42.84,4.25,49.29
Rice,2009,Kharif,Punjab,331325.03,2050901.94,414.12,143.24,3.61,6.19
Rice,2009,Whole Year,Punjab,301170.6,1978690.84,1579.04,123.63,1.69,6.57
Wheat,2009,Rabi,Punjab,72108.71,411019.65,1270.95,75.87,2.79,5.7
Wheat,2009,Whole Year,Punjab,388554.93,3423168.93,1587.66,181.45,0.85,8.81
Maize,2009,Rabi,Punjab,110999.3,845814.67,1711.88,187.03,1.91,7.62
Maize,2009,Summer,Punjab,414668.22,2371902.22,1551.31,66.31,3.14,5.72
Cotton(lint),2009,Kharif,Punjab,330461.78,1470554.92,1326.91,200.94,3.31,4.45
Cotton(lint),2009,Rabi,Punjab,376259.13,1839907.15,2084.63,58.76,2.3,4.89
Sugarcane,2009,Kharif,Punjab,21044.32,2383058.8,763.63,196.31,3.39,113.24
Sugarcane,2009,Whole Year,Punjab,274647.24,32023868.18,1132.1,96.47,2.95,116.6
Soybean,2009,Rabi,Punjab,55377.4,146750.11,602.86,45.19,3.4,2.65
Soybean,2009,Kharif,Punjab,252341.4,900858.8,552.42,219.79,4.1,3.57
Groundnut,2009,Rabi,Punjab,330600.88,1213305.23,617.51,76.47,1.61,3.67
Groundnut,2009,Whole Year,Punjab,252046.95,1328287.43,1632.89,232.39,4.2,5.27
Rapeseed &Mustard,2009,Whole Year,Punjab,265095.33,1126655.15,2061.72,187.1,3.07,4.25
Rapeseed &Mustard,2009,Kharif,Punjab,84360.45,389745.28,2010.48,82.19,0.59,4.62
Gram,2009,Kharif,Punjab,9236.1,26877.05,599.27,200.49,3.77,2.91
Gram,2009,Whole Year,Punjab,357094.12,1278396.95,1607.77,170.67,3.07,3.58
Arhar/Tur,2009,Whole Year,Punjab,328722.77,742913.46,937.56,144.01,2.06,2.26
Arhar/Tur,2009,Summer,Punjab,73133.58,201848.68,1881.37,153.18,2.84,2.76
Moong(Green Gram),2009,Kharif,Punjab,210793.19,379427.74,1154.9,67.44,4.18,1.8
Moong(Green Gram),2009,Summer,Punjab,306187.43,762406.7,2015.11,58.6,1.28,2.49
Potato,2009,Rabi,Punjab,311261.76,13496309.91,1651.07,120.32,3.17,43.36
Potato,2009,Summer,Punjab,73525.87,3059411.45,1481.2,133.16,1.04,41.61
Onion,2009,Whole Year,Punjab,216732.48,7405748.84,1613.25,121.35,2.6,34.17
Onion,2009,Summer,Punjab,24244.68,888325.08,1870.75,203.24,1.22,36.64
Tomato,2009,Kharif,Punjab,213074.86,10449191.13,1750.64,158.41,0.63,49.04
Tomato,2009,Whole Year,Punjab,448132.6,16383727.86,721.49,236.31,1.82,36.56
Banana,2009,Kharif,Punjab,66508.25,4421468.46,1391.86,60.38,2.83,66.48
Banana,2009,Whole Year,Punjab,158937.71,10483531.35,712.37,108.39,2.0,65.96
Rice,2009,Kharif,Rajasthan,413524.0,2133783.84,1121.07,70.39,1.36,5.16
Rice,2009,Rabi,Rajasthan,205027.46,1076394.17,669.35,124.44,1.4,5.25
Wheat,2009,Rabi,Rajasthan,215581.64,1215880.45,1367.69,133.3,3.65,5.64
Wheat,2009,Whole Year,Rajasthan,156229.86,921756.17,1010.34,148.78,1.45,5.9
Maize,2009,Whole Year,Rajasthan,98259.22,580711.99,1001.64,231.57,2.44,5.91
Maize,2009,Kharif,Rajasthan,350655.33,1276385.4,1012.2,67.53,2.72,3.64
Cotton(lint),2009,Kharif,Rajasthan,28276.32,116498.44,1402.28,65.97,4.35,4.12
Cotton(lint),2009,Rabi,Rajasthan,408315.94,1657762.72,1524.25,93.57,1.47,4.06
Sugarcane,2009,Kharif,Rajasthan,249062.53,19426877.34,1279.41,53.93,0.56,78.0
Sugarcane,2009,Summer,Rajasthan,429168.57,40788180.89,1810.52,168.58,2.43,95.04
Soybean,2009,Kharif,Rajasthan,169080.79,417629.55,592.47,133.7,3.96,2.47
Soybean,2009,Whole Year,Rajasthan,18018.08,77657.92,1926.02,211.41,2.76,4.31
Groundnut,2009,Summer,Rajasthan,262103.39,1037929.42,1605.05,98.43,2.67,3.96
Groundnut,2009,Kharif,Rajasthan,344215.82,1204755.37,839.08,206.16,1.82,3.5
Rapeseed &Mustard,2009,Kharif,Rajasthan,228154.27,720967.49,1967.6,74.83,2.03,3.16
Rapeseed &Mustard,2009,Whole Year,Rajasthan,161586.25,492838.06,1192.97,139.09,2.92,3.05
Gram,2009,Rabi,Rajasthan,396722.91,1075119.09,1824.01,146.2,0.52,2.71
Gram,2009,Summer,Rajasthan,279961.87,495532.51,516.86,141.34,4.08,1.77
Arhar/Tur,2009,Whole Year,Rajasthan,8747.72,17582.92,1760.23,85.72,1.53,2.01
Arhar/Tur,2009,Rabi,Rajasthan,398069.86,692641.56,553.66,123.32,3.85,1.74
Moong(Green Gram),2009,Rabi,Rajasthan,54693.74,69461.05,615.89,182.44,2.65,1.27
Moong(Green Gram),2009,Summer,Rajasthan,439456.13,580082.09,489.64,67.93,2.98,1.32
Potato,2009,Whole Year,Rajasthan,192032.02,7116706.66,1715.02,161.11,1.22,37.06
Potato,2009,Kharif,Rajasthan,366846.0,12557138.58,981.74,236.28,3.25,34.23
Onion,2009,Rabi,Rajasthan,24080.99,654521.31,927.88,223.44,0.94,27.18
Onion,2009,Summer,Rajasthan,382852.88,7829341.4,538.01,104.66,4.07,20.45
Tomato,2009,Whole Year,Rajasthan,11582.9,449069.03,2035.65,138.87,0.52,38.77
Tomato,2009,Rabi,Rajasthan,423135.27,15977587.8,1647.24,212.2,1.78,37.76
Banana,2009,Rabi,Rajasthan,277349.18,19353425.78,1821.4,200.52,1.03,69.78
Banana,2009,Summer,Rajasthan,368873.16,23873470.92,1511.71,238.89,3.36,64.72
Rice,2009,Rabi,Tamil Nadu,332868.35,2230217.94,725.89,231.39,2.95,6.7
Rice,2009,Summer,Tamil Nadu,186717.44,1667386.74,2158.93,152.25,3.93,8.93
Wheat,2009,Kharif,Tamil Nadu,284309.66,1612035.77,835.78,120.84,1.3,5.67
Wheat,2009,Rabi,Tamil Nadu,214272.05,1409910.09,938.94,97.88,1.32,6.58
Maize,2009,Whole Year,Tamil Nadu,326997.48,2011034.5,1220.93,144.92,2.54,6.15
Maize,2009,Rabi,Tamil Nadu,93854.0,647592.6,2041.23,66.72,3.79,6.9
Cotton(lint),2009,Kharif,Tamil Nadu,233482.64,1085694.28,2069.75,115.54,4.5,4.65
Cotton(lint),2009,Summer,Tamil Nadu,264246.28,853515.48,894.23,36.82,3.73,3.23
Sugarcane,2009,Whole Year,Tamil Nadu,75029.9,8531649.93,677.18,178.57,4.39,113.71
Sugarcane,2009,Summer,Tamil Nadu,39879.21,4133480.12,1086.84,136.4,1.36,103.65
Soybean,2009,Rabi,Tamil Nadu,81887.77,352117.41,1379.63,229.62,2.89,4.3
Soybean,2009,Summer,Tamil Nadu,377797.2,1662307.68,2100.08,87.31,0.93,4.4
Groundnut,2009,Summer,Tamil Nadu,133962.17,715357.99,1882.46,105.23,0.63,5.34
Groundnut,2009,Kharif,Tamil Nadu,123834.91,660040.07,855.4,234.88,3.91,5.33
Rapeseed &Mustard,2009,Rabi,Tamil Nadu,448943.83,947271.48,695.41,41.45,1.62,2.11
Rapeseed &Mustard,2009,Whole Year,Tamil Nadu,135990.5,427010.17,761.57,192.59,3.26,3.14
Gram,2009,Whole Year,Tamil Nadu,8680.72,30816.56,1843.92,228.85,0.34,3.55
Gram,2009,Summer,Tamil Nadu,39952.42,116261.54,1262.7,183.03,2.64,2.91
Arhar/Tur,2009,Kharif,Tamil Nadu,308342.09,817106.54,2078.4,60.83,3.18,2.65
Arhar/Tur,2009,Summer,Tamil Nadu,163128.96,424135.3,707.35,212.03,1.9,2.6
Moong(Green Gram),2009,Rabi,Tamil Nadu,300882.62,499465.15,728.46,158.83,1.97,1.66
Moong(Green Gram),2009,Kharif,Tamil Nadu,50966.6,123339.17,1708.13,228.31,2.83,2.42
Potato,2009,Whole Year,Tamil Nadu,118635.02,3454651.78,481.41,30.39,1.71,29.12
Potato,2009,Rabi,Tamil Nadu,411737.83,14200837.76,652.48,142.91,2.75,34.49
Onion,2009,Kharif,Tamil Nadu,245140.99,8204868.94,1847.71,142.77,4.1,33.47
Onion,2009,Rabi,Tamil Nadu,253009.08,8230385.37,1588.64,205.02,3.32,32.53
Tomato,2009,Summer,Tamil Nadu,330531.14,13346847.43,1763.47,118.03,1.48,40.38
Tomato,2009,Whole Year,Tamil Nadu,21145.55,722966.35,600.89,69.3,2.37,34.19
Banana,2009,Whole Year,Tamil Nadu,190018.05,12894624.87,1109.82,237.16,2.05,67.86
Banana,2009,Summer,Tamil Nadu,178918.36,11089359.95,1878.77,47.01,1.56,61.98
Rice,2009,Whole Year,Telangana,155669.21,815706.66,734.62,31.01,2.39,5.24
Rice,2009,Kharif,Telangana,227307.35,1798001.14,2049.64,161.9,3.81,7.91
Wheat,2009,Whole Year,Telangana,38927.14,258086.94,789.91,207.33,2.92,6.63
Wheat,2009,Kharif,Telangana,94786.45,600946.09,758.37,227.54,3.47,6.34
Maize,2009,Summer,Telangana,53798.76,345388.04,1967.5,31.23,1.87,6.42
Maize,2009,Rabi,Telangana,113103.54,587007.37,960.17,208.51,2.79,5.19
Cotton(lint),2009,Kharif,Telangana,11586.33,61407.55,1615.58,225.82,1.22,5.3
Cotton(lint),2009,Summer,Telangana,303569.33,1083742.51,1004.94,65.65,2.7,3.57
Sugarcane,2009,Kharif,Telangana,142350.2,15154602.29,2183.95,120.6,3.94,106.46
Sugarcane,2009,Rabi,Telangana,83296.34,7822359.29,918.08,82.17,3.14,93.91
Soybean,2009,Whole Year,Telangana,431474.6,1635288.73,1952.09,65.26,1.61,3.79
Soybean,2009,Rabi,Telangana,320628.5,926616.36,970.73,143.3,3.17,2.89
Groundnut,2009,Summer,Telangana,78913.73,333015.94,1035.18,108.86,2.12,4.22
Groundnut,2009,Whole Year,Telangana,323984.96,1224663.15,439.83,148.62,3.41,3.78
Rapeseed &Mustard,2009,Summer,Telangana,51854.68,132747.98,1388.7,30.28,1.59,2.56
Rapeseed &Mustard,2009,Kharif,Telangana,42233.87,136415.4,1330.24,74.82,2.51,3.23
Gram,2009,Whole Year,Telangana,285387.89,756277.91,1373.85,224.73,4.21,2.65
Gram,2009,Rabi,Telangana,207084.36,511498.37,735.8,163.63,2.35,2.47
Arhar/Tur,2009,Kharif,Telangana,57189.17,154982.65,1187.13,183.74,3.14,2.71
Arhar/Tur,2009,Rabi,Telangana,417506.6,784912.41,1025.54,99.12,2.66,1.88
Moong(Green Gram),2009,Rabi,Telangana,147120.19,339847.64,2129.65,68.37,1.54,2.31
Moong(Green Gram),2009,Whole Year,Telangana,187793.2,443191.95,1738.96,209.84,1.53,2.36
Potato,2009,Summer,Telangana,111846.08,2973987.27,1091.74,41.62,3.68,26.59
Potato,2009,Kharif,Telangana,89365.2,3336896.57,1055.31,170.06,2.12,37.34
Onion,2009,Rabi,Telangana,290086.51,7234757.56,436.61,182.17,0.35,24.94
Onion,2009,Kharif,Telangana,171957.77,4328177.07,1041.1,108.19,1.57,25.17
Tomato,2009,Summer,Telangana,380768.59,15185051.37,1862.32,130.06,3.87,39.88
Tomato,2009,Rabi,Telangana,255440.46,14465593.25,2018.81,233.68,2.93,56.63
Banana,2009,Summer,Telangana,238683.9,16173221.06,1584.99,46.69,2.32,67.76
Banana,2009,Rabi,Telangana,394567.44,27367197.64,1661.4,167.7,3.35,69.36
Rice,2009,Rabi,Uttar Pradesh,104397.58,637869.21,2000.18,41.54,0.96,6.11
Rice,2009,Kharif,Uttar Pradesh,21110.48,152206.56,413.05,237.49,3.03,7.21
Wheat,2009,Rabi,Uttar Pradesh,120314.28,809715.1,1020.77,166.3,4.0,6.73
Wheat,2009,Kharif,Uttar Pradesh,55139.7,271287.32,786.99,37.81,0.81,4.92
Maize,2009,Summer,Uttar Pradesh,326965.77,1857165.57,1319.89,177.46,2.25,5.68
Maize,2009,Whole Year,Uttar Pradesh,328874.19,1720012.01,898.2,180.08,1.85,5.23
Cotton(lint),2009,Summer,Uttar Pradesh,348592.14,1157325.9,872.42,99.0,0.66,3.32
Cotton(lint),2009,Whole Year,Uttar Pradesh,234519.8,1057684.3,1104.4,231.58,1.64,4.51
Sugarcane,2009,Kharif,Uttar Pradesh,346207.61,38941431.97,1109.08,183.2,1.09,112.48
Sugarcane,2009,Summer,Uttar Pradesh,368111.58,44740281.43,1220.1,197.95,2.98,121.54
Soybean,2009,Rabi,Uttar Pradesh,77800.7,272302.45,1157.23,204.9,0.28,3.5
Soybean,2009,Kharif,Uttar Pradesh,338914.82,1165866.98,1584.0,152.04,2.48,3.44
Groundnut,2009,Summer,Uttar Pradesh,199390.68,753696.77,679.81,155.15,1.28,3.78
Groundnut,2009,Rabi,Uttar Pradesh,12533.38,40608.15,565.49,174.05,2.04,3.24
Rapeseed &Mustard,2009,Kharif,Uttar Pradesh,15932.31,66756.38,2168.62,211.68,2.69,4.19
Rapeseed &Mustard,2009,Whole Year,Uttar Pradesh,126106.11,346791.8,833.86,134.48,4.26,2.75
Gram,2009,Summer,Uttar Pradesh,119858.25,377553.49,1201.78,179.57,1.82,3.15
Gram,2009,Whole Year,Uttar Pradesh,102081.05,249077.76,1581.54,64.49,0.44,2.44
Arhar/Tur,2009,Summer,Uttar Pradesh,300242.91,927750.59,2074.25,174.33,1.58,3.09
Arhar/Tur,2009,Kharif,Uttar Pradesh,87852.3,151105.96,690.9,73.39,2.39,1.72
Moong(Green Gram),2009,Kharif,Uttar Pradesh,417565.1,613820.7,863.22,86.67,1.97,1.47
Moong(Green Gram),2009,Whole Year,Uttar Pradesh,385907.97,818124.9,1404.9,210.89,3.77,2.12
Potato,2009,Kharif,Uttar Pradesh,446022.66,13840083.14,1160.19,57.54,4.37,31.03
Potato,2009,Rabi,Uttar Pradesh,171925.12,5493007.58,872.86,39.39,1.35,31.95
Onion,2009,Summer,Uttar Pradesh,400170.66,12273234.14,794.53,172.49,2.7,30.67
Onion,2009,Kharif,Uttar Pradesh,46156.68,1311772.85,1024.65,143.03,3.69,28.42
Tomato,2009,Whole Year,Uttar Pradesh,24168.76,868141.86,655.07,155.63,2.86,35.92
Tomato,2009,Kharif,Uttar Pradesh,263080.7,10157545.83,1728.24,96.39,2.28,38.61
Banana,2009,Rabi,Uttar Pradesh,102432.91,7217422.84,1220.59,230.18,3.86,70.46
Banana,2009,Kharif,Uttar Pradesh,242258.1,17452273.52,1805.29,96.08,2.27,72.04
Rice,2009,Kharif,West Bengal,287393.82,2100848.82,1994.37,118.89,3.53,7.31
Rice,2009,Summer,West Bengal,182668.67,1293294.18,2030.04,63.53,0.32,7.08
Wheat,2009,Kharif,West Bengal,437676.07,2345943.74,504.83,62.8,0.65,5.36
Wheat,2009,Whole Year,West Bengal,162021.17,1080681.2,503.36,164.33,2.65,6.67
Maize,2009,Summer,West Bengal,221480.2,854913.57,433.18,61.07,1.83,3.86
Maize,2009,Rabi,West Bengal,190644.99,1344047.18,1403.22,216.6,1.6,7.05
Cotton(lint),2009,Summer,West Bengal,372036.83,1804378.63,2182.45,108.68,1.29,4.85
Cotton(lint),2009,Rabi,West Bengal,393232.27,2040875.48,1821.02,171.49,2.82,5.19
Sugarcane,2009,Kharif,West Bengal,82078.46,7978026.31,616.69,60.15,3.04,97.2
Sugarcane,2009,Rabi,West Bengal,338445.96,37547194.8,1209.44,158.7,3.16,110.94
Soybean,2009,Rabi,West Bengal,204600.87,601526.56,1286.97,110.08,1.0,2.94
Soybean,2009,Summer,West Bengal,224919.92,854695.7,1614.43,233.33,0.82,3.8
Groundnut,2009,Summer,West Bengal,252203.88,1187880.27,1463.18,234.13,1.75,4.71
Groundnut,2009,Whole Year,West Bengal,32205.17,145889.42,1791.05,82.43,2.82,4.53
Rapeseed &Mustard,2009,Kharif,West Bengal,233579.88,747455.62,1369.32,83.43,0.51,3.2
Rapeseed &Mustard,2009,Summer,West Bengal,449027.46,2025113.84,2020.05,224.47,3.63,4.51
Gram,2009,Kharif,West Bengal,168281.15,536816.87,1999.69,125.16,1.56,3.19
Gram,2009,Summer,West Bengal,355352.56,931023.71,722.84,150.38,4.43,2.62
Arhar/Tur,2009,Whole Year,West Bengal,220970.04,439730.38,471.65,190.23,0.92,1.99
Arhar/Tur,2009,Kharif,West Bengal,426116.9,835189.12,925.1,77.56,0.76,1.96
Moong(Green Gram),2009,Rabi,West Bengal,389393.54,770999.21,1174.36,152.07,3.46,1.98
Moong(Green Gram),2009,Kharif,West Bengal,440661.63,934202.66,1289.69,226.76,0.2,2.12
Potato,2009,Whole Year,West Bengal,140517.19,4363058.75,810.56,96.57,1.12,31.05
Potato,2009,Kharif,West Bengal,76587.62,2914924.82,1319.2,117.5,1.14,38.06
Onion,2009,Kharif,West Bengal,95785.69,2684872.89,1012.41,96.81,4.31,28.03
Onion,2009,Summer,West Bengal,84090.47,3095370.2,2037.15,203.85,0.9,36.81
Tomato,2009,Kharif,West Bengal,353466.29,13110064.7,1389.14,172.81,4.24,37.09
Tomato,2009,Whole Year,West Bengal,202541.33,8944225.13,1948.95,57.45,1.6,44.16
Banana,2009,Summer,West Bengal,343692.83,22061642.76,972.77,60.63,4.31,64.19
Banana,2009,Kharif,West Bengal,348639.6,24024754.84,2087.86,59.74,1.82,68.91
Rice,2010,Summer,Andhra Pradesh,39421.02,317733.42,1466.4,189.34,1.02,8.06
Rice,2010,Kharif,Andhra Pradesh,345827.38,2859992.43,1845.39,214.66,4.23,8.27
Wheat,2010,Rabi,Andhra Pradesh,313864.35,2018147.77,2191.94,32.87,1.73,6.43
Wheat,2010,Whole Year,Andhra Pradesh,100527.14,606178.65,1676.42,47.8,3.39,6.03
Maize,2010,Whole Year,Andhra Pradesh,376857.93,2698302.78,2088.53,238.67,0.74,7.16
Maize,2010,Rabi,Andhra Pradesh,118498.08,915990.16,1742.05,235.31,2.76,7.73
Cotton(lint),2010,Summer,Andhra Pradesh,434673.39,1703919.69,1252.35,197.62,0.75,3.92
Cotton(lint),2010,Rabi,Andhra Pradesh,131600.62,476394.24,621.86,199.21,0.24,3.62
Sugarcane,2010,Kharif,Andhra Pradesh,382464.0,41321410.56,961.56,201.67,0.73,108.04
Sugarcane,2010,Rabi,Andhra Pradesh,287486.17,36895975.06,2097.35,74.49,0.45,128.34
Soybean,2010,Kharif,Andhra Pradesh,84699.93,378608.69,2004.77,31.55,3.71,4.47
Soybean,2010,Whole Year,Andhra Pradesh,302459.7,967871.04,1176.6,54.28,0.64,3.2
Groundnut,2010,Kharif,Andhra Pradesh,332001.52,1261605.78,630.64,137.54,1.4,3.8
Groundnut,2010,Rabi,Andhra Pradesh,59391.04,265477.95,1658.17,125.81,2.48,4.47
Rapeseed &Mustard,2010,Rabi,Andhra Pradesh,355944.3,950371.28,761.34,116.42,2.78,2.67
Rapeseed &Mustard,2010,Whole Year,Andhra Pradesh,127657.29,405950.18,1317.12,137.27,3.7,3.18
Gram,2010,Rabi,Andhra Pradesh,137958.26,453882.68,1992.65,182.0,3.08,3.29
Gram,2010,Whole Year,Andhra Pradesh,278310.24,882243.46,1228.12,194.31,1.53,3.17
Arhar/Tur,2010,Whole Year,Andhra Pradesh,237620.32,420587.97,812.2,72.23,4.1,1.77
Arhar/Tur,2010,Summer,Andhra Pradesh,186122.33,355493.65,650.99,136.53,3.06,1.91
Moong(Green Gram),2010,Summer,Andhra Pradesh,413581.21,810619.17,1605.9,32.82,1.08,1.96
Moong(Green Gram),2010,Rabi,Andhra Pradesh,378016.88,816516.46,925.92,225.52,2.58,2.16
Potato,2010,Rabi,Andhra Pradesh,167544.54,5738400.5,891.44,111.09,0.89,34.25
Potato,2010,Whole Year,Andhra Pradesh,324311.4,11571430.75,1663.44,124.7,2.45,35.68
Onion,2010,Whole Year,Andhra Pradesh,22042.37,801681.0,1677.81,152.26,1.05,36.37
Onion,2010,Rabi,Andhra Pradesh,150928.45,4953471.73,1082.42,226.17,1.12,32.82
Tomato,2010,Kharif,Andhra Pradesh,111283.71,4277745.81,657.76,147.17,1.0,38.44
Tomato,2010,Whole Year,Andhra Pradesh,161459.34,7249524.37,2009.61,44.74,4.42,44.9
Banana,2010,Whole Year,Andhra Pradesh,151942.77,9704584.72,1515.45,90.04,4.14,63.87
Banana,2010,Kharif,Andhra Pradesh,426984.12,30627570.93,1042.88,166.89,3.39,71.73
Rice,2010,Whole Year,Assam,155326.37,858954.83,741.6,208.65,3.22,5.53
Rice,2010,Rabi,Assam,412770.36,2649985.71,1734.77,100.45,1.76,6.42
Wheat,2010,Rabi,Assam,260040.97,1409422.06,2080.3,37.35,3.51,5.42
Wheat,2010,Kharif,Assam,245583.46,1829596.78,1777.63,218.09,3.6,7.45
Maize,2010,Kharif,Assam,273968.71,1205462.32,472.36,190.0,0.63,4.4
Maize,2010,Summer,Assam,376764.96,2189004.42,1390.54,175.1,3.14,5.81
Cotton(lint),2010,Kharif,Assam,54125.16,130982.89,585.06,46.27,2.75,2.42
Cotton(lint),2010,Rabi,Assam,387976.96,1462673.14,1163.81,222.3,2.34,3.77
Sugarcane,2010,Kharif,Assam,40720.53,3997941.64,1573.55,132.26,3.6,98.18
Sugarcane,2010,Summer,Assam,268586.31,29598211.36,1301.25,236.14,3.77,110.2
Soybean,2010,Whole Year,Assam,312447.19,831109.53,1006.33,51.84,2.67,2.66
Soybean,2010,Kharif,Assam,199435.58,723951.16,1643.45,150.74,0.96,3.63
Groundnut,2010,Kharif,Assam,263688.56,1176050.98,1026.57,168.05,0.27,4.46
Groundnut,2010,Rabi,Assam,399735.97,1459036.29,840.66,150.62,3.5,3.65
Rapeseed &Mustard,2010,Rabi,Assam,72044.55,177950.04,427.16,124.34,2.06,2.47
Rapeseed &Mustard,2010,Summer,Assam,361161.07,1054590.32,580.08,226.14,0.67,2.92
Gram,2010,Rabi,Assam,9174.96,21561.16,1576.18,110.73,3.09,2.35
Gram,2010,Whole Year,Assam,381320.66,1109643.12,1285.49,202.73,1.95,2.91
Arhar/Tur,2010,Kharif,Assam,66226.56,168877.73,2004.42,124.4,2.56,2.55
Arhar/Tur,2010,Whole Year,Assam,82231.23,169396.33,1202.35,81.32,2.47,2.06
Moong(Green Gram),2010,Whole Year,Assam,273492.4,385624.28,400.43,199.15,1.62,1.41
Moong(Green Gram),2010,Rabi,Assam,283803.01,451246.79,1195.71,162.01,0.83,1.59
Potato,2010,Kharif,Assam,84516.93,2887098.33,1218.88,187.03,1.41,34.16
Potato,2010,Whole Year,Assam,430491.96,12850185.01,1104.3,118.23,4.37,29.85
Onion,2010,Summer,Assam,236604.98,6369406.06,1663.51,233.69,2.07,26.92
Onion,2010,Kharif,Assam,372202.3,7611537.03,681.37,102.2,3.32,20.45
Tomato,2010,Whole Year,Assam,112583.86,3607186.87,1870.57,53.21,3.77,32.04
Tomato,2010,Rabi,Assam,244144.91,7995745.8,908.5,97.93,1.71,32.75
Banana,2010,Rabi,Assam,79347.38,3484143.46,653.98,56.44,2.15,43.91
Banana,2010,Whole Year,Assam,440738.38,24095167.23,863.98,126.36,1.13,54.67
Rice,2010,Summer,Bihar,234735.36,1143161.2,914.17,82.16,3.46,4.87
Rice,2010,Whole Year,Bihar,68591.48,303174.34,864.36,62.06,4.01,4.42
Wheat,2010,Kharif,Bihar,242042.31,1316710.17,1244.64,137.38,2.94,5.44
Wheat,2010,Summer,Bihar,63764.14,386410.69,681.94,164.27,3.95,6.06
Maize,2010,Summer,Bihar,346442.47,2123692.34,976.23,206.5,3.78,6.13
Maize,2010,Kharif,Bihar,315221.78,2011114.96,1612.77,111.25,3.14,6.38
Cotton(lint),2010,Summer,Bihar,212981.75,911561.89,959.27,212.79,0.93,4.28
Cotton(lint),2010,Whole Year,Bihar,14174.83,60526.52,1611.31,201.44,4.21,4.27
Sugarcane,2010,Rabi,Bihar,264070.68,22707437.77,539.13,84.15,0.61,85.99
Sugarcane,2010,Whole Year,Bihar,156551.49,14751846.9,1411.42,121.01,2.17,94.23
Soybean,2010,Whole Year,Bihar,282482.35,793775.4,1156.11,42.84,2.3,2.81
Soybean,2010,Rabi,Bihar,254475.49,982275.39,1242.81,216.55,3.5,3.86
Groundnut,2010,Kharif,Bihar,160223.6,496693.16,861.83,85.96,1.94,3.1
Groundnut,2010,Rabi,Bihar,254533.11,1249757.57,1531.54,210.13,2.57,4.91
Rapeseed &Mustard,2010,Rabi,Bihar,441437.83,1739265.05,1561.19,213.62,2.77,3.94
Rapeseed &Mustard,2010,Whole Year,Bihar,317301.75,980462.41,977.82,150.89,2.75,3.09
Gram,2010,Whole Year,Bihar,417908.55,1316411.93,2156.61,227.21,1.37,3.15
Gram,2010,Summer,Bihar,362891.24,1215685.65,1999.18,208.77,2.06,3.35
Arhar/Tur,2010,Kharif,Bihar,18590.02,50564.85,1755.83,119.32,4.48,2.72
Arhar/Tur,2010,Rabi,Bihar,367798.71,926852.75,2048.79,92.55,4.28,2.52
Moong(Green Gram),2010,Whole Year,Bihar,194511.18,375406.58,1890.98,129.42,3.77,1.93
Moong(Green Gram),2010,Summer,Bihar,427022.29,743018.78,509.41,218.64,1.51,1.74
Potato,2010,Summer,Bihar,77739.63,2227240.4,1044.66,70.52,1.08,28.65
Potato,2010,Whole Year,Bihar,359170.15,11698171.79,1424.15,217.57,2.94,32.57
Onion,2010,Rabi,Bihar,256864.43,6950751.48,1728.1,142.96,1.73,27.06
Onion,2010,Summer,Bihar,82579.33,1581394.17,531.22,77.27,2.49,19.15
Tomato,2010,Whole Year,Bihar,317323.87,10595444.02,679.72,166.46,0.56,33.39
Tomato,2010,Rabi,Bihar,294277.54,7668872.69,662.56,68.9,1.08,26.06
Banana,2010,Whole Year,Bihar,368575.3,22870097.36,1414.8,140.3,3.31,62.05
Banana,2010,Rabi,Bihar,17038.78,1075317.41,1080.19,200.01,4.32,63.11
Rice,2010,Rabi,Gujarat,388782.54,2538749.99,621.92,207.62,1.59,6.53
Rice,2010,Whole Year,Gujarat,298542.71,2498802.48,1732.84,122.59,4.02,8.37
Wheat,2010,Kharif,Gujarat,260523.73,1795008.5,2177.67,108.22,2.17,6.89
Wheat,2010,Whole Year,Gujarat,64852.54,529845.25,2101.14,237.23,0.39,8.17
Maize,2010,Kharif,Gujarat,190146.55,1422296.19,1921.52,176.23,3.52,7.48
Maize,2010,Summer,Gujarat,199948.03,723811.87,439.67,38.46,3.76,3.62
Cotton(lint),2010,Whole Year,Gujarat,78315.2,324224.93,864.35,188.92,3.53,4.14
Cotton(lint),2010,Summer,Gujarat,422245.43,1165397.39,422.34,66.19,3.73,2.76
Sugarcane,2010,Summer,Gujarat,353357.13,39621934.99,1218.25,133.41,1.0,112.13
Sugarcane,2010,Whole Year,Gujarat,93399.49,11414351.67,1012.6,155.34,4.18,122.21
Soybean,2010,Summer,Gujarat,165023.92,445564.58,947.33,31.8,3.78,2.7
Soybean,2010,Rabi,Gujarat,227081.69,847014.7,1348.04,224.61,0.34,3.73
Groundnut,2010,Kharif,Gujarat,290791.99,1273668.92,946.58,218.73,2.75,4.38
Groundnut,2010,Rabi,Gujarat,194900.09,588598.27,619.68,46.53,3.12,3.02
Rapeseed &Mustard,2010,Kharif,Gujarat,49971.16,155410.31,1497.76,123.09,0.45,3.11
Rapeseed &Mustard,2010,Rabi,Gujarat,372560.03,1303960.1,1537.52,146.96,0.77,3.5
Gram,2010,Whole Year,Gujarat,45207.99,128390.69,1085.04,191.57,3.24,2.84
Gram,2010,Rabi,Gujarat,40181.05,142240.92,2192.54,218.43,0.29,3.54
Arhar/Tur,2010,Kharif,Gujarat,19782.21,43323.04,707.63,120.88,1.73,2.19
Arhar/Tur,2010,Whole Year,Gujarat,398906.08,929451.17,847.6,205.64,2.17,2.33
Moong(Green Gram),2010,Whole Year,Gujarat,402377.55,816826.43,1293.92,144.29,4.31,2.03
Moong(Green Gram),2010,Summer,Gujarat,167878.65,270284.63,1068.83,70.96,0.69,1.61
Potato,2010,Summer,Gujarat,449951.75,14515443.45,1055.06,42.92,3.86,32.26
Potato,2010,Kharif,Gujarat,415085.35,15399666.48,464.33,191.01,3.08,37.1
Onion,2010,Kharif,Gujarat,388082.11,10928392.22,1102.93,140.06,4.13,28.16
Onion,2010,Summer,Gujarat,185648.28,4765591.35,532.09,115.1,0.37,25.67
Tomato,2010,Summer,Gujarat,108128.32,3983447.31,736.33,104.65,1.21,36.84
Tomato,2010,Rabi,Gujarat,143756.84,5881092.32,1618.89,229.06,2.95,40.91
Banana,2010,Kharif,Gujarat,406048.02,25747504.95,489.58,140.06,0.34,63.41
Banana,2010,Rabi,Gujarat,163034.82,12305868.21,2078.41,162.43,4.22,75.48
Rice,2010,Whole Year,Haryana,28772.77,192202.1,1081.04,210.37,1.15,6.68
Rice,2010,Kharif,Haryana,168929.61,1238254.04,1244.39,119.63,2.41,7.33
Wheat,2010,Whole Year,Haryana,371948.46,2648273.04,1213.85,139.98,4.42,7.12
Wheat,2010,Rabi,Haryana,348440.74,2177754.62,672.09,158.42,1.23,6.25
Maize,2010,Summer,Haryana,413841.71,2590649.1,1576.7,88.42,2.23,6.26
Maize,2010,Whole Year,Haryana,236685.54,1843780.36,1623.41,188.45,0.95,7.79
Cotton(lint),2010,Whole Year,Haryana,342482.99,2006950.32,1931.4,83.97,1.95,5.86
Cotton(lint),2010,Rabi,Haryana,296940.83,1104619.89,474.89,181.51,0.47,3.72
Sugarcane,2010,Whole Year,Haryana,156601.12,16123651.32,736.66,103.03,3.12,102.96
Sugarcane,2010,Kharif,Haryana,174353.22,20041902.64,1778.06,215.6,3.21,114.95
Soybean,2010,Whole Year,Haryana,443500.45,1410331.43,1339.3,59.55,1.14,3.18
Soybean,2010,Kharif,Haryana,208409.03,800290.68,1154.09,193.66,1.73,3.84
Groundnut,2010,Kharif,Haryana,386760.11,1910594.94,642.41,208.01,2.75,4.94
Groundnut,2010,Summer,Haryana,96317.31,418980.3,610.16,117.23,1.0,4.35
Rapeseed &Mustard,2010,Rabi,Haryana,114470.62,307925.97,560.23,87.07,3.5,2.69
Rapeseed &Mustard,2010,Kharif,Haryana,284164.07,1085506.75,1325.14,178.83,1.88,3.82
Gram,2010,Kharif,Haryana,377032.95,897338.42,795.36,103.75,0.29,2.38
Gram,2010,Whole Year,Haryana,264606.6,791173.73,1622.77,59.57,2.11,2.99
Arhar/Tur,2010,Summer,Haryana,150077.29,373692.45,898.01,167.75,0.72,2.49
Arhar/Tur,2010,Whole Year,Haryana,86241.34,252687.13,1649.24,156.55,0.99,2.93
Moong(Green Gram),2010,Kharif,Haryana,141561.54,260473.23,841.28,187.89,0.28,1.84
Moong(Green Gram),2010,Rabi,Haryana,397065.96,909281.05,2110.8,180.46,2.32,2.29
Potato,2010,Summer,Haryana,134822.21,5546585.72,2111.24,54.23,1.69,41.14
Potato,2010,Whole Year,Haryana,13581.1,498426.37,441.58,138.47,2.28,36.7
Onion,2010,Summer,Haryana,355157.7,9969276.64,994.39,142.48,0.79,28.07
Onion,2010,Kharif,Haryana,249090.51,8095441.58,1567.7,111.94,2.34,32.5
Tomato,2010,Rabi,Haryana,37035.6,1548088.08,1984.67,40.82,2.59,41.8
Tomato,2010,Summer,Haryana,182313.88,7443875.72,475.51,173.38,1.52,40.83
Banana,2010,Kharif,Haryana,76062.1,6034767.01,1021.8,189.87,4.3,79.34
Banana,2010,Summer,Haryana,86261.12,6654182.8,1852.92,168.07,1.03,77.14
Rice,2010,Summer,Karnataka,128173.86,890808.33,623.21,223.59,0.94,6.95
Rice,2010,Kharif,Karnataka,166637.65,1174795.43,1034.53,170.4,1.87,7.05
Wheat,2010,Rabi,Karnataka,121372.48,557099.68,500.85,115.82,0.43,4.59
Wheat,2010,Summer,Karnataka,240354.28,1639216.19,641.73,225.85,4.05,6.82
Maize,2010,Whole Year,Karnataka,276265.0,1353698.5,572.24,104.46,1.28,4.9
Maize,2010,Kharif,Karnataka,418861.24,3878655.08,2078.37,233.56,0.74,9.26
Cotton(lint),2010,Summer,Karnataka,68390.23,234578.49,960.6,198.05,2.45,3.43
Cotton(lint),2010,Rabi,Karnataka,295334.85,1231546.32,2065.44,82.02,3.88,4.17
Sugarcane,2010,Whole Year,Karnataka,248149.42,25767835.77,590.05,238.19,1.25,103.84
Sugarcane,2010,Rabi,Karnataka,241975.08,23219928.68,1191.68,192.1,2.42,95.96
Soybean,2010,Summer,Karnataka,224191.58,609801.1,894.77,172.3,0.37,2.72
Soybean,2010,Kharif,Karnataka,440047.91,1694184.45,1313.61,145.98,3.26,3.85
Groundnut,2010,Kharif,Karnataka,386810.45,2061699.7,1963.24,129.14,2.41,5.33
Groundnut,2010,Summer,Karnataka,119684.48,436848.35,430.41,130.74,3.89,3.65
Rapeseed &Mustard,2010,Whole Year,Karnataka,281725.91,895888.39,1092.48,57.96,1.86,3.18
Rapeseed &Mustard,2010,Kharif,Karnataka,139359.7,526779.67,1218.11,180.03,1.93,3.78
Gram,2010,Whole Year,Karnataka,376704.01,704436.5,921.89,69.2,1.95,1.87
Gram,2010,Kharif,Karnataka,372710.71,1282124.84,1609.58,233.85,1.3,3.44
Arhar/Tur,2010,Whole Year,Karnataka,28218.96,85785.64,2192.94,111.29,4.09,3.04
Arhar/Tur,2010,Kharif,Karnataka,98970.44,244456.99,1296.98,203.17,3.71,2.47
Moong(Green Gram),2010,Summer,Karnataka,177354.94,305050.5,637.33,136.61,3.18,1.72
Moong(Green Gram),2010,Whole Year,Karnataka,203677.73,446054.23,1334.37,200.18,2.04,2.19
Potato,2010,Whole Year,Karnataka,188272.42,6246878.9,1768.37,66.72,1.66,33.18
Potato,2010,Summer,Karnataka,104053.48,3617939.5,1442.93,197.62,3.58,34.77
Onion,2010,Rabi,Karnataka,267437.54,7643364.89,1118.92,205.46,3.34,28.58
Onion,2010,Summer,Karnataka,211011.78,6938067.33,1951.29,135.85,3.14,32.88
Tomato,2010,Rabi,Karnataka,128410.1,4327420.37,1435.86,55.88,3.17,33.7
Tomato,2010,Whole Year,Karnataka,56281.55,2252387.63,1155.83,70.79,1.99,40.02
Banana,2010,Rabi,Karnataka,348509.89,20335552.08,1492.65,34.76,4.2,58.35
Banana,2010,Whole Year,Karnataka,260859.92,17203711.72,1239.94,118.17,4.03,65.95
Rice,2010,Kharif,Madhya Pradesh,125835.51,627919.19,766.48,89.0,2.63,4.99
Rice,2010,Rabi,Madhya Pradesh,403136.68,1906836.5,738.71,99.55,1.9,4.73
Wheat,2010,Summer,Madhya Pradesh,190689.49,980143.98,646.99,63.71,0.53,5.14
Wheat,2010,Rabi,Madhya Pradesh,364112.82,2097289.84,1214.56,136.38,0.34,5.76
Maize,2010,Kharif,Madhya Pradesh,424291.07,2325115.06,923.63,223.83,1.6,5.48
Maize,2010,Summer,Madhya Pradesh,301561.12,1691757.88,982.69,136.92,3.1,5.61
Cotton(lint),2010,Kharif,Madhya Pradesh,414502.77,1633140.91,1363.19,137.42,1.34,3.94
Cotton(lint),2010,Whole Year,Madhya Pradesh,57852.26,201904.39,1178.87,56.68,2.36,3.49
Sugarcane,2010,Kharif,Madhya Pradesh,416997.22,42754724.97,1573.52,221.66,3.78,102.53
Sugarcane,2010,Summer,Madhya Pradesh,108879.15,12210796.67,800.3,229.96,4.32,112.15
Soybean,2010,Kharif,Madhya Pradesh,449221.9,1194930.25,488.54,122.64,2.14,2.66
Soybean,2010,Summer,Madhya Pradesh,67914.67,211214.62,1811.04,99.81,2.74,3.11
Groundnut,2010,Rabi,Madhya Pradesh,60140.58,250786.22,1860.81,171.53,1.24,4.17
Groundnut,2010,Kharif,Madhya Pradesh,422517.47,1846401.34,1493.2,63.26,2.36,4.37
Rapeseed &Mustard,2010,Rabi,Madhya Pradesh,185389.55,669256.28,1485.12,239.96,2.32,3.61
Rapeseed &Mustard,2010,Whole Year,Madhya Pradesh,19536.21,60757.61,1405.87,144.36,1.08,3.11
Gram,2010,Whole Year,Madhya Pradesh,149885.56,427173.85,1219.48,142.02,2.4,2.85
Gram,2010,Summer,Madhya Pradesh,76960.51,212411.01,968.89,216.61,2.61,2.76
Arhar/Tur,2010,Rabi,Madhya Pradesh,261202.5,464940.45,827.44,113.71,3.46,1.78
Arhar/Tur,2010,Summer,Madhya Pradesh,23532.17,56241.89,1629.33,82.73,2.35,2.39
Moong(Green Gram),2010,Summer,Madhya Pradesh,37944.51,53122.31,734.04,76.06,1.31,1.4
Moong(Green Gram),2010,Rabi,Madhya Pradesh,91820.44,141403.48,521.6,66.0,4.43,1.54
Potato,2010,Kharif,Madhya Pradesh,14942.82,590839.1,1679.24,204.35,2.93,39.54
Potato,2010,Rabi,Madhya Pradesh,167244.11,6064271.43,726.26,224.18,0.65,36.26
Onion,2010,Rabi,Madhya Pradesh,122501.05,3710556.8,1562.5,78.56,4.14,30.29
Onion,2010,Summer,Madhya Pradesh,327626.19,9691182.7,1629.3,219.71,1.19,29.58
Tomato,2010,Rabi,Madhya Pradesh,395090.95,15531025.24,2151.92,93.53,3.18,39.31
Tomato,2010,Whole Year,Madhya Pradesh,211095.27,8933551.83,1592.65,190.85,2.15,42.32
Banana,2010,Kharif,Madhya Pradesh,38253.28,2725928.73,2002.56,129.07,3.4,71.26
Banana,2010,Rabi,Madhya Pradesh,106728.54,5474106.82,1189.09,33.54,0.85,51.29
Rice,2010,Rabi,Maharashtra,87258.95,538387.72,1843.54,188.19,3.19,6.17
Rice,2010,Summer,Maharashtra,169326.19,932987.31,1305.53,46.24,3.13,5.51
Wheat,2010,Kharif,Maharashtra,235582.8,1373447.72,477.8,101.92,0.53,5.83
Wheat,2010,Whole Year,Maharashtra,211715.51,1067046.17,1090.7,55.02,1.25,5.04
Maize,2010,Summer,Maharashtra,268120.33,1104655.76,1016.93,77.46,2.95,4.12
Maize,2010,Kharif,Maharashtra,266986.98,1358963.73,1284.28,93.73,2.6,5.09
Cotton(lint),2010,Kharif,Maharashtra,44852.74,201837.33,2188.16,114.08,0.9,4.5
Cotton(lint),2010,Rabi,Maharashtra,237015.81,812964.23,630.43,129.68,2.6,3.43
Sugarcane,2010,Kharif,Maharashtra,335033.75,37098287.14,2026.01,31.78,1.13,110.73
Sugarcane,2010,Whole Year,Maharashtra,402528.24,40566796.03,502.92,155.36,2.65,100.78
Soybean,2010,Kharif,Maharashtra,198745.15,614122.51,1036.97,76.9,2.96,3.09
Soybean,2010,Whole Year,Maharashtra,224405.17,1083876.97,2015.8,232.94,1.76,4.83
Groundnut,2010,Whole Year,Maharashtra,12854.6,44605.46,892.65,86.56,3.72,3.47
Groundnut,2010,Rabi,Maharashtra,314667.98,2013875.07,2199.03,179.13,3.48,6.4
Rapeseed &Mustard,2010,Summer,Maharashtra,35376.01,120985.95,1473.95,165.92,1.81,3.42
Rapeseed &Mustard,2010,Kharif,Maharashtra,193887.71,649523.83,1132.58,120.53,4.36,3.35
Gram,2010,Whole Year,Maharashtra,238370.95,638834.15,1208.86,133.57,1.48,2.68
Gram,2010,Rabi,Maharashtra,353858.89,612175.88,704.65,52.8,3.42,1.73
Arhar/Tur,2010,Kharif,Maharashtra,321585.93,665682.88,988.16,90.8,2.45,2.07
Arhar/Tur,2010,Rabi,Maharashtra,231478.88,432865.51,419.02,171.44,2.02,1.87
Moong(Green Gram),2010,Summer,Maharashtra,323591.24,446555.91,482.5,72.69,2.61,1.38
Moong(Green Gram),2010,Whole Year,Maharashtra,353352.69,766775.34,2004.85,148.22,1.71,2.17
Potato,2010,Kharif,Maharashtra,286786.09,7898088.92,1339.29,121.16,1.03,27.54
Potato,2010,Whole Year,Maharashtra,358105.73,11935663.98,1774.49,58.14,0.58,33.33
Onion,2010,Whole Year,Maharashtra,131643.95,3668916.89,1981.01,89.45,3.67,27.87
Onion,2010,Rabi,Maharashtra,87017.68,2339035.24,875.67,205.32,2.95,26.88
Tomato,2010,Rabi,Maharashtra,431657.47,13437497.04,410.7,40.02,0.83,31.13
Tomato,2010,Whole Year,Maharashtra,401748.96,13984881.3,736.3,160.13,4.14,34.81
Banana,2010,Whole Year,Maharashtra,169419.81,10952990.72,1439.78,122.12,0.27,64.65
Banana,2010,Kharif,Maharashtra,213397.02,14679581.01,2118.31,62.73,1.01,68.79
Rice,2010,Summer,Odisha,428757.92,1830796.32,1052.43,61.9,1.6,4.27
Rice,2010,Rabi,Odisha,274973.12,2180536.84,2140.33,170.85,1.76,7.93
Wheat,2010,Summer,Odisha,288960.8,2383926.6,1604.11,204.78,2.67,8.25
Wheat,2010,Whole Year,Odisha,134431.86,713833.18,728.67,159.48,1.21,5.31
Maize,2010,Kharif,Odisha,178468.47,1347436.95,2117.63,222.5,1.2,7.55
Maize,2010,Whole Year,Odisha,69823.12,356796.14,1042.19,67.27,1.47,5.11
Cotton(lint),2010,Whole Year,Odisha,414174.97,1615282.38,1208.45,142.65,3.39,3.9
Cotton(lint),2010,Kharif,Odisha,322490.8,1477007.86,2196.19,103.19,3.78,4.58
Sugarcane,2010,Rabi,Odisha,381116.94,34536817.1,834.92,175.27,0.48,90.62
Sugarcane,2010,Summer,Odisha,374413.33,35486895.42,973.18,162.88,4.43,94.78
Soybean,2010,Summer,Odisha,34702.17,123886.75,1486.48,225.56,3.86,3.57
Soybean,2010,Rabi,Odisha,6081.03,19094.43,708.31,206.02,0.29,3.14
Groundnut,2010,Whole Year,Odisha,183686.7,813732.08,1273.2,170.49,1.79,4.43
Groundnut,2010,Summer,Odisha,441476.86,1403896.41,436.03,144.76,1.67,3.18
Rapeseed &Mustard,2010,Whole Year,Odisha,26410.39,107754.39,2087.07,153.12,3.21,4.08
Rapeseed &Mustard,2010,Kharif,Odisha,15393.49,40484.88,883.08,128.63,0.53,2.63
Gram,2010,Kharif,Odisha,14556.48,26347.23,673.81,59.8,4.45,1.81
Gram,2010,Summer,Odisha,203074.87,444733.97,541.77,170.63,0.79,2.19
Arhar/Tur,2010,Kharif,Odisha,239621.71,416941.78,785.35,161.31,2.41,1.74
Arhar/Tur,2010,Summer,Odisha,303346.39,1001043.09,1429.5,237.27,3.75,3.3
Moong(Green Gram),2010,Summer,Odisha,203344.87,288749.72,407.25,114.35,1.0,1.42
Moong(Green Gram),2010,Whole Year,Odisha,219643.64,349233.39,472.94,167.79,3.82,1.59
Potato,2010,Summer,Odisha,98397.05,3694809.23,1648.05,178.53,4.17,37.55
Potato,2010,Whole Year,Odisha,406183.88,16974424.35,1892.44,180.52,0.34,41.79
Onion,2010,Rabi,Odisha,67744.15,1808091.36,1886.75,91.17,3.68,26.69
Onion,2010,Summer,Odisha,164590.27,4995314.69,1844.0,141.19,3.14,30.35
Tomato,2010,Rabi,Odisha,224794.78,9830275.73,1829.86,167.09,1.2,43.73
Tomato,2010,Kharif,Odisha,80356.33,2725686.71,1357.75,104.81,0.73,33.92
Banana,2010,Whole Year,Odisha,138664.04,8777433.73,1645.59,188.12,0.85,63.3
Banana,2010,Summer,Odisha,160381.48,7456135.01,979.8,174.15,1.13,46.49
Rice,2010,Whole Year,Punjab,278807.77,1527866.58,694.68,46.08,3.06,5.48
Rice,2010,Rabi,Punjab,18927.66,150664.17,1984.54,44.06,3.93,7.96
Wheat,2010,Summer,Punjab,359020.91,2412620.52,463.0,177.14,0.3,6.72
Wheat,2010,Rabi,Punjab,231665.04,1753704.35,1474.87,126.08,1.67,7.57
Maize,2010,Whole Year,Punjab,427226.67,2580449.09,420.2,72.3,4.47,6.04
Maize,2010,Kharif,Punjab,75305.87,530906.38,2009.8,78.57,1.02,7.05
Cotton(lint),2010,Whole Year,Punjab,246811.52,1115588.07,705.2,201.67,1.79,4.52
Cotton(lint),2010,Kharif,Punjab,287517.01,1463461.58,2016.87,162.28,3.39,5.09
Sugarcane,2010,Whole Year,Punjab,253738.84,29157130.1,537.18,167.07,2.46,114.91
Sugarcane,2010,Rabi,Punjab,154790.24,18763672.89,1097.46,171.2,2.3,121.22
Soybean,2010,Summer,Punjab,276522.21,1335602.27,1700.77,181.68,3.7,4.83
Soybean,2010,Rabi,Punjab,224614.54,682828.2,743.22,146.07,1.95,3.04
Groundnut,2010,Whole Year,Punjab,87599.07,402079.73,946.37,160.4,2.03,4.59
Groundnut,2010,Rabi,Punjab,33346.16,192740.8,1460.83,216.07,1.77,5.78
Rapeseed &Mustard,2010,Kharif,Punjab,170923.12,552081.68,1261.66,69.09,1.46,3.23
Rapeseed &Mustard,2010,Summer,Punjab,326144.96,1004526.48,1237.31,48.17,0.44,3.08
Gram,2010,Whole Year,Punjab,130877.8,480321.53,2184.55,201.44,3.24,3.67
Gram,2010,Rabi,Punjab,176815.56,579955.04,883.54,236.73,3.87,3.28
Arhar/Tur,2010,Whole Year,Punjab,42413.59,118333.92,874.32,219.48,1.42,2.79
Arhar/Tur,2010,Rabi,Punjab,268549.26,733139.48,1148.42,93.0,0.41,2.73
Moong(Green Gram),2010,Rabi,Punjab,167427.68,415220.65,2100.07,178.14,3.44,2.48
Moong(Green Gram),2010,Kharif,Punjab,177756.19,442612.91,1780.01,227.15,2.04,2.49
Potato,2010,Rabi,Punjab,133205.1,6019538.47,1730.68,197.62,1.07,45.19
Potato,2010,Kharif,Punjab,84341.56,3230281.75,2071.9,154.18,0.72,38.3
Onion,2010,Rabi,Punjab,69793.14,2428801.27,1215.71,213.52,2.65,34.8
Onion,2010,Whole Year,Punjab,75554.76,2568106.29,1436.04,127.3,3.04,33.99
Tomato,2010,Kharif,Punjab,424046.4,16826161.15,1116.86,73.34,2.57,39.68
Tomato,2010,Whole Year,Punjab,93945.68,3556783.44,1113.81,53.36,0.34,37.86
Banana,2010,Whole Year,Punjab,171480.33,11204524.76,406.49,159.2,2.03,65.34
Banana,2010,Kharif,Punjab,256562.48,18705970.42,1582.08,127.09,3.66,72.91
Rice,2010,Kharif,Rajasthan,360619.44,1864402.5,876.26,74.11,3.57,5.17
Rice,2010,Whole Year,Rajasthan,248909.24,1747342.86,1414.44,184.5,1.36,7.02
Wheat,2010,Summer,Rajasthan,441216.4,2854670.11,1368.61,125.59,2.19,6.47
Wheat,2010,Rabi,Rajasthan,123476.13,679118.72,2068.22,132.95,3.82,5.5
Maize,2010,Rabi,Rajasthan,151928.44,771796.48,1524.65,134.66,1.78,5.08
Maize,2010,Summer,Rajasthan,387544.26,1922219.53,856.24,163.02,0.91,4.96
Cotton(lint),2010,Rabi,Rajasthan,207498.87,879795.21,1172.58,218.44,1.44,4.24
Cotton(lint),2010,Whole Year,Rajasthan,88239.62,225893.43,657.93,35.47,1.22,2.56
Sugarcane,2010,Rabi,Rajasthan,90056.93,6732656.09,762.6,38.83,4.37,74.76
Sugarcane,2010,Kharif,Rajasthan,217117.77,21266685.57,925.54,155.42,3.28,97.95
Soybean,2010,Whole Year,Rajasthan,65341.84,192105.01,1520.12,127.07,4.22,2.94
Soybean,2010,Rabi,Rajasthan,293022.64,788230.9,1348.58,108.63,4.46,2.69
Groundnut,2010,Summer,Rajasthan,411709.41,1803287.22,977.2,202.21,0.24,4.38
Groundnut,2010,Rabi,Rajasthan,418547.06,1326794.18,612.23,78.72,4.09,3.17
Rapeseed &Mustard,2010,Rabi,Rajasthan,121520.31,331750.45,1576.38,91.1,2.72,2.73
Rapeseed &Mustard,2010,Summer,Rajasthan,247110.58,568354.33,421.49,135.25,3.2,2.3
Gram,2010,Summer,Rajasthan,13319.06,28103.22,779.9,120.82,2.0,2.11
Gram,2010,Rabi,Rajasthan,247583.07,557061.91,540.59,228.06,0.63,2.25
Arhar/Tur,2010,Whole Year,Rajasthan,341136.51,767557.15,1051.04,185.03,1.93,2.25
Arhar/Tur,2010,Summer,Rajasthan,325503.98,572887.0,1107.84,75.62,3.46,1.76
Moong(Green Gram),2010,Kharif,Rajasthan,172816.56,307613.48,1254.87,156.06,2.66,1.78
Moong(Green Gram),2010,Summer,Rajasthan,81296.23,162592.46,1372.0,178.03,3.12,2.0
Potato,2010,Rabi,Rajasthan,288616.61,7752242.14,509.1,50.09,0.36,26.86
Potato,2010,Whole Year,Rajasthan,141230.88,4758068.35,1091.49,220.99,3.8,33.69
Onion,2010,Rabi,Rajasthan,399743.3,11468635.28,1650.06,103.23,4.0,28.69
Onion,2010,Whole Year,Rajasthan,403427.25,11618704.8,1207.15,167.95,3.4,28.8
Tomato,2010,Summer,Rajasthan,347262.18,10528989.3,486.07,180.76,4.12,30.32
Tomato,2010,Kharif,Rajasthan,105172.36,4099618.59,1412.11,227.96,2.4,38.98
Banana,2010,Kharif,Rajasthan,329913.8,18485070.21,1107.91,181.52,1.6,56.03
Banana,2010,Summer,Rajasthan,115620.14,8261059.0,1982.53,145.18,1.43,71.45
Rice,2010,Whole Year,Tamil Nadu,71153.52,348652.25,778.83,106.86,3.99,4.9
Rice,2010,Kharif,Tamil Nadu,256143.21,1652123.7,1212.95,121.34,0.68,6.45
Wheat,2010,Kharif,Tamil Nadu,398704.29,2511837.03,822.43,53.83,0.43,6.3
Wheat,2010,Rabi,Tamil Nadu,168078.09,1378240.34,1623.42,179.72,4.22,8.2
Maize,2010,Whole Year,Tamil Nadu,92773.52,577051.29,1055.6,166.53,3.91,6.22
Maize,2010,Kharif,Tamil Nadu,365864.12,2440313.68,1456.45,189.74,0.98,6.67
Cotton(lint),2010,Summer,Tamil Nadu,134936.56,527601.95,1214.27,56.81,3.65,3.91
Cotton(lint),2010,Rabi,Tamil Nadu,223214.47,1238840.31,2094.57,217.29,2.68,5.55
Sugarcane,2010,Rabi,Tamil Nadu,272106.31,34456822.04,1010.5,92.66,0.38,126.63
Sugarcane,2010,Summer,Tamil Nadu,222565.36,26300548.59,1137.79,82.98,1.92,118.17
Soybean,2010,Kharif,Tamil Nadu,382982.39,1011073.51,1225.24,35.04,2.33,2.64
Soybean,2010,Whole Year,Tamil Nadu,253891.1,853074.1,538.36,197.98,4.18,3.36
Groundnut,2010,Summer,Tamil Nadu,146932.77,618586.96,463.16,166.79,2.5,4.21
Groundnut,2010,Kharif,Tamil Nadu,75961.57,237759.71,417.4,45.4,1.16,3.13
Rapeseed &Mustard,2010,Rabi,Tamil Nadu,172034.18,378475.2,918.29,89.96,1.7,2.2
Rapeseed &Mustard,2010,Whole Year,Tamil Nadu,60285.31,159153.22,694.22,102.02,2.62,2.64
Gram,2010,Summer,Tamil Nadu,264794.42,643450.44,898.37,113.51,3.13,2.43
Gram,2010,Kharif,Tamil Nadu,105134.47,232347.18,876.88,76.47,1.04,2.21
Arhar/Tur,2010,Rabi,Tamil Nadu,281783.35,541024.03,844.64,81.17,4.31,1.92
Arhar/Tur,2010,Summer,Tamil Nadu,153259.3,369354.91,1452.08,99.0,0.32,2.41
Moong(Green Gram),2010,Kharif,Tamil Nadu,370071.22,884470.22,1801.57,216.9,4.19,2.39
Moong(Green Gram),2010,Rabi,Tamil Nadu,7075.53,13089.73,1982.78,62.46,3.9,1.85
Potato,2010,Rabi,Tamil Nadu,21964.5,761728.86,919.01,133.68,0.82,34.68
Potato,2010,Whole Year,Tamil Nadu,438091.48,15556628.45,1084.21,148.86,3.23,35.51
Onion,2010,Kharif,Tamil Nadu,151949.22,3850393.23,601.11,89.16,1.1,25.34
Onion,2010,Rabi,Tamil Nadu,92228.96,2679251.29,2102.54,47.68,1.11,29.05
Tomato,2010,Kharif,Tamil Nadu,27265.09,1307906.37,1399.91,196.18,2.67,47.97
Tomato,2010,Summer,Tamil Nadu,162989.05,6165875.76,1380.77,132.39,1.84,37.83
Banana,2010,Kharif,Tamil Nadu,263106.27,15896880.83,1096.84,37.22,1.93,60.42
Banana,2010,Whole Year,Tamil Nadu,145613.16,9531837.45,518.69,159.16,3.85,65.46
Rice,2010,Rabi,Telangana,401645.57,2803486.08,1558.73,140.35,1.62,6.98
Rice,2010,Summer,Telangana,274026.3,2151106.45,1108.26,232.61,2.66,7.85
Wheat,2010,Kharif,Telangana,284208.76,2256617.55,1423.03,216.97,3.43,7.94
Wheat,2010,Summer,Telangana,238970.13,1197240.35,786.28,70.92,0.55,5.01
Maize,2010,Kharif,Telangana,171290.28,799925.61,480.39,100.38,1.88,4.67
Maize,2010,Whole Year,Telangana,356512.63,2816449.78,2188.06,233.34,2.31,7.9
Cotton(lint),2010,Kharif,Telangana,198796.4,852836.56,1856.23,136.12,3.22,4.29
Cotton(lint),2010,Summer,Telangana,394126.87,1517388.45,1227.68,74.14,3.92,3.85
Sugarcane,2010,Summer,Telangana,172151.35,22226460.8,1857.78,152.74,1.88,129.11
Sugarcane,2010,Rabi,Telangana,415028.78,36377272.57,673.07,149.06,3.49,87.65
Soybean,2010,Kharif,Telangana,154155.04,539542.64,2021.07,40.75,3.32,3.5
Soybean,2010,Summer,Telangana,378092.79,1705198.48,2137.79,121.46,2.61,4.51
Groundnut,2010,Kharif,Telangana,91878.66,297686.86,567.22,43.27,1.35,3.24
Groundnut,2010,Whole Year,Telangana,394062.72,1907263.56,1976.68,66.97,1.34,4.84
Rapeseed &Mustard,2010,Whole Year,Telangana,406554.86,996059.41,1052.96,56.25,0.82,2.45
Rapeseed &Mustard,2010,Summer,Telangana,217254.42,760390.47,1677.15,158.6,4.29,3.5
Gram,2010,Kharif,Telangana,310714.04,727070.85,1107.29,214.74,4.41,2.34
Gram,2010,Rabi,Telangana,212636.1,691067.33,1934.93,165.55,0.39,3.25
Arhar/Tur,2010,Rabi,Telangana,76202.14,202697.69,1594.69,120.17,3.85,2.66
Arhar/Tur,2010,Kharif,Telangana,315481.33,706678.18,1408.88,42.83,3.02,2.24
Moong(Green Gram),2010,Summer,Telangana,397813.87,918950.04,2086.7,101.6,1.48,2.31
Moong(Green Gram),2010,Rabi,Telangana,305958.56,468116.6,825.11,109.17,2.38,1.53
Potato,2010,Summer,Telangana,323205.63,9023901.19,772.93,63.4,3.0,27.92
Potato,2010,Rabi,Telangana,308773.92,9504061.26,951.09,61.2,2.02,30.78
Onion,2010,Whole Year,Telangana,86988.76,3114197.61,2009.39,232.56,2.26,35.8
Onion,2010,Rabi,Telangana,313865.04,9491278.81,1038.41,216.36,4.4,30.24
Tomato,2010,Kharif,Telangana,417103.95,15841608.02,1670.24,61.91,1.89,37.98
Tomato,2010,Whole Year,Telangana,350166.72,13716030.42,1397.15,165.96,1.61,39.17
Banana,2010,Kharif,Telangana,189842.77,15701895.51,1901.63,130.01,4.45,82.71
Banana,2010,Rabi,Telangana,23138.17,1579411.48,1576.01,208.8,4.25,68.26
Rice,2010,Summer,Uttar Pradesh,259128.84,1420026.04,1211.29,148.4,0.88,5.48
Rice,2010,Whole Year,Uttar Pradesh,63804.63,407073.54,1630.78,95.57,4.11,6.38
Wheat,2010,Whole Year,Uttar Pradesh,156848.6,850119.41,461.66,87.6,4.46,5.42
Wheat,2010,Rabi,Uttar Pradesh,348801.94,2138155.89,1371.47,61.22,1.7,6.13
Maize,2010,Whole Year,Uttar Pradesh,346665.19,2225590.52,807.31,234.83,4.48,6.42
Maize,2010,Rabi,Uttar Pradesh,152480.86,904211.5,2141.96,51.32,2.34,5.93
Cotton(lint),2010,Summer,Uttar Pradesh,271416.47,974385.13,622.13,136.03,4.29,3.59
Cotton(lint),2010,Kharif,Uttar Pradesh,258874.95,970781.06,723.17,120.86,1.67,3.75
Sugarcane,2010,Kharif,Uttar Pradesh,406404.36,43851030.44,550.45,202.75,0.85,107.9
Sugarcane,2010,Summer,Uttar Pradesh,250010.82,23611021.84,595.85,225.75,2.14,94.44
Soybean,2010,Whole Year,Uttar Pradesh,385810.32,1114991.82,508.04,169.55,3.57,2.89
Soybean,2010,Rabi,Uttar Pradesh,76861.77,295917.81,1935.28,96.67,2.77,3.85
Groundnut,2010,Whole Year,Uttar Pradesh,44053.03,144053.41,824.62,40.84,4.48,3.27
Groundnut,2010,Kharif,Uttar Pradesh,9602.1,47050.29,1694.72,122.23,3.58,4.9
Rapeseed &Mustard,2010,Rabi,Uttar Pradesh,271680.51,766139.04,1144.51,108.39,2.63,2.82
Rapeseed &Mustard,2010,Kharif,Uttar Pradesh,255285.2,987953.72,2078.01,87.04,3.39,3.87
Gram,2010,Whole Year,Uttar Pradesh,397844.12,1237295.21,1393.08,159.41,4.1,3.11
Gram,2010,Summer,Uttar Pradesh,264079.62,900511.5,1539.38,198.78,4.41,3.41
Arhar/Tur,2010,Rabi,Uttar Pradesh,61427.43,183668.02,1870.74,184.56,3.51,2.99
Arhar/Tur,2010,Kharif,Uttar Pradesh,44227.98,98186.12,856.5,169.23,3.1,2.22
Moong(Green Gram),2010,Kharif,Uttar Pradesh,284140.88,420528.5,1094.54,101.33,2.93,1.48
Moong(Green Gram),2010,Rabi,Uttar Pradesh,67632.13,123766.8,1063.44,117.19,2.9,1.83
Potato,2010,Summer,Uttar Pradesh,110025.63,3348079.92,748.69,135.48,2.05,30.43
Potato,2010,Kharif,Uttar Pradesh,267727.02,12114647.66,1990.94,221.24,4.32,45.25
Onion,2010,Summer,Uttar Pradesh,105921.63,2701001.56,755.65,31.36,3.24,25.5
Onion,2010,Whole Year,Uttar Pradesh,417462.6,14744779.03,1564.35,233.76,1.68,35.32
Tomato,2010,Summer,Uttar Pradesh,172884.1,5826194.17,402.57,183.67,3.43,33.7
Tomato,2010,Rabi,Uttar Pradesh,235269.12,8544974.44,1047.95,33.37,2.62,36.32
Banana,2010,Whole Year,Uttar Pradesh,299716.34,21987190.7,1311.88,217.0,2.07,73.36
Banana,2010,Rabi,Uttar Pradesh,183357.62,10075501.22,885.37,50.51,3.61,54.95
Rice,2010,Summer,West Bengal,385970.13,1833358.12,1074.38,33.53,1.88,4.75
Rice,2010,Rabi,West Bengal,194678.42,1115507.35,502.09,153.5,3.45,5.73
Wheat,2010,Summer,West Bengal,93128.58,501963.05,1088.02,35.28,3.48,5.39
Wheat,2010,Whole Year,West Bengal,193333.3,1121333.14,619.8,125.94,0.77,5.8
Maize,2010,Kharif,West Bengal,92889.54,503461.31,473.39,171.18,1.68,5.42
Maize,2010,Summer,West Bengal,78077.31,391167.32,1143.5,131.32,2.17,5.01
Cotton(lint),2010,Whole Year,West Bengal,173971.68,695886.72,1661.67,32.08,1.65,4.0
Cotton(lint),2010,Rabi,West Bengal,238341.03,805592.68,1056.23,85.88,2.74,3.38
Sugarcane,2010,Rabi,West Bengal,132478.67,14666713.56,1494.24,108.38,2.37,110.71
Sugarcane,2010,Whole Year,West Bengal,344294.41,37665808.45,1129.46,187.14,4.28,109.4
Soybean,2010,Summer,West Bengal,321767.63,1065050.86,1338.51,173.49,1.36,3.31
Soybean,2010,Rabi,West Bengal,268833.65,1048451.24,923.58,180.24,3.67,3.9
Groundnut,2010,Summer,West Bengal,240493.58,1279425.85,2090.55,182.36,4.18,5.32
Groundnut,2010,Rabi,West Bengal,32375.61,146661.51,1299.83,213.52,1.61,4.53
Rapeseed &Mustard,2010,Rabi,West Bengal,372095.49,1514428.64,1943.51,220.4,1.96,4.07
Rapeseed &Mustard,2010,Summer,West Bengal,10227.99,33036.41,1812.8,45.71,4.45,3.23
Gram,2010,Kharif,West Bengal,55902.54,123544.61,669.51,194.36,2.73,2.21
Gram,2010,Summer,West Bengal,385163.22,1147786.4,1974.57,152.07,2.46,2.98
Arhar/Tur,2010,Kharif,West Bengal,154441.41,338226.69,1421.39,89.84,1.83,2.19
Arhar/Tur,2010,Rabi,West Bengal,37449.61,83138.13,991.04,119.12,2.53,2.22
Moong(Green Gram),2010,Kharif,West Bengal,18174.11,32349.92,1177.18,110.27,2.98,1.78
Moong(Green Gram),2010,Whole Year,West Bengal,444101.14,661710.7,944.05,36.48,0.91,1.49
Potato,2010,Rabi,West Bengal,44125.83,1568673.26,1178.79,101.0,0.73,35.55
Potato,2010,Whole Year,West Bengal,136270.97,5122425.76,1685.12,158.53,2.04,37.59
Onion,2010,Whole Year,West Bengal,416060.21,9748290.72,1430.24,44.62,2.58,23.43
Onion,2010,Rabi,West Bengal,212227.57,6475063.16,1226.99,160.8,1.32,30.51
Tomato,2010,Summer,West Bengal,50641.68,2292042.44,719.87,195.3,3.79,45.26
Tomato,2010,Kharif,West Bengal,284553.87,13129315.56,1190.41,172.84,0.67,46.14
Banana,2010,Whole Year,West Bengal,44548.64,3131323.91,1541.74,199.7,3.79,70.29
Banana,2010,Kharif,West Bengal,438183.95,28074445.68,1249.95,112.66,1.9,64.07
Rice,2011,Whole Year,Andhra Pradesh,341470.58,2219558.77,1383.06,166.81,2.42,6.5
Rice,2011,Rabi,Andhra Pradesh,72323.61,414414.29,1089.47,62.66,4.34,5.73
Wheat,2011,Rabi,Andhra Pradesh,34038.65,197764.56,1125.21,30.54,2.4,5.81
Wheat,2011,Whole Year,Andhra Pradesh,47398.61,261640.33,402.58,124.74,0.87,5.52
Maize,2011,Kharif,Andhra Pradesh,19351.14,122299.2,1112.05,239.33,3.35,6.32
Maize,2011,Whole Year,Andhra Pradesh,136414.88,817125.13,1703.89,64.64,2.45,5.99
Cotton(lint),2011,Kharif,Andhra Pradesh,244554.49,1159188.28,1599.97,201.75,1.81,4.74
Cotton(lint),2011,Summer,Andhra Pradesh,122263.28,392465.13,478.02,106.53,1.83,3.21
Sugarcane,2011,Rabi,Andhra Pradesh,196806.79,23646335.82,1573.81,41.08,0.98,120.15
Sugarcane,2011,Summer,Andhra Pradesh,348473.53,43179355.1,1125.4,181.74,3.14,123.91
Soybean,2011,Kharif,Andhra Pradesh,97073.28,360141.87,1535.64,74.36,1.01,3.71
Soybean,2011,Rabi,Andhra Pradesh,211003.32,727961.45,1144.93,151.4,1.31,3.45
Groundnut,2011,Summer,Andhra Pradesh,146109.04,609274.7,488.7,229.59,2.7,4.17
Groundnut,2011,Whole Year,Andhra Pradesh,406539.94,2089615.29,1269.97,150.53,2.31,5.14
Rapeseed &Mustard,2011,Whole Year,Andhra Pradesh,132266.66,429866.65,1210.37,77.95,1.75,3.25
Rapeseed &Mustard,2011,Summer,Andhra Pradesh,64618.23,257826.74,1862.24,210.63,3.28,3.99
Gram,2011,Kharif,Andhra Pradesh,380478.14,1050119.67,1287.93,134.65,4.4,2.76
Gram,2011,Rabi,Andhra Pradesh,63690.32,143940.12,986.2,36.4,0.29,2.26
Arhar/Tur,2011,Rabi,Andhra Pradesh,392175.12,937298.54,1320.6,148.7,0.23,2.39
Arhar/Tur,2011,Whole Year,Andhra Pradesh,391136.67,958284.84,1557.98,78.18,0.88,2.45
Moong(Green Gram),2011,Kharif,Andhra Pradesh,356447.48,784184.46,1242.89,172.84,2.87,2.2
Moong(Green Gram),2011,Whole Year,Andhra Pradesh,230964.71,545076.72,1863.52,134.42,4.31,2.36
Potato,2011,Kharif,Andhra Pradesh,178092.29,7285755.58,2074.87,161.52,0.56,40.91
Potato,2011,Summer,Andhra Pradesh,110074.39,4136595.58,934.76,151.21,2.54,37.58
Onion,2011,Summer,Andhra Pradesh,259821.45,6396804.1,626.89,79.32,1.67,24.62
Onion,2011,Rabi,Andhra Pradesh,26659.9,808861.37,1971.58,90.68,1.45,30.34
Tomato,2011,Rabi,Andhra Pradesh,259766.97,10299760.36,1730.94,46.01,4.16,39.65
Tomato,2011,Summer,Andhra Pradesh,216818.93,9303700.29,1734.51,98.96,2.32,42.91
Banana,2011,Summer,Andhra Pradesh,417093.23,28691843.29,1219.65,85.83,1.96,68.79
Banana,2011,Kharif,Andhra Pradesh,160780.69,10844657.54,818.72,161.56,4.16,67.45
Rice,2011,Summer,Assam,14966.89,74235.77,485.92,195.77,2.49,4.96
Rice,2011,Rabi,Assam,115263.55,805692.21,1549.04,210.43,4.14,6.99
Wheat,2011,Rabi,Assam,90698.52,566865.75,1827.97,120.14,4.48,6.25
Wheat,2011,Summer,Assam,168052.35,1167963.83,1740.87,132.76,0.86,6.95
Maize,2011,Summer,Assam,404765.25,2501449.25,1334.67,136.23,0.47,6.18
Maize,2011,Rabi,Assam,97346.25,511067.81,1349.27,80.54,3.47,5.25
Cotton(lint),2011,Kharif,Assam,92684.07,331808.97,1678.76,49.18,4.37,3.58
Cotton(lint),2011,Whole Year,Assam,433675.63,1374751.75,1120.56,106.4,3.23,3.17
Sugarcane,2011,Kharif,Assam,222694.25,20463374.63,1459.2,106.19,2.84,91.89
Sugarcane,2011,Whole Year,Assam,436171.58,43355455.05,1670.55,100.55,0.83,99.4
Soybean,2011,Whole Year,Assam,20984.85,85408.34,2023.88,143.56,3.21,4.07
Soybean,2011,Kharif,Assam,397231.23,1624675.73,2141.06,122.2,4.29,4.09
Groundnut,2011,Kharif,Assam,306961.51,1522529.09,1636.09,220.23,1.8,4.96
Groundnut,2011,Whole Year,Assam,149767.82,498726.84,512.04,139.59,3.72,3.33
Rapeseed &Mustard,2011,Summer,Assam,92201.88,218518.46,617.24,137.31,0.54,2.37
Rapeseed &Mustard,2011,Whole Year,Assam,48468.38,154129.45,1390.0,154.2,0.32,3.18
Gram,2011,Whole Year,Assam,392104.87,843025.47,785.27,155.1,0.6,2.15
Gram,2011,Kharif,Assam,333495.26,700340.05,444.49,219.65,0.5,2.1
Arhar/Tur,2011,Kharif,Assam,305542.84,879963.38,1851.51,169.12,1.61,2.88
Arhar/Tur,2011,Whole Year,Assam,8196.38,22785.94,1657.88,230.5,3.24,2.78
Moong(Green Gram),2011,Whole Year,Assam,53535.25,107605.85,1675.63,103.12,0.64,2.01
Moong(Green Gram),2011,Kharif,Assam,441249.98,833962.46,1107.04,216.15,2.39,1.89
Potato,2011,Whole Year,Assam,96567.66,4052944.69,1600.41,170.77,4.07,41.97
Potato,2011,Kharif,Assam,41571.46,1265850.96,1178.71,77.73,1.29,30.45
Onion,2011,Rabi,Assam,343552.3,10602023.98,1432.78,188.89,1.37,30.86
Onion,2011,Kharif,Assam,392390.09,10049110.2,2145.66,101.68,3.63,25.61
Tomato,2011,Summer,Assam,373614.38,15419065.46,1667.42,168.98,0.5,41.27
Tomato,2011,Kharif,Assam,388233.86,11553839.67,913.98,62.98,2.13,29.76
Banana,2011,Summer,Assam,118786.04,7716341.16,1245.33,214.25,0.54,64.96
Banana,2011,Kharif,Assam,14795.02,990970.44,2025.24,38.23,2.42,66.98
Rice,2011,Kharif,Bihar,203055.22,1179750.83,996.69,231.11,3.74,5.81
Rice,2011,Whole Year,Bihar,330578.37,2221486.65,1708.62,119.26,4.18,6.72
Wheat,2011,Whole Year,Bihar,106560.33,583950.61,703.34,101.82,0.91,5.48
Wheat,2011,Kharif,Bihar,215147.05,1116613.19,1075.07,107.43,1.04,5.19
Maize,2011,Summer,Bihar,232054.38,1123143.2,1712.65,37.5,1.77,4.84
Maize,2011,Whole Year,Bihar,54526.1,384409.01,1966.55,227.28,0.54,7.05
Cotton(lint),2011,Rabi,Bihar,353179.55,1762365.95,1979.65,180.06,2.45,4.99
Cotton(lint),2011,Whole Year,Bihar,216519.92,723176.53,1517.27,46.64,2.34,3.34
Sugarcane,2011,Rabi,Bihar,333099.1,30984878.28,1591.28,203.73,3.15,93.02
Sugarcane,2011,Kharif,Bihar,334877.72,31465110.57,1252.19,91.91,3.65,93.96
Soybean,2011,Kharif,Bihar,237435.87,600712.75,471.87,203.43,2.33,2.53
Soybean,2011,Summer,Bihar,387702.53,841314.49,754.12,63.69,1.12,2.17
Groundnut,2011,Summer,Bihar,3889.72,16414.62,933.98,89.08,4.03,4.22
Groundnut,2011,Kharif,Bihar,42263.79,137779.96,1079.5,96.59,2.51,3.26
Rapeseed &Mustard,2011,Whole Year,Bihar,253107.87,817538.42,1368.09,154.12,1.69,3.23
Rapeseed &Mustard,2011,Kharif,Bihar,369544.56,1315578.63,940.74,201.25,2.03,3.56
Gram,2011,Rabi,Bihar,52575.82,144583.51,924.67,233.46,1.57,2.75
Gram,2011,Summer,Bihar,330434.91,670782.87,913.82,92.51,2.22,2.03
Arhar/Tur,2011,Kharif,Bihar,49403.73,130919.88,1483.98,198.2,2.83,2.65
Arhar/Tur,2011,Summer,Bihar,375802.9,781670.03,944.9,204.86,3.57,2.08
Moong(Green Gram),2011,Whole Year,Bihar,47795.7,106584.41,653.84,235.24,2.73,2.23
Moong(Green Gram),2011,Summer,Bihar,97263.31,186745.56,1693.67,47.8,2.67,1.92
Potato,2011,Summer,Bihar,113369.55,3645964.73,912.87,165.91,0.89,32.16
Potato,2011,Rabi,Bihar,221173.81,7637131.66,1182.45,148.99,0.3,34.53
Onion,2011,Kharif,Bihar,16320.15,452884.16,1461.96,121.79,0.3,27.75
Onion,2011,Whole Year,Bihar,107303.22,2273755.23,857.52,30.09,0.49,21.19
Tomato,2011,Whole Year,Bihar,145051.98,5517777.32,1426.45,79.7,0.82,38.04
Tomato,2011,Rabi,Bihar,412326.12,14311839.63,1223.89,164.99,0.64,34.71
Banana,2011,Whole Year,Bihar,351262.04,22031155.15,1829.99,83.86,2.48,62.72
Banana,2011,Summer,Bihar,135609.41,9777438.46,1950.61,226.07,3.41,72.1
Rice,2011,Whole Year,Gujarat,284256.88,1239360.0,648.46,38.12,0.79,4.36
Rice,2011,Rabi,Gujarat,277021.32,1443281.08,1220.6,38.15,0.35,5.21
Wheat,2011,Kharif,Gujarat,335806.6,2085358.99,1535.24,119.66,4.08,6.21
Wheat,2011,Summer,Gujarat,38019.45,271458.87,923.27,144.18,1.39,7.14
Maize,2011,Rabi,Gujarat,76834.25,500190.97,1840.74,131.72,2.67,6.51
Maize,2011,Summer,Gujarat,184835.31,1234699.87,1854.78,191.73,1.16,6.68
Cotton(lint),2011,Whole Year,Gujarat,93687.05,470308.99,2090.57,176.43,0.42,5.02
Cotton(lint),2011,Kharif,Gujarat,373592.49,1598975.86,2031.33,53.58,2.09,4.28
Sugarcane,2011,Rabi,Gujarat,137271.46,10332422.79,454.1,37.62,4.3,75.27
Sugarcane,2011,Kharif,Gujarat,170714.26,20050389.84,1686.72,106.97,1.18,117.45
Soybean,2011,Kharif,Gujarat,313798.05,1066913.37,929.98,145.21,2.93,3.4
Soybean,2011,Rabi,Gujarat,404273.56,1811145.55,2147.77,170.16,4.38,4.48
Groundnut,2011,Rabi,Gujarat,245840.02,1384079.31,1180.0,232.23,1.88,5.63
Groundnut,2011,Whole Year,Gujarat,364360.62,1679702.46,1527.19,176.71,1.8,4.61
Rapeseed &Mustard,2011,Summer,Gujarat,289085.11,829674.27,1230.75,94.11,1.16,2.87
Rapeseed &Mustard,2011,Kharif,Gujarat,446307.97,874763.62,401.54,71.41,1.01,1.96
Gram,2011,Rabi,Gujarat,132163.39,274899.85,932.38,54.71,1.94,2.08
Gram,2011,Summer,Gujarat,246508.1,783895.76,1535.36,231.08,1.82,3.18
Arhar/Tur,2011,Rabi,Gujarat,333363.0,933416.4,1898.51,187.67,0.82,2.8
Arhar/Tur,2011,Summer,Gujarat,312732.72,628592.77,1087.31,57.82,3.91,2.01
Moong(Green Gram),2011,Kharif,Gujarat,118624.09,181494.86,832.97,70.86,3.82,1.53
Moong(Green Gram),2011,Whole Year,Gujarat,35255.45,76151.77,2109.14,156.7,4.08,2.16
Potato,2011,Rabi,Gujarat,316475.71,9269573.55,567.31,33.38,0.92,29.29
Potato,2011,Whole Year,Gujarat,250874.57,8211124.68,1346.71,83.1,0.86,32.73
Onion,2011,Summer,Gujarat,227861.9,6229744.35,1490.96,32.05,3.55,27.34
Onion,2011,Kharif,Gujarat,192268.11,4977821.37,1002.69,148.78,3.56,25.89
Tomato,2011,Whole Year,Gujarat,284394.24,12831868.11,1088.42,131.24,3.8,45.12
Tomato,2011,Rabi,Gujarat,295720.38,13112241.65,1846.5,164.01,0.48,44.34
Banana,2011,Kharif,Gujarat,88831.37,6076065.71,1456.11,207.02,2.72,68.4
Banana,2011,Whole Year,Gujarat,163068.37,10679347.55,727.72,231.78,3.27,65.49
Rice,2011,Summer,Haryana,162499.08,1379617.19,1105.15,196.64,1.59,8.49
Rice,2011,Rabi,Haryana,104864.26,800114.3,1693.65,144.89,2.12,7.63
Wheat,2011,Kharif,Haryana,210239.52,1358147.3,760.09,147.22,1.34,6.46
Wheat,2011,Summer,Haryana,214991.34,1485590.16,1178.46,182.39,2.77,6.91
Maize,2011,Summer,Haryana,76644.91,563340.09,1832.5,30.24,1.41,7.35
Maize,2011,Whole Year,Haryana,349830.23,2539767.47,1310.67,136.97,3.32,7.26
Cotton(lint),2011,Whole Year,Haryana,66495.58,260662.67,1657.32,60.46,0.26,3.92
Cotton(lint),2011,Summer,Haryana,346800.03,1966356.17,1958.74,228.39,3.06,5.67
Sugarcane,2011,Whole Year,Haryana,221170.83,22384699.7,742.63,103.17,3.29,101.21
Sugarcane,2011,Rabi,Haryana,337323.05,33067778.59,720.1,81.64,0.28,98.03
Soybean,2011,Whole Year,Haryana,312194.9,1145755.28,1826.23,83.91,2.11,3.67
Soybean,2011,Summer,Haryana,313947.93,1271489.12,1541.15,54.08,3.56,4.05
Groundnut,2011,Summer,Haryana,202900.63,988126.07,1229.84,128.57,3.99,4.87
Groundnut,2011,Kharif,Haryana,322560.88,1480554.44,477.04,186.24,2.29,4.59
Rapeseed &Mustard,2011,Summer,Haryana,357830.44,1409851.93,2140.01,182.69,4.47,3.94
Rapeseed &Mustard,2011,Whole Year,Haryana,92116.86,257927.21,984.22,31.5,3.13,2.8
Gram,2011,Kharif,Haryana,154242.27,311569.39,612.05,49.21,1.64,2.02
Gram,2011,Summer,Haryana,24303.63,63189.44,1471.02,60.51,3.45,2.6
Arhar/Tur,2011,Whole Year,Haryana,350823.79,887584.19,823.28,188.26,3.92,2.53
Arhar/Tur,2011,Kharif,Haryana,183902.37,562741.25,2167.25,109.71,2.95,3.06
Moong(Green Gram),2011,Kharif,Haryana,316941.67,665577.51,1756.08,43.81,3.48,2.1
Moong(Green Gram),2011,Summer,Haryana,131713.37,255523.94,1281.44,53.19,2.23,1.94
Potato,2011,Rabi,Haryana,73588.88,1992050.98,814.1,46.08,4.16,27.07
Potato,2011,Summer,Haryana,240995.63,11213526.66,1530.93,223.59,0.97,46.53
Onion,2011,Kharif,Haryana,167351.25,4182107.74,440.61,61.01,0.31,24.99
Onion,2011,Whole Year,Haryana,37175.44,1164334.78,1266.86,115.3,2.81,31.32
Tomato,2011,Kharif,Haryana,219234.38,8865838.33,1613.5,203.01,2.26,40.44
Tomato,2011,Whole Year,Haryana,351481.16,15468685.85,1635.15,124.74,2.0,44.01
Banana,2011,Rabi,Haryana,70938.6,5084878.85,1373.46,50.76,1.57,71.68
Banana,2011,Summer,Haryana,176357.09,11166930.94,516.83,111.51,0.83,63.32
Rice,2011,Summer,Karnataka,63119.48,359781.04,642.7,179.42,1.82,5.7
Rice,2011,Rabi,Karnataka,442593.91,2208543.61,769.76,51.59,1.54,4.99
Wheat,2011,Rabi,Karnataka,154471.38,756909.76,439.33,105.6,4.02,4.9
Wheat,2011,Summer,Karnataka,266224.17,2135117.84,2006.02,177.01,0.84,8.02
Maize,2011,Rabi,Karnataka,160357.18,928468.07,1171.48,199.92,0.58,5.79
Maize,2011,Summer,Karnataka,63117.99,243635.44,408.35,32.0,1.84,3.86
Cotton(lint),2011,Rabi,Karnataka,272317.05,1263551.11,1263.0,226.22,1.23,4.64
Cotton(lint),2011,Kharif,Karnataka,34994.41,152225.68,1497.21,173.16,2.37,4.35
Sugarcane,2011,Summer,Karnataka,63441.55,6267390.72,1121.46,45.8,2.54,98.79
Sugarcane,2011,Rabi,Karnataka,332831.62,38325561.04,1373.99,225.85,2.26,115.15
Soybean,2011,Kharif,Karnataka,22087.41,77747.68,1002.2,175.97,3.61,3.52
Soybean,2011,Summer,Karnataka,429957.56,1762826.0,2032.26,195.77,3.26,4.1
Groundnut,2011,Rabi,Karnataka,407866.47,2414569.5,2075.27,218.04,0.79,5.92
Groundnut,2011,Summer,Karnataka,350703.32,1490489.11,1411.74,238.63,2.16,4.25
Rapeseed &Mustard,2011,Whole Year,Karnataka,222598.14,816935.17,1942.57,144.69,1.97,3.67
Rapeseed &Mustard,2011,Summer,Karnataka,330404.44,1080422.52,2058.32,82.85,1.73,3.27
Gram,2011,Summer,Karnataka,237754.73,703754.0,1668.24,210.51,4.25,2.96
Gram,2011,Kharif,Karnataka,395444.6,953021.49,473.21,199.54,3.13,2.41
Arhar/Tur,2011,Kharif,Karnataka,445475.76,948863.37,1446.31,52.87,2.17,2.13
Arhar/Tur,2011,Rabi,Karnataka,166319.63,404156.7,590.11,183.77,1.58,2.43
Moong(Green Gram),2011,Whole Year,Karnataka,73899.61,198789.95,2076.88,228.91,3.95,2.69
Moong(Green Gram),2011,Summer,Karnataka,224188.38,473037.48,1470.87,206.53,0.33,2.11
Potato,2011,Summer,Karnataka,366372.68,13489842.08,1927.64,65.54,3.24,36.82
Potato,2011,Rabi,Karnataka,110684.14,3950316.96,1728.07,125.55,4.44,35.69
Onion,2011,Rabi,Karnataka,20876.42,574519.08,1050.91,188.86,1.79,27.52
Onion,2011,Whole Year,Karnataka,190746.13,6885935.29,1415.01,229.64,0.67,36.1
Tomato,2011,Summer,Karnataka,419552.06,17319109.04,2069.3,72.11,1.33,41.28
Tomato,2011,Rabi,Karnataka,319592.27,11313566.36,1200.82,65.49,2.18,35.4
Banana,2011,Rabi,Karnataka,229860.89,13593973.03,634.39,124.96,0.59,59.14
Banana,2011,Summer,Karnataka,67467.75,3532611.39,872.55,105.88,0.82,52.36
Rice,2011,Whole Year,Madhya Pradesh,324044.37,2203501.72,1025.64,238.92,1.5,6.8
Rice,2011,Rabi,Madhya Pradesh,375889.21,1879446.05,746.53,178.97,0.46,5.0
Wheat,2011,Kharif,Madhya Pradesh,90052.29,592544.07,2033.45,50.26,3.88,6.58
Wheat,2011,Summer,Madhya Pradesh,242340.87,1541287.93,1980.77,61.86,3.48,6.36
Maize,2011,Summer,Madhya Pradesh,320196.66,2084480.26,1682.31,54.25,2.65,6.51
Maize,2011,Rabi,Madhya Pradesh,38886.26,234095.29,1527.71,88.96,2.38,6.02
Cotton(lint),2011,Rabi,Madhya Pradesh,158308.77,823205.6,1993.15,230.53,4.29,5.2
Cotton(lint),2011,Whole Year,Madhya Pradesh,82618.68,251986.97,621.8,42.55,0.28,3.05
Sugarcane,2011,Kharif,Madhya Pradesh,28825.42,3003608.76,1481.07,56.21,3.63,104.2
Sugarcane,2011,Whole Year,Madhya Pradesh,353284.34,32085283.76,601.8,110.02,3.53,90.82
Soybean,2011,Kharif,Madhya Pradesh,69177.88,258725.27,1448.31,156.5,1.03,3.74
Soybean,2011,Rabi,Madhya Pradesh,211910.56,612421.52,1182.98,91.94,3.53,2.89
Groundnut,2011,Kharif,Madhya Pradesh,274185.76,1381896.23,2020.73,94.49,1.0,5.04
Groundnut,2011,Rabi,Madhya Pradesh,418911.25,1411730.91,697.94,60.29,2.53,3.37
Rapeseed &Mustard,2011,Rabi,Madhya Pradesh,269735.5,809206.5,724.68,130.72,3.03,3.0
Rapeseed &Mustard,2011,Summer,Madhya Pradesh,203310.48,508276.2,1000.48,93.76,1.97,2.5
Gram,2011,Kharif,Madhya Pradesh,87308.72,226129.58,494.24,219.71,4.27,2.59
Gram,2011,Summer,Madhya Pradesh,121931.11,407249.91,1376.4,238.37,3.88,3.34
Arhar/Tur,2011,Summer,Madhya Pradesh,53434.91,134655.97,994.52,182.22,2.83,2.52
Arhar/Tur,2011,Kharif,Madhya Pradesh,157588.79,349847.11,1471.56,65.84,1.54,2.22
Moong(Green Gram),2011,Summer,Madhya Pradesh,180753.91,381390.75,1869.03,178.76,3.76,2.11
Moong(Green Gram),2011,Kharif,Madhya Pradesh,437371.6,935975.22,1691.19,205.15,0.26,2.14
Potato,2011,Whole Year,Madhya Pradesh,238630.93,9001158.68,1600.45,103.59,4.48,37.72
Potato,2011,Summer,Madhya Pradesh,326448.28,11455070.15,1935.05,66.5,1.16,35.09
Onion,2011,Kharif,Madhya Pradesh,210471.83,5973190.54,1105.83,182.01,4.11,28.38
Onion,2011,Summer,Madhya Pradesh,275046.22,7522514.12,973.41,192.21,4.38,27.35
Tomato,2011,Kharif,Madhya Pradesh,55899.23,2144294.46,1284.36,167.59,2.69,38.36
Tomato,2011,Summer,Madhya Pradesh,302290.26,13327977.56,1856.04,220.7,3.7,44.09
Banana,2011,Whole Year,Madhya Pradesh,273321.96,14559860.81,621.56,129.03,2.9,53.27
Banana,2011,Summer,Madhya Pradesh,367897.17,22971499.29,822.83,172.12,2.05,62.44
Rice,2011,Rabi,Maharashtra,78425.78,710537.57,2028.96,230.05,1.77,9.06
Rice,2011,Whole Year,Maharashtra,205601.73,1112305.36,451.5,223.17,2.05,5.41
Wheat,2011,Rabi,Maharashtra,193450.52,1427664.84,1818.77,180.21,3.9,7.38
Wheat,2011,Kharif,Maharashtra,159590.49,941583.89,1040.37,206.88,3.41,5.9
Maize,2011,Kharif,Maharashtra,364138.94,2370544.5,2061.08,79.75,2.52,6.51
Maize,2011,Summer,Maharashtra,41006.3,264080.57,2095.11,163.99,3.87,6.44
Cotton(lint),2011,Whole Year,Maharashtra,356601.05,748862.2,511.68,47.14,1.48,2.1
Cotton(lint),2011,Rabi,Maharashtra,20644.93,113753.56,2123.48,230.1,1.4,5.51
Sugarcane,2011,Whole Year,Maharashtra,87038.48,8688181.07,1221.89,34.41,0.87,99.82
Sugarcane,2011,Kharif,Maharashtra,355483.77,40973059.33,2058.77,55.0,0.9,115.26
Soybean,2011,Kharif,Maharashtra,237122.92,1003029.95,1805.49,191.47,1.72,4.23
Soybean,2011,Summer,Maharashtra,281738.36,853667.23,667.14,172.74,0.65,3.03
Groundnut,2011,Kharif,Maharashtra,402303.54,1737951.29,1458.38,159.13,3.28,4.32
Groundnut,2011,Summer,Maharashtra,409414.49,1707258.42,2120.81,55.28,0.71,4.17
Rapeseed &Mustard,2011,Whole Year,Maharashtra,274610.34,1002327.74,2057.45,52.34,1.11,3.65
Rapeseed &Mustard,2011,Kharif,Maharashtra,121532.51,377966.11,1987.7,41.54,4.25,3.11
Gram,2011,Rabi,Maharashtra,119048.52,273811.6,983.62,95.16,2.99,2.3
Gram,2011,Summer,Maharashtra,60675.9,170499.28,1875.53,109.94,2.47,2.81
Arhar/Tur,2011,Whole Year,Maharashtra,303937.15,878378.36,1780.19,179.11,3.37,2.89
Arhar/Tur,2011,Kharif,Maharashtra,82195.54,166034.99,576.43,189.0,4.02,2.02
Moong(Green Gram),2011,Whole Year,Maharashtra,258473.18,403218.16,1170.64,85.35,3.47,1.56
Moong(Green Gram),2011,Summer,Maharashtra,166058.27,396879.27,1992.84,188.6,1.59,2.39
Potato,2011,Summer,Maharashtra,143455.02,4117159.07,456.09,86.98,1.14,28.7
Potato,2011,Rabi,Maharashtra,211151.9,5829903.96,539.94,84.99,4.3,27.61
Onion,2011,Summer,Maharashtra,21872.65,507664.21,1554.19,43.53,3.36,23.21
Onion,2011,Rabi,Maharashtra,243015.56,6311114.09,729.4,122.13,3.64,25.97
Tomato,2011,Kharif,Maharashtra,295842.07,9674035.69,643.92,133.72,0.86,32.7
Tomato,2011,Summer,Maharashtra,177585.59,6641701.07,1476.01,107.18,3.23,37.4
Banana,2011,Whole Year,Maharashtra,421552.75,23847239.07,827.13,69.79,2.82,56.57
Banana,2011,Summer,Maharashtra,2456.76,208431.52,1399.43,225.89,1.64,84.84
Rice,2011,Whole Year,Odisha,418867.36,2194864.97,1441.32,67.58,3.05,5.24
Rice,2011,Summer,Odisha,394324.83,2760273.81,1346.42,216.75,1.62,7.0
Wheat,2011,Rabi,Odisha,43701.59,229870.36,845.71,87.29,4.41,5.26
Wheat,2011,Summer,Odisha,375830.26,2495512.93,1441.48,171.83,2.89,6.64
Maize,2011,Summer,Odisha,114261.44,856960.8,1857.24,229.57,2.2,7.5
Maize,2011,Rabi,Odisha,298180.27,1965007.98,1384.81,215.15,2.13,6.59
Cotton(lint),2011,Summer,Odisha,412242.24,1088319.51,552.78,99.97,4.26,2.64
Cotton(lint),2011,Rabi,Odisha,48370.09,272807.31,1911.05,186.48,0.45,5.64
Sugarcane,2011,Whole Year,Odisha,186375.83,18091501.82,1197.14,47.28,4.04,97.07
Sugarcane,2011,Rabi,Odisha,91601.02,9746348.53,1601.55,166.44,4.08,106.4
Soybean,2011,Summer,Odisha,187830.52,766348.52,1689.45,219.17,0.75,4.08
Soybean,2011,Whole Year,Odisha,425831.69,1277495.07,1271.45,108.66,1.42,3.0
Groundnut,2011,Rabi,Odisha,410342.66,1834231.69,1885.79,124.63,1.87,4.47
Groundnut,2011,Kharif,Odisha,50415.35,232414.76,2147.99,150.52,0.75,4.61
Rapeseed &Mustard,2011,Rabi,Odisha,240032.09,612081.83,463.91,229.68,1.38,2.55
Rapeseed &Mustard,2011,Whole Year,Odisha,19255.29,57573.32,1083.33,160.78,0.68,2.99
Gram,2011,Rabi,Odisha,87343.46,216611.78,456.88,208.98,0.79,2.48
Gram,2011,Summer,Odisha,163754.47,525651.85,1944.88,203.18,0.54,3.21
Arhar/Tur,2011,Summer,Odisha,343579.33,872691.5,1495.13,106.74,0.98,2.54
Arhar/Tur,2011,Kharif,Odisha,223044.06,455009.88,1177.48,116.16,2.37,2.04
Moong(Green Gram),2011,Rabi,Odisha,393485.28,688599.24,1989.19,77.82,4.05,1.75
Moong(Green Gram),2011,Whole Year,Odisha,327176.85,395883.99,948.45,41.12,1.81,1.21
Potato,2011,Kharif,Odisha,297223.69,10732747.45,1720.72,218.4,2.06,36.11
Potato,2011,Summer,Odisha,194759.18,5412357.61,1685.0,32.76,1.56,27.79
Onion,2011,Kharif,Odisha,338678.62,8527927.65,1734.59,38.41,3.11,25.18
Onion,2011,Summer,Odisha,434996.86,11366467.95,1080.04,153.87,0.81,26.13
Tomato,2011,Rabi,Odisha,80834.7,2623894.36,548.22,215.12,4.14,32.46
Tomato,2011,Summer,Odisha,297254.5,9788590.69,993.87,214.2,0.66,32.93
Banana,2011,Rabi,Odisha,444765.79,23203431.26,1478.63,137.85,0.96,52.17
Banana,2011,Kharif,Odisha,57785.65,3606402.42,1235.8,64.52,3.34,62.41
Rice,2011,Kharif,Punjab,284749.57,2104299.32,1175.76,59.08,4.37,7.39
Rice,2011,Rabi,Punjab,160038.01,1048248.97,746.53,201.98,1.76,6.55
Wheat,2011,Rabi,Punjab,96942.12,716402.27,1335.01,170.34,3.64,7.39
Wheat,2011,Whole Year,Punjab,9311.74,52797.57,810.56,35.02,1.69,5.67
Maize,2011,Rabi,Punjab,302264.65,2741540.38,1897.1,209.05,0.94,9.07
Maize,2011,Whole Year,Punjab,348404.28,2393537.4,1812.42,77.92,1.03,6.87
Cotton(lint),2011,Kharif,Punjab,143953.21,561417.52,588.47,180.52,1.49,3.9
Cotton(lint),2011,Summer,Punjab,142051.84,613663.95,1466.82,105.26,0.29,4.32
Sugarcane,2011,Summer,Punjab,367121.65,45453331.49,1741.36,100.29,0.48,123.81
Sugarcane,2011,Kharif,Punjab,430311.84,51250140.14,1701.14,203.94,1.39,119.1
Soybean,2011,Kharif,Punjab,65557.45,212406.14,951.62,190.83,1.51,3.24
Soybean,2011,Whole Year,Punjab,36560.82,156114.7,2090.98,145.19,3.59,4.27
Groundnut,2011,Summer,Punjab,386990.39,1400905.21,680.02,66.2,2.4,3.62
Groundnut,2011,Kharif,Punjab,27906.79,154882.68,1381.96,175.24,1.25,5.55
Rapeseed &Mustard,2011,Kharif,Punjab,428687.4,1191750.97,875.4,48.42,2.24,2.78
Rapeseed &Mustard,2011,Whole Year,Punjab,21526.33,106555.33,2153.69,204.02,0.77,4.95
Gram,2011,Rabi,Punjab,60192.12,172149.46,1016.92,137.14,4.09,2.86
Gram,2011,Summer,Punjab,6829.54,20830.1,1533.84,145.82,3.69,3.05
Arhar/Tur,2011,Rabi,Punjab,391712.25,1026286.1,1155.45,167.46,2.37,2.62
Arhar/Tur,2011,Kharif,Punjab,129677.27,408483.4,1054.09,210.41,2.21,3.15
Moong(Green Gram),2011,Summer,Punjab,292755.56,582583.56,1765.51,97.77,3.63,1.99
Moong(Green Gram),2011,Rabi,Punjab,100489.55,184900.77,759.83,184.8,4.02,1.84
Potato,2011,Kharif,Punjab,141538.26,5548299.79,1584.13,107.39,2.56,39.2
Potato,2011,Summer,Punjab,449862.83,21638402.12,936.31,235.43,1.07,48.1
Onion,2011,Summer,Punjab,276037.14,10586024.32,1242.73,200.13,3.5,38.35
Onion,2011,Kharif,Punjab,338114.74,12980224.87,1801.45,230.84,1.35,38.39
Tomato,2011,Whole Year,Punjab,347615.75,15701803.43,2067.78,43.26,2.9,45.17
Tomato,2011,Kharif,Punjab,70508.25,2302094.36,630.54,32.56,2.91,32.65
Banana,2011,Rabi,Punjab,274098.22,15897696.76,471.4,53.87,3.44,58.0
Banana,2011,Summer,Punjab,26979.44,2184795.05,1441.69,163.51,0.78,80.98
Rice,2011,Rabi,Rajasthan,445073.14,2946384.19,1895.72,153.68,3.05,6.62
Rice,2011,Summer,Rajasthan,98498.42,714113.55,2130.65,142.22,1.83,7.25
Wheat,2011,Kharif,Rajasthan,349413.16,1921772.38,896.39,134.85,1.54,5.5
Wheat,2011,Summer,Rajasthan,313429.99,1394763.46,550.26,38.47,1.31,4.45
Maize,2011,Kharif,Rajasthan,4797.99,28644.0,1836.3,150.0,4.44,5.97
Maize,2011,Whole Year,Rajasthan,23265.07,161459.59,1989.68,206.65,1.69,6.94
Cotton(lint),2011,Kharif,Rajasthan,266801.53,939141.39,550.53,198.95,2.11,3.52
Cotton(lint),2011,Rabi,Rajasthan,318159.03,1317178.38,1508.96,215.82,1.26,4.14
Sugarcane,2011,Rabi,Rajasthan,269527.28,26278909.8,1073.39,108.74,0.77,97.5
Sugarcane,2011,Kharif,Rajasthan,204011.42,17755113.88,1800.38,119.35,0.86,87.03
Soybean,2011,Kharif,Rajasthan,412034.06,1437998.87,983.07,219.09,2.37,3.49
Soybean,2011,Summer,Rajasthan,14900.75,36655.85,450.43,155.96,3.63,2.46
Groundnut,2011,Summer,Rajasthan,83720.83,287162.45,805.65,168.88,2.22,3.43
Groundnut,2011,Kharif,Rajasthan,362678.25,1403564.83,1510.7,58.43,1.81,3.87
Rapeseed &Mustard,2011,Whole Year,Rajasthan,436362.06,1003632.74,913.35,58.64,3.46,2.3
Rapeseed &Mustard,2011,Rabi,Rajasthan,285716.27,897149.09,1773.3,62.15,4.39,3.14
Gram,2011,Kharif,Rajasthan,211142.9,608091.55,1242.73,177.58,4.48,2.88
Gram,2011,Rabi,Rajasthan,12913.42,36932.38,1858.77,92.99,0.74,2.86
Arhar/Tur,2011,Kharif,Rajasthan,397080.15,786218.7,666.24,136.75,2.98,1.98
Arhar/Tur,2011,Summer,Rajasthan,445308.7,659056.88,608.5,57.29,0.76,1.48
Moong(Green Gram),2011,Rabi,Rajasthan,367904.4,827784.9,1739.56,210.54,1.12,2.25
Moong(Green Gram),2011,Kharif,Rajasthan,71540.02,125195.04,1608.61,79.81,2.35,1.75
Potato,2011,Kharif,Rajasthan,407985.52,12186527.48,1879.45,108.81,3.28,29.87
Potato,2011,Whole Year,Rajasthan,154634.74,3913805.27,527.74,99.67,2.18,25.31
Onion,2011,Rabi,Rajasthan,366189.01,11285945.29,1583.9,201.16,2.68,30.82
Onion,2011,Summer,Rajasthan,88170.25,2668913.47,1918.82,201.84,4.44,30.27
Tomato,2011,Kharif,Rajasthan,351072.14,15457706.32,2133.68,134.69,2.85,44.03
Tomato,2011,Summer,Rajasthan,208790.88,7142736.0,1187.77,209.65,0.42,34.21
Banana,2011,Rabi,Rajasthan,328939.48,13940455.16,560.08,103.62,4.12,42.38
Banana,2011,Kharif,Rajasthan,430696.81,26065770.94,839.77,220.07,3.32,60.52
Rice,2011,Kharif,Tamil Nadu,168493.22,1139014.17,649.91,215.05,3.42,6.76
Rice,2011,Rabi,Tamil Nadu,228416.07,1375064.74,669.95,99.24,0.79,6.02
Wheat,2011,Whole Year,Tamil Nadu,125413.53,956905.23,1303.7,153.34,2.91,7.63
Wheat,2011,Rabi,Tamil Nadu,381935.23,2841598.11,931.85,164.73,0.42,7.44
Maize,2011,Kharif,Tamil Nadu,323764.39,2185409.63,1603.32,187.11,1.01,6.75
Maize,2011,Whole Year,Tamil Nadu,164959.33,1148116.94,1828.6,184.96,4.18,6.96
Cotton(lint),2011,Summer,Tamil Nadu,351943.17,1333864.61,902.24,60.3,1.62,3.79
Cotton(lint),2011,Rabi,Tamil Nadu,174620.49,759599.13,1296.66,125.53,0.24,4.35
Sugarcane,2011,Rabi,Tamil Nadu,239044.32,31788113.67,2061.27,73.62,2.8,132.98
Sugarcane,2011,Kharif,Tamil Nadu,272856.07,31446662.07,1290.13,221.73,1.82,115.25
Soybean,2011,Summer,Tamil Nadu,312179.36,902198.35,480.51,131.72,2.29,2.89
Soybean,2011,Kharif,Tamil Nadu,358667.05,1004267.74,674.92,106.4,0.63,2.8
Groundnut,2011,Whole Year,Tamil Nadu,333969.15,1569655.01,1685.2,91.88,2.57,4.7
Groundnut,2011,Rabi,Tamil Nadu,372316.83,2542923.95,1899.16,208.63,3.65,6.83
Rapeseed &Mustard,2011,Kharif,Tamil Nadu,337510.99,1218414.67,2043.81,36.24,1.78,3.61
Rapeseed &Mustard,2011,Rabi,Tamil Nadu,380762.68,1138480.41,771.54,179.27,3.35,2.99
Gram,2011,Rabi,Tamil Nadu,280863.03,966168.82,1910.51,189.42,2.77,3.44
Gram,2011,Kharif,Tamil Nadu,238015.34,597418.5,620.93,143.42,2.83,2.51
Arhar/Tur,2011,Summer,Tamil Nadu,349699.63,1003637.94,1949.3,216.74,1.51,2.87
Arhar/Tur,2011,Whole Year,Tamil Nadu,343359.19,841230.02,616.95,190.18,2.09,2.45
Moong(Green Gram),2011,Rabi,Tamil Nadu,79803.8,169982.09,1698.99,159.79,0.59,2.13
Moong(Green Gram),2011,Whole Year,Tamil Nadu,210745.66,410954.04,1042.57,145.61,3.24,1.95
Potato,2011,Rabi,Tamil Nadu,383824.02,13061531.4,1780.88,101.46,0.21,34.03
Potato,2011,Kharif,Tamil Nadu,335651.21,13375700.72,1203.43,172.51,3.86,39.85
Onion,2011,Summer,Tamil Nadu,173810.51,6112915.64,1017.81,201.5,4.36,35.17
Onion,2011,Whole Year,Tamil Nadu,315012.77,11286907.55,2141.29,200.33,0.53,35.83
Tomato,2011,Rabi,Tamil Nadu,7888.01,334530.5,852.36,223.57,4.18,42.41
Tomato,2011,Whole Year,Tamil Nadu,226849.57,10884242.37,1925.56,211.01,2.85,47.98
Banana,2011,Summer,Tamil Nadu,150332.61,10706688.48,2116.6,44.41,2.96,71.22
Banana,2011,Rabi,Tamil Nadu,339858.28,30563455.12,2068.44,186.24,1.53,89.93
Rice,2011,Rabi,Telangana,2264.76,12569.42,1055.61,65.41,3.46,5.55
Rice,2011,Whole Year,Telangana,133069.3,745188.08,640.61,192.08,1.13,5.6
Wheat,2011,Whole Year,Telangana,57476.91,460964.82,2032.44,154.01,3.37,8.02
Wheat,2011,Kharif,Telangana,19717.72,103518.03,755.83,101.11,3.62,5.25
Maize,2011,Summer,Telangana,257495.92,1581024.95,961.93,186.61,1.09,6.14
Maize,2011,Rabi,Telangana,370054.12,2101907.4,1251.25,70.42,0.63,5.68
Cotton(lint),2011,Kharif,Telangana,200853.79,966106.73,1873.01,192.47,1.21,4.81
Cotton(lint),2011,Rabi,Telangana,397529.12,1216439.11,564.57,144.01,0.58,3.06
Sugarcane,2011,Summer,Telangana,36611.45,3313702.34,743.53,83.6,1.39,90.51
Sugarcane,2011,Kharif,Telangana,36823.67,3898153.71,739.67,213.13,2.9,105.86
Soybean,2011,Kharif,Telangana,96342.55,222551.29,468.33,132.59,2.67,2.31
Soybean,2011,Whole Year,Telangana,72924.74,219503.47,863.41,224.39,0.81,3.01
Groundnut,2011,Summer,Telangana,205744.75,738623.65,714.35,168.92,2.18,3.59
Groundnut,2011,Rabi,Telangana,30385.82,122151.0,1334.79,95.71,3.24,4.02
Rapeseed &Mustard,2011,Rabi,Telangana,243892.04,817038.33,2031.05,38.44,1.91,3.35
Rapeseed &Mustard,2011,Summer,Telangana,291299.28,1267151.87,1965.31,192.94,2.91,4.35
Gram,2011,Whole Year,Telangana,329197.62,829578.0,1615.27,81.04,2.76,2.52
Gram,2011,Rabi,Telangana,426559.15,1083460.24,1368.8,37.01,1.93,2.54
Arhar/Tur,2011,Summer,Telangana,335736.07,607682.29,735.7,79.46,3.61,1.81
Arhar/Tur,2011,Kharif,Telangana,10866.99,24124.72,1024.25,176.79,0.59,2.22
Moong(Green Gram),2011,Rabi,Telangana,73173.97,160250.99,1500.09,169.91,3.08,2.19
Moong(Green Gram),2011,Summer,Telangana,407480.21,578621.9,1035.74,74.26,3.52,1.42
Potato,2011,Summer,Telangana,330572.2,11837790.48,2092.88,49.55,1.52,35.81
Potato,2011,Kharif,Telangana,244216.94,6415579.01,941.13,170.12,2.97,26.27
Onion,2011,Kharif,Telangana,214897.07,5847349.27,1041.21,133.12,4.16,27.21
Onion,2011,Rabi,Telangana,197757.11,6599154.76,1877.17,193.81,2.41,33.37
Tomato,2011,Whole Year,Telangana,294899.18,13223279.23,685.96,184.82,3.17,44.84
Tomato,2011,Rabi,Telangana,48044.42,1867967.05,1184.71,48.18,1.52,38.88
Banana,2011,Whole Year,Telangana,334345.2,20154328.66,1432.99,70.79,2.76,60.28
Banana,2011,Kharif,Telangana,367699.57,22933422.18,1399.71,30.9,2.44,62.37
Rice,2011,Summer,Uttar Pradesh,347180.12,2725363.94,2019.1,190.16,3.84,7.85
Rice,2011,Kharif,Uttar Pradesh,628.77,4118.44,1311.63,224.09,1.06,6.55
Wheat,2011,Kharif,Uttar Pradesh,72579.12,413700.98,829.35,127.02,1.01,5.7
Wheat,2011,Rabi,Uttar Pradesh,233879.58,1639495.86,642.04,138.62,0.41,7.01
Maize,2011,Whole Year,Uttar Pradesh,286664.79,1355924.46,653.88,166.43,1.02,4.73
Maize,2011,Kharif,Uttar Pradesh,10396.24,53228.75,781.4,142.64,2.27,5.12
Cotton(lint),2011,Kharif,Uttar Pradesh,308479.96,1440601.41,1667.67,105.17,3.99,4.67
Cotton(lint),2011,Rabi,Uttar Pradesh,125164.29,481882.52,401.1,211.73,3.74,3.85
Sugarcane,2011,Whole Year,Uttar Pradesh,111512.5,11023010.62,1136.21,168.61,1.15,98.85
Sugarcane,2011,Kharif,Uttar Pradesh,10688.06,1305974.05,2060.82,200.18,3.18,122.19
Soybean,2011,Whole Year,Uttar Pradesh,117091.31,420357.8,1096.04,198.6,1.86,3.59
Soybean,2011,Summer,Uttar Pradesh,200438.94,785720.64,1707.13,173.28,0.78,3.92
Groundnut,2011,Rabi,Uttar Pradesh,78942.43,371818.85,1534.09,165.23,1.41,4.71
Groundnut,2011,Kharif,Uttar Pradesh,110845.11,540924.14,694.39,184.79,4.14,4.88
Rapeseed &Mustard,2011,Kharif,Uttar Pradesh,304876.65,932922.55,768.45,159.85,0.76,3.06
Rapeseed &Mustard,2011,Summer,Uttar Pradesh,150557.27,430593.79,990.01,114.14,3.24,2.86
Gram,2011,Summer,Uttar Pradesh,101410.36,376232.44,2106.88,192.44,4.34,3.71
Gram,2011,Whole Year,Uttar Pradesh,273670.77,971531.23,2166.71,228.73,4.38,3.55
Arhar/Tur,2011,Whole Year,Uttar Pradesh,67271.05,153377.99,407.87,233.75,4.26,2.28
Arhar/Tur,2011,Summer,Uttar Pradesh,303307.62,482259.12,523.94,54.72,4.14,1.59
Moong(Green Gram),2011,Summer,Uttar Pradesh,295709.08,484962.89,1309.38,36.32,4.37,1.64
Moong(Green Gram),2011,Kharif,Uttar Pradesh,123089.54,281875.05,1584.58,106.48,3.22,2.29
Potato,2011,Rabi,Uttar Pradesh,210712.33,7634107.72,1172.51,165.34,4.23,36.23
Potato,2011,Kharif,Uttar Pradesh,344999.06,13513613.18,787.76,204.06,4.17,39.17
Onion,2011,Summer,Uttar Pradesh,402935.02,12797216.24,1826.48,187.68,0.36,31.76
Onion,2011,Rabi,Uttar Pradesh,100462.59,2853137.56,1438.84,85.65,3.04,28.4
Tomato,2011,Rabi,Uttar Pradesh,148589.32,6047585.32,1133.76,191.94,2.06,40.7
Tomato,2011,Kharif,Uttar Pradesh,156806.82,7255451.56,2148.83,119.41,1.19,46.27
Banana,2011,Rabi,Uttar Pradesh,172980.05,9581364.97,1370.87,109.82,1.75,55.39
Banana,2011,Kharif,Uttar Pradesh,81432.43,5615580.37,1401.89,206.98,0.86,68.96
Rice,2011,Kharif,West Bengal,305391.24,2293488.21,1910.32,181.09,4.06,7.51
Rice,2011,Summer,West Bengal,209117.8,1200336.17,935.79,182.33,4.12,5.74
Wheat,2011,Summer,West Bengal,137595.49,926017.65,1512.25,87.91,0.42,6.73
Wheat,2011,Whole Year,West Bengal,57111.12,363797.83,740.62,90.79,4.03,6.37
Maize,2011,Rabi,West Bengal,235492.19,1290497.2,1688.03,53.15,1.36,5.48
Maize,2011,Kharif,West Bengal,58518.61,304881.96,819.86,164.89,2.16,5.21
Cotton(lint),2011,Summer,West Bengal,137186.13,434880.03,633.35,82.22,3.73,3.17
Cotton(lint),2011,Rabi,West Bengal,22410.81,108916.54,1826.34,176.81,1.32,4.86
Sugarcane,2011,Whole Year,West Bengal,167370.1,18397321.39,1340.04,41.2,3.27,109.92
Sugarcane,2011,Summer,West Bengal,122665.34,15659457.3,2025.98,239.73,4.15,127.66
Soybean,2011,Kharif,West Bengal,9399.53,39384.03,1637.35,124.62,2.45,4.19
Soybean,2011,Whole Year,West Bengal,374184.18,1451834.62,1563.27,148.42,1.81,3.88
Groundnut,2011,Rabi,West Bengal,244075.49,878671.76,706.39,34.67,1.65,3.6
Groundnut,2011,Kharif,West Bengal,428955.58,2217700.35,2173.86,118.61,4.29,5.17
Rapeseed &Mustard,2011,Kharif,West Bengal,312849.96,976091.88,1209.16,200.43,2.49,3.12
Rapeseed &Mustard,2011,Summer,West Bengal,403920.19,1106741.32,1215.17,115.21,0.37,2.74
Gram,2011,Whole Year,West Bengal,432906.36,848496.47,932.53,64.56,2.36,1.96
Gram,2011,Summer,West Bengal,330082.2,752587.42,1051.2,69.14,1.63,2.28
Arhar/Tur,2011,Summer,West Bengal,438897.88,1259636.92,1966.98,110.42,3.8,2.87
Arhar/Tur,2011,Whole Year,West Bengal,99700.62,226320.41,1567.41,35.44,3.85,2.27
Moong(Green Gram),2011,Kharif,West Bengal,385996.25,671633.47,514.9,230.19,2.83,1.74
Moong(Green Gram),2011,Summer,West Bengal,144191.43,262428.4,1233.84,60.84,1.74,1.82
Potato,2011,Rabi,West Bengal,19572.62,772727.04,1569.78,173.69,2.58,39.48
Potato,2011,Summer,West Bengal,311838.45,11035962.75,479.09,107.36,1.11,35.39
Onion,2011,Whole Year,West Bengal,86494.12,2607797.72,2151.64,90.17,1.19,30.15
Onion,2011,Rabi,West Bengal,189948.72,5823827.76,1198.46,117.47,1.6,30.66
Tomato,2011,Kharif,West Bengal,434488.18,19052306.69,1478.55,163.49,3.27,43.85
Tomato,2011,Rabi,West Bengal,107118.86,5381651.53,1973.28,183.75,3.39,50.24
Banana,2011,Kharif,West Bengal,76495.64,5643083.36,1299.09,182.31,0.56,73.77
Banana,2011,Summer,West Bengal,118170.78,8254228.98,1647.62,113.98,1.98,69.85
Rice,2012,Whole Year,Andhra Pradesh,331088.03,2168626.6,1392.53,95.73,0.89,6.55
Rice,2012,Kharif,Andhra Pradesh,371307.76,2491475.07,1381.62,76.2,1.65,6.71
Wheat,2012,Kharif,Andhra Pradesh,12345.63,86666.32,1885.97,67.2,0.44,7.02
Wheat,2012,Whole Year,Andhra Pradesh,58283.94,368354.5,1095.78,47.96,2.94,6.32
Maize,2012,Summer,Andhra Pradesh,245924.36,1192733.15,536.08,90.14,0.58,4.85
Maize,2012,Whole Year,Andhra Pradesh,405996.86,3215495.13,1639.04,233.92,2.39,7.92
Cotton(lint),2012,Summer,Andhra Pradesh,194625.74,749309.1,1481.13,31.55,1.7,3.85
Cotton(lint),2012,Kharif,Andhra Pradesh,184142.66,664755.0,693.35,142.19,1.43,3.61
Sugarcane,2012,Whole Year,Andhra Pradesh,412189.65,44429922.37,1903.4,68.28,3.49,107.79
Sugarcane,2012,Summer,Andhra Pradesh,414063.15,44466241.68,2039.89,65.41,0.48,107.39
Soybean,2012,Rabi,Andhra Pradesh,328831.11,1141043.95,1657.51,101.33,1.83,3.47
Soybean,2012,Kharif,Andhra Pradesh,18055.05,73484.05,1736.63,99.49,3.31,4.07
Groundnut,2012,Kharif,Andhra Pradesh,95295.19,487911.37,1752.15,61.58,3.64,5.12
Groundnut,2012,Whole Year,Andhra Pradesh,2639.19,12193.06,1748.54,40.82,4.29,4.62
Rapeseed &Mustard,2012,Summer,Andhra Pradesh,187381.6,697059.55,1208.99,217.98,3.59,3.72
Rapeseed &Mustard,2012,Whole Year,Andhra Pradesh,448160.03,1546152.1,1471.99,195.03,3.51,3.45
Gram,2012,Kharif,Andhra Pradesh,325972.35,876865.62,1299.97,149.82,3.27,2.69
Gram,2012,Whole Year,Andhra Pradesh,66483.79,180835.91,925.23,136.58,1.67,2.72
Arhar/Tur,2012,Rabi,Andhra Pradesh,8598.48,18486.73,568.96,60.97,0.54,2.15
Arhar/Tur,2012,Summer,Andhra Pradesh,59308.28,126326.64,646.69,192.28,3.88,2.13
Moong(Green Gram),2012,Rabi,Andhra Pradesh,199744.17,381511.36,1064.25,170.66,4.23,1.91
Moong(Green Gram),2012,Whole Year,Andhra Pradesh,200107.1,398213.13,1219.33,192.71,2.11,1.99
Potato,2012,Whole Year,Andhra Pradesh,99276.24,3528277.57,1028.89,224.65,2.37,35.54
Potato,2012,Rabi,Andhra Pradesh,85240.69,3572437.32,801.04,198.56,4.04,41.91
Onion,2012,Kharif,Andhra Pradesh,173114.76,4637744.42,1521.87,122.41,1.89,26.79
Onion,2012,Rabi,Andhra Pradesh,35967.02,921115.38,443.95,82.76,0.59,25.61
Tomato,2012,Kharif,Andhra Pradesh,322474.3,14327533.15,1499.67,209.03,1.41,44.43
Tomato,2012,Summer,Andhra Pradesh,180701.55,6989535.95,1129.63,50.6,4.39,38.68
Banana,2012,Rabi,Andhra Pradesh,244996.34,17698535.6,1841.78,183.01,4.35,72.24
Banana,2012,Kharif,Andhra Pradesh,288800.45,24155269.64,1610.03,239.58,0.8,83.64
Rice,2012,Summer,Assam,437345.25,2129871.37,721.8,137.35,1.23,4.87
Rice,2012,Kharif,Assam,181867.62,1160315.42,836.15,217.06,4.13,6.38
Wheat,2012,Summer,Assam,449661.12,2284278.49,1574.56,108.21,1.63,5.08
Wheat,2012,Whole Year,Assam,319853.7,1528900.69,966.1,55.07,1.53,4.78
Maize,2012,Summer,Assam,97957.77,423177.57,411.05,162.48,2.84,4.32
Maize,2012,Whole Year,Assam,99287.48,547074.01,1645.72,72.34,0.43,5.51
Cotton(lint),2012,Rabi,Assam,131514.43,574718.06,2065.28,145.89,3.6,4.37
Cotton(lint),2012,Summer,Assam,393623.49,1058847.19,490.19,137.59,2.27,2.69
Sugarcane,2012,Whole Year,Assam,192524.42,15571375.09,598.32,123.73,2.61,80.88
Sugarcane,2012,Kharif,Assam,60521.27,5230853.37,817.23,120.22,3.27,86.43
Soybean,2012,Whole Year,Assam,395967.95,1370049.11,1200.4,225.63,2.33,3.46
Soybean,2012,Kharif,Assam,335445.67,952665.7,1008.39,103.79,0.71,2.84
Groundnut,2012,Summer,Assam,148028.67,716458.76,2005.55,107.33,3.31,4.84
Groundnut,2012,Whole Year,Assam,217110.11,1128972.57,2160.32,207.7,2.16,5.2
Rapeseed &Mustard,2012,Summer,Assam,253270.18,559727.1,534.31,103.1,1.17,2.21
Rapeseed &Mustard,2012,Kharif,Assam,338106.18,1000794.29,1327.53,48.16,3.36,2.96
Gram,2012,Summer,Assam,150348.3,443527.48,1730.16,82.85,4.06,2.95
Gram,2012,Kharif,Assam,119506.13,430222.07,1903.17,150.28,0.87,3.6
Arhar/Tur,2012,Rabi,Assam,350949.0,1063375.47,2090.73,169.33,2.38,3.03
Arhar/Tur,2012,Kharif,Assam,442016.77,769109.18,1257.2,64.05,0.64,1.74
Moong(Green Gram),2012,Rabi,Assam,9833.46,15733.54,1067.5,186.62,0.94,1.6
Moong(Green Gram),2012,Whole Year,Assam,358748.18,850233.19,1837.11,192.84,2.46,2.37
Potato,2012,Summer,Assam,230878.93,7669798.05,1485.41,124.6,1.02,33.22
Potato,2012,Kharif,Assam,328245.91,13192203.12,1544.88,239.59,2.16,40.19
Onion,2012,Rabi,Assam,265176.79,5343312.32,747.02,57.84,1.94,20.15
Onion,2012,Summer,Assam,401683.91,9953727.29,1355.37,131.53,3.16,24.78
Tomato,2012,Whole Year,Assam,183941.24,5956017.35,1852.36,120.36,3.21,32.38
Tomato,2012,Rabi,Assam,445823.8,14306485.74,1502.23,107.15,1.31,32.09
Banana,2012,Kharif,Assam,391321.87,28715198.82,1247.24,234.31,0.53,73.38
Banana,2012,Rabi,Assam,214662.36,11495169.38,624.79,65.8,3.86,53.55
Rice,2012,Kharif,Bihar,294557.44,1254814.69,644.87,90.92,1.62,4.26
Rice,2012,Whole Year,Bihar,53049.58,281162.77,677.49,205.46,3.14,5.3
Wheat,2012,Kharif,Bihar,13783.98,86839.07,1020.88,202.91,2.9,6.3
Wheat,2012,Summer,Bihar,442304.69,2485752.36,464.52,168.76,1.34,5.62
Maize,2012,Kharif,Bihar,210242.82,943990.26,1006.09,160.02,4.4,4.49
Maize,2012,Summer,Bihar,209187.97,851395.04,537.19,146.16,1.61,4.07
Cotton(lint),2012,Kharif,Bihar,2021.1,6346.25,1123.21,52.2,0.3,3.14
Cotton(lint),2012,Whole Year,Bihar,125442.19,408941.54,1288.44,121.69,1.36,3.26
Sugarcane,2012,Summer,Bihar,78040.97,6518762.22,835.02,127.37,3.63,83.53
Sugarcane,2012,Kharif,Bihar,106889.92,10619513.55,1435.47,91.98,2.02,99.35
Soybean,2012,Rabi,Bihar,113347.57,320773.62,693.65,113.7,0.55,2.83
Soybean,2012,Summer,Bihar,53979.56,118215.24,602.91,46.85,3.85,2.19
Groundnut,2012,Rabi,Bihar,433615.79,1270494.26,684.71,41.02,2.69,2.93
Groundnut,2012,Whole Year,Bihar,95813.49,431160.71,1338.77,166.25,1.56,4.5
Rapeseed &Mustard,2012,Summer,Bihar,304145.04,778611.3,932.42,103.68,2.07,2.56
Rapeseed &Mustard,2012,Kharif,Bihar,115491.0,318755.16,501.07,221.31,1.59,2.76
Gram,2012,Kharif,Bihar,444832.13,1058700.47,1678.04,139.28,1.87,2.38
Gram,2012,Whole Year,Bihar,280398.17,611268.01,567.36,160.44,1.38,2.18
Arhar/Tur,2012,Whole Year,Bihar,84502.88,230692.86,1403.05,166.0,4.06,2.73
Arhar/Tur,2012,Kharif,Bihar,75804.95,140997.21,681.15,140.21,2.76,1.86
Moong(Green Gram),2012,Rabi,Bihar,337179.12,711447.94,765.34,211.08,1.67,2.11
Moong(Green Gram),2012,Kharif,Bihar,111818.72,230346.56,1788.48,161.65,0.28,2.06
Potato,2012,Summer,Bihar,443300.33,14367363.7,533.74,176.15,2.08,32.41
Potato,2012,Rabi,Bihar,57090.86,1750976.68,1944.84,82.63,1.75,30.67
Onion,2012,Summer,Bihar,178762.06,4815849.9,2089.16,137.18,2.21,26.94
Onion,2012,Whole Year,Bihar,146494.4,4843104.86,2077.68,172.49,3.75,33.06
Tomato,2012,Whole Year,Bihar,360583.63,12941346.48,2097.42,78.78,0.41,35.89
Tomato,2012,Summer,Bihar,281509.33,9295438.08,1835.87,103.46,2.24,33.02
Banana,2012,Rabi,Bihar,265360.23,17707488.15,1184.9,229.27,1.74,66.73
Banana,2012,Whole Year,Bihar,25031.95,1359234.89,551.89,72.66,0.82,54.3
Rice,2012,Rabi,Gujarat,379215.91,2863080.12,2118.56,180.39,3.35,7.55
Rice,2012,Whole Year,Gujarat,245826.98,1939574.87,1577.05,160.27,3.23,7.89
Wheat,2012,Rabi,Gujarat,279833.22,1502704.39,722.93,74.31,0.23,5.37
Wheat,2012,Whole Year,Gujarat,427508.78,3133639.36,1685.22,51.66,0.89,7.33
Maize,2012,Whole Year,Gujarat,271908.45,2014841.61,1353.5,236.32,3.41,7.41
Maize,2012,Rabi,Gujarat,70214.87,362308.73,427.39,174.95,0.62,5.16
Cotton(lint),2012,Rabi,Gujarat,122105.41,575116.48,1531.54,222.66,1.56,4.71
Cotton(lint),2012,Summer,Gujarat,59142.83,160277.07,512.0,48.4,2.06,2.71
Sugarcane,2012,Whole Year,Gujarat,391673.63,42226334.05,1812.59,141.43,0.64,107.81
Sugarcane,2012,Rabi,Gujarat,38999.85,4967410.89,1916.44,101.03,1.14,127.37
Soybean,2012,Kharif,Gujarat,79076.15,276766.52,1527.0,111.3,0.44,3.5
Soybean,2012,Whole Year,Gujarat,266175.88,1128585.73,1993.74,114.45,3.73,4.24
Groundnut,2012,Rabi,Gujarat,339513.74,1558368.07,829.8,184.9,3.63,4.59
Groundnut,2012,Whole Year,Gujarat,365540.99,1283048.87,1045.44,65.22,0.6,3.51
Rapeseed &Mustard,2012,Summer,Gujarat,151364.77,333002.49,778.46,53.13,1.83,2.2
Rapeseed &Mustard,2012,Kharif,Gujarat,346410.13,973412.47,643.72,122.5,3.22,2.81
Gram,2012,Summer,Gujarat,58047.13,210711.08,2193.68,192.3,3.97,3.63
Gram,2012,Rabi,Gujarat,235176.67,468001.57,749.37,174.79,4.08,1.99
Arhar/Tur,2012,Summer,Gujarat,248711.95,410374.72,882.89,57.84,4.16,1.65
Arhar/Tur,2012,Whole Year,Gujarat,386154.56,795478.39,1487.93,65.41,2.01,2.06
Moong(Green Gram),2012,Summer,Gujarat,32014.35,44820.09,883.5,62.45,2.5,1.4
Moong(Green Gram),2012,Kharif,Gujarat,341219.24,822338.37,1603.69,182.93,4.28,2.41
Potato,2012,Summer,Gujarat,307889.32,10662207.15,1853.6,70.2,3.84,34.63
Potato,2012,Whole Year,Gujarat,448730.47,18563979.54,1740.84,205.98,1.12,41.37
Onion,2012,Whole Year,Gujarat,332487.68,9578970.06,2130.17,54.47,3.25,28.81
Onion,2012,Kharif,Gujarat,15271.8,343768.22,644.63,97.15,1.67,22.51
Tomato,2012,Whole Year,Gujarat,127628.4,4165790.98,742.65,35.61,4.28,32.64
Tomato,2012,Rabi,Gujarat,388800.21,13491367.29,1012.84,53.66,2.35,34.7
Banana,2012,Summer,Gujarat,105427.97,6732630.16,1598.16,137.07,1.5,63.86
Banana,2012,Whole Year,Gujarat,340190.8,23037720.98,1681.66,75.47,2.81,67.72
Rice,2012,Kharif,Haryana,91217.91,669539.46,1753.68,178.97,1.44,7.34
Rice,2012,Summer,Haryana,232469.79,1611015.64,2038.41,39.14,3.49,6.93
Wheat,2012,Whole Year,Haryana,361534.84,3141737.76,1582.62,218.05,4.09,8.69
Wheat,2012,Kharif,Haryana,34270.23,192941.39,972.33,54.32,4.28,5.63
Maize,2012,Summer,Haryana,288029.09,1814583.27,1148.31,154.87,2.01,6.3
Maize,2012,Rabi,Haryana,311067.56,2015717.79,1838.71,133.6,0.91,6.48
Cotton(lint),2012,Rabi,Haryana,186080.24,768511.39,1653.76,136.51,1.24,4.13
Cotton(lint),2012,Summer,Haryana,30646.0,133923.02,1305.28,134.91,3.24,4.37
Sugarcane,2012,Kharif,Haryana,32009.19,3809093.61,1506.36,38.89,2.99,119.0
Sugarcane,2012,Summer,Haryana,223168.45,30397774.57,1484.74,172.43,4.0,136.21
Soybean,2012,Whole Year,Haryana,293603.59,1379936.87,1225.14,225.92,3.77,4.7
Soybean,2012,Rabi,Haryana,255335.01,931972.79,1458.3,99.5,2.19,3.65
Groundnut,2012,Kharif,Haryana,313274.92,1779401.55,2115.79,232.24,2.59,5.68
Groundnut,2012,Rabi,Haryana,313040.99,1192686.17,527.19,89.78,3.07,3.81
Rapeseed &Mustard,2012,Rabi,Haryana,86599.06,284910.91,1000.33,132.44,4.09,3.29
Rapeseed &Mustard,2012,Whole Year,Haryana,442736.61,1762091.71,1477.45,214.27,4.5,3.98
Gram,2012,Whole Year,Haryana,309772.69,988174.88,1573.58,156.24,4.18,3.19
Gram,2012,Summer,Haryana,397854.65,700224.18,540.21,41.74,1.2,1.76
Arhar/Tur,2012,Whole Year,Haryana,7504.02,23037.34,2163.64,107.39,3.19,3.07
Arhar/Tur,2012,Kharif,Haryana,398334.86,987870.45,907.11,165.14,1.89,2.48
Moong(Green Gram),2012,Whole Year,Haryana,178656.38,314435.23,1235.01,73.75,2.81,1.76
Moong(Green Gram),2012,Rabi,Haryana,439967.2,835937.68,503.01,153.72,2.71,1.9
Potato,2012,Kharif,Haryana,142448.83,4995680.47,732.45,225.62,3.08,35.07
Potato,2012,Summer,Haryana,87581.09,3377126.83,801.25,178.8,0.37,38.56
Onion,2012,Rabi,Haryana,12142.64,373021.9,1266.26,77.29,1.98,30.72
Onion,2012,Kharif,Haryana,109257.83,4371405.78,2172.92,219.67,2.47,40.01
Tomato,2012,Kharif,Haryana,66338.61,3225383.22,1961.88,89.67,3.57,48.62
Tomato,2012,Whole Year,Haryana,86868.21,3534667.46,797.27,39.94,1.24,40.69
Banana,2012,Kharif,Haryana,350338.82,20915227.55,908.18,68.24,2.71,59.7
Banana,2012,Whole Year,Haryana,1609.59,122860.0,2051.77,46.72,4.06,76.33
Rice,2012,Summer,Karnataka,370850.7,1998885.27,724.35,111.17,1.22,5.39
Rice,2012,Rabi,Karnataka,167726.99,1073452.74,953.28,192.45,3.98,6.4
Wheat,2012,Summer,Karnataka,133196.45,919055.51,913.35,196.5,4.23,6.9
Wheat,2012,Rabi,Karnataka,109580.77,738574.39,1346.35,79.04,3.67,6.74
Maize,2012,Rabi,Karnataka,137535.11,673922.04,798.7,176.68,3.87,4.9
Maize,2012,Summer,Karnataka,387805.66,2357858.41,1318.77,110.05,2.8,6.08
Cotton(lint),2012,Kharif,Karnataka,235256.05,853979.46,2069.07,43.59,0.69,3.63
Cotton(lint),2012,Summer,Karnataka,209169.21,815759.92,990.54,114.99,3.74,3.9
Sugarcane,2012,Whole Year,Karnataka,197387.82,21844910.04,655.59,209.72,0.67,110.67
Sugarcane,2012,Rabi,Karnataka,213013.1,23508125.72,900.82,114.83,3.67,110.36
Soybean,2012,Rabi,Karnataka,388246.84,1529692.55,2008.76,83.79,2.01,3.94
Soybean,2012,Summer,Karnataka,366355.29,1487402.48,1333.12,221.43,1.6,4.06
Groundnut,2012,Summer,Karnataka,196929.96,756211.05,945.78,86.86,0.3,3.84
Groundnut,2012,Whole Year,Karnataka,366949.35,1974187.5,2015.45,160.44,2.27,5.38
Rapeseed &Mustard,2012,Kharif,Karnataka,242164.99,886323.86,1899.74,97.94,1.29,3.66
Rapeseed &Mustard,2012,Whole Year,Karnataka,58291.43,251236.06,2172.83,157.69,2.35,4.31
Gram,2012,Kharif,Karnataka,210529.26,450532.62,743.75,139.32,1.73,2.14
Gram,2012,Summer,Karnataka,197831.5,605364.39,1995.9,184.15,3.07,3.06
Arhar/Tur,2012,Kharif,Karnataka,157281.37,341300.57,1764.65,37.08,2.57,2.17
Arhar/Tur,2012,Rabi,Karnataka,28808.57,70292.91,1972.01,149.4,1.86,2.44
Moong(Green Gram),2012,Whole Year,Karnataka,2351.86,5197.61,2093.54,204.14,0.53,2.21
Moong(Green Gram),2012,Summer,Karnataka,119175.14,246692.54,1973.51,54.01,2.79,2.07
Potato,2012,Summer,Karnataka,442545.09,14648242.48,947.0,97.98,4.46,33.1
Potato,2012,Whole Year,Karnataka,421147.83,12600743.07,1321.23,30.53,1.81,29.92
Onion,2012,Whole Year,Karnataka,122833.68,3368099.51,412.29,101.09,2.15,27.42
Onion,2012,Kharif,Karnataka,28272.06,796423.93,1245.55,85.94,4.28,28.17
Tomato,2012,Whole Year,Karnataka,119799.95,4672198.05,721.98,166.46,3.84,39.0
Tomato,2012,Kharif,Karnataka,328772.22,9514668.05,1117.28,43.93,1.19,28.94
Banana,2012,Kharif,Karnataka,101164.95,6677898.35,1784.5,132.04,3.47,66.01
Banana,2012,Rabi,Karnataka,251522.92,14787032.47,603.57,105.9,3.04,58.79
Rice,2012,Whole Year,Madhya Pradesh,325739.9,2211773.92,1494.08,135.28,2.88,6.79
Rice,2012,Kharif,Madhya Pradesh,426699.18,2811947.6,2003.99,97.5,1.95,6.59
Wheat,2012,Whole Year,Madhya Pradesh,87324.12,658423.86,1783.59,145.88,1.98,7.54
Wheat,2012,Kharif,Madhya Pradesh,210253.94,1372958.23,1956.64,49.7,3.01,6.53
Maize,2012,Summer,Madhya Pradesh,274356.22,1484267.15,1497.1,92.27,3.79,5.41
Maize,2012,Kharif,Madhya Pradesh,127398.82,682857.68,1606.92,75.74,3.11,5.36
Cotton(lint),2012,Kharif,Madhya Pradesh,398114.1,1508852.44,1793.43,45.66,3.78,3.79
Cotton(lint),2012,Summer,Madhya Pradesh,144975.64,772720.16,1986.78,167.99,1.47,5.33
Sugarcane,2012,Whole Year,Madhya Pradesh,29020.58,3106653.09,2163.4,54.89,1.31,107.05
Sugarcane,2012,Summer,Madhya Pradesh,61468.92,6055303.31,1091.61,54.33,1.06,98.51
Soybean,2012,Summer,Madhya Pradesh,363082.94,1394238.49,1454.74,157.33,1.06,3.84
Soybean,2012,Kharif,Madhya Pradesh,39991.35,150367.48,1944.28,131.57,3.8,3.76
Groundnut,2012,Kharif,Madhya Pradesh,396688.33,2146083.87,2068.83,209.33,3.77,5.41
Groundnut,2012,Summer,Madhya Pradesh,298073.15,1442674.05,1214.51,219.0,3.19,4.84
Rapeseed &Mustard,2012,Summer,Madhya Pradesh,18752.99,66760.64,2152.44,46.84,1.86,3.56
Rapeseed &Mustard,2012,Rabi,Madhya Pradesh,114932.5,287331.25,452.3,139.47,2.23,2.5
Gram,2012,Kharif,Madhya Pradesh,273203.36,644759.93,1137.87,95.64,4.12,2.36
Gram,2012,Summer,Madhya Pradesh,130945.12,362717.98,1786.22,57.82,3.49,2.77
Arhar/Tur,2012,Whole Year,Madhya Pradesh,299910.25,806758.57,2042.71,141.72,1.44,2.69
Arhar/Tur,2012,Kharif,Madhya Pradesh,160020.45,340843.56,1677.92,67.51,0.66,2.13
Moong(Green Gram),2012,Rabi,Madhya Pradesh,150371.39,237586.8,432.03,187.39,2.95,1.58
Moong(Green Gram),2012,Whole Year,Madhya Pradesh,349477.17,615079.82,1818.21,37.2,4.1,1.76
Potato,2012,Kharif,Madhya Pradesh,182930.52,6764770.63,1590.89,230.21,1.27,36.98
Potato,2012,Summer,Madhya Pradesh,325932.04,11430436.64,1035.74,237.63,3.27,35.07
Onion,2012,Whole Year,Madhya Pradesh,243827.32,6768646.4,1829.14,158.19,2.67,27.76
Onion,2012,Kharif,Madhya Pradesh,163198.36,4998765.77,965.69,179.54,0.9,30.63
Tomato,2012,Kharif,Madhya Pradesh,234584.31,7154821.46,1631.5,39.34,2.18,30.5
Tomato,2012,Whole Year,Madhya Pradesh,440960.99,12730543.78,650.7,174.99,1.93,28.87
Banana,2012,Kharif,Madhya Pradesh,71240.26,4117687.03,1774.45,44.77,2.28,57.8
Banana,2012,Whole Year,Madhya Pradesh,347026.58,21873085.34,700.26,197.84,2.22,63.03
Rice,2012,Rabi,Maharashtra,222930.16,1872613.34,2138.32,233.84,3.86,8.4
Rice,2012,Kharif,Maharashtra,310358.72,1964570.7,1107.29,177.35,0.27,6.33
Wheat,2012,Kharif,Maharashtra,72041.98,517261.42,1836.07,104.98,4.23,7.18
Wheat,2012,Whole Year,Maharashtra,144991.56,768455.27,862.51,157.49,3.72,5.3
Maize,2012,Kharif,Maharashtra,271965.76,1748739.84,1648.62,111.78,0.33,6.43
Maize,2012,Rabi,Maharashtra,380107.21,2273041.12,1480.98,58.22,1.88,5.98
Cotton(lint),2012,Summer,Maharashtra,250285.58,1409107.82,1976.81,204.5,0.45,5.63
Cotton(lint),2012,Rabi,Maharashtra,37139.21,104732.57,472.72,99.3,3.34,2.82
Sugarcane,2012,Kharif,Maharashtra,290419.53,27006112.09,1073.89,73.74,3.3,92.99
Sugarcane,2012,Summer,Maharashtra,219329.83,20511725.7,847.69,65.3,3.36,93.52
Soybean,2012,Kharif,Maharashtra,139845.01,742577.0,2139.98,208.22,3.98,5.31
Soybean,2012,Summer,Maharashtra,169857.1,416149.9,539.88,114.22,2.75,2.45
Groundnut,2012,Whole Year,Maharashtra,268495.48,810856.35,516.74,86.06,1.88,3.02
Groundnut,2012,Kharif,Maharashtra,258040.34,1099251.85,1247.55,170.13,4.31,4.26
Rapeseed &Mustard,2012,Rabi,Maharashtra,381477.99,1220729.57,1537.73,64.77,1.55,3.2
Rapeseed &Mustard,2012,Whole Year,Maharashtra,444160.43,1781083.32,1528.55,218.9,0.43,4.01
Gram,2012,Whole Year,Maharashtra,441377.05,1487440.66,1528.09,215.14,1.62,3.37
Gram,2012,Summer,Maharashtra,340711.58,1178862.07,2166.54,192.7,2.13,3.46
Arhar/Tur,2012,Whole Year,Maharashtra,192527.9,431262.5,1439.85,92.48,2.53,2.24
Arhar/Tur,2012,Kharif,Maharashtra,139587.45,332218.13,1268.98,138.22,0.21,2.38
Moong(Green Gram),2012,Summer,Maharashtra,154175.65,333019.4,2123.75,73.99,0.36,2.16
Moong(Green Gram),2012,Kharif,Maharashtra,104776.73,253559.69,2172.53,135.48,4.29,2.42
Potato,2012,Kharif,Maharashtra,6241.78,206165.99,1706.69,110.06,2.45,33.03
Potato,2012,Whole Year,Maharashtra,7317.21,256760.9,1713.72,179.27,3.01,35.09
Onion,2012,Whole Year,Maharashtra,442183.19,11735541.86,961.18,69.12,1.93,26.54
Onion,2012,Rabi,Maharashtra,252193.23,7172375.46,925.93,185.95,2.38,28.44
Tomato,2012,Kharif,Maharashtra,160495.24,4883870.15,475.39,88.59,1.47,30.43
Tomato,2012,Rabi,Maharashtra,201523.92,7250830.64,1085.33,55.34,4.46,35.98
Banana,2012,Whole Year,Maharashtra,287404.89,14125950.34,646.21,60.43,0.64,49.15
Banana,2012,Rabi,Maharashtra,379260.93,27579854.83,2187.34,106.93,2.15,72.72
Rice,2012,Summer,Odisha,402395.15,1573365.04,503.67,65.51,3.44,3.91
Rice,2012,Rabi,Odisha,226178.03,1449801.17,1805.47,75.94,3.95,6.41
Wheat,2012,Whole Year,Odisha,77186.32,398281.41,1460.66,66.76,3.12,5.16
Wheat,2012,Rabi,Odisha,410664.32,2656998.15,1611.77,144.66,1.81,6.47
Maize,2012,Whole Year,Odisha,127309.17,632726.57,1368.9,67.44,4.1,4.97
Maize,2012,Kharif,Odisha,366708.44,2335932.76,1211.6,147.32,0.21,6.37
Cotton(lint),2012,Kharif,Odisha,310515.06,1276216.9,1262.25,93.37,2.21,4.11
Cotton(lint),2012,Summer,Odisha,136521.23,599328.2,2140.06,89.19,2.73,4.39
Sugarcane,2012,Whole Year,Odisha,241580.26,23310079.29,2182.67,177.29,1.1,96.49
Sugarcane,2012,Rabi,Odisha,155134.16,14813760.94,1768.82,152.7,0.36,95.49
Soybean,2012,Rabi,Odisha,294660.23,1046043.82,1525.29,219.88,4.1,3.55
Soybean,2012,Whole Year,Odisha,307721.18,1150877.21,811.86,239.57,2.05,3.74
Groundnut,2012,Whole Year,Odisha,397048.8,1750985.21,1639.48,88.4,2.12,4.41
Groundnut,2012,Rabi,Odisha,79302.25,299762.51,561.24,214.93,4.06,3.78
Rapeseed &Mustard,2012,Whole Year,Odisha,304231.59,672351.81,801.37,89.39,2.04,2.21
Rapeseed &Mustard,2012,Summer,Odisha,135199.64,474550.74,1641.24,119.09,1.19,3.51
Gram,2012,Summer,Odisha,225873.8,605341.78,1987.81,38.45,4.17,2.68
Gram,2012,Kharif,Odisha,180688.0,551098.4,1898.96,171.05,0.96,3.05
Arhar/Tur,2012,Rabi,Odisha,151464.52,290811.88,480.81,175.37,3.72,1.92
Arhar/Tur,2012,Kharif,Odisha,425956.04,634674.5,410.16,58.14,1.46,1.49
Moong(Green Gram),2012,Whole Year,Odisha,353195.64,791158.23,1575.09,121.06,0.68,2.24
Moong(Green Gram),2012,Summer,Odisha,310508.55,621017.1,1695.51,147.2,1.16,2.0
Potato,2012,Kharif,Odisha,291797.74,6542105.33,421.8,99.79,1.89,22.42
Potato,2012,Summer,Odisha,300281.56,11587865.4,2100.48,221.94,3.06,38.59
Onion,2012,Whole Year,Odisha,9055.0,204914.65,589.15,105.49,0.87,22.63
Onion,2012,Kharif,Odisha,366993.75,10562080.12,1754.73,201.58,3.06,28.78
Tomato,2012,Kharif,Odisha,266992.01,11114877.38,1328.44,238.7,2.31,41.63
Tomato,2012,Whole Year,Odisha,32597.12,1096893.09,556.61,168.56,1.31,33.65
Banana,2012,Whole Year,Odisha,425156.19,24238154.39,969.79,100.09,3.88,57.01
Banana,2012,Summer,Odisha,151888.36,9524919.06,1688.73,131.4,2.9,62.71
Rice,2012,Kharif,Punjab,394667.21,2403523.31,456.02,234.19,3.09,6.09
Rice,2012,Rabi,Punjab,325592.4,2445198.92,1413.6,179.34,2.0,7.51
Wheat,2012,Rabi,Punjab,63914.98,567565.02,1784.78,221.74,0.54,8.88
Wheat,2012,Summer,Punjab,301304.25,2573138.29,1287.14,176.54,0.35,8.54
Maize,2012,Summer,Punjab,55965.77,331877.02,1093.87,102.52,2.75,5.93
Maize,2012,Whole Year,Punjab,319526.01,2409226.12,1861.29,74.47,4.08,7.54
Cotton(lint),2012,Rabi,Punjab,74052.99,338422.16,1006.91,157.1,4.09,4.57
Cotton(lint),2012,Kharif,Punjab,319840.9,1135435.2,687.48,130.69,2.27,3.55
Sugarcane,2012,Whole Year,Punjab,56329.38,6520125.73,2098.85,101.62,3.27,115.75
Sugarcane,2012,Summer,Punjab,380879.63,49796202.83,1872.83,113.18,2.73,130.74
Soybean,2012,Whole Year,Punjab,120708.92,523876.71,1625.79,236.2,3.63,4.34
Soybean,2012,Rabi,Punjab,297773.71,1194072.58,603.56,238.38,2.27,4.01
Groundnut,2012,Summer,Punjab,933.75,5443.76,2156.77,105.42,1.66,5.83
Groundnut,2012,Rabi,Punjab,279032.88,1487245.25,1965.51,150.26,2.07,5.33
Rapeseed &Mustard,2012,Rabi,Punjab,144259.22,542414.67,1188.58,128.79,1.4,3.76
Rapeseed &Mustard,2012,Kharif,Punjab,261294.4,804786.75,1545.58,103.88,1.56,3.08
Gram,2012,Rabi,Punjab,5916.46,19701.81,1993.39,59.32,3.05,3.33
Gram,2012,Summer,Punjab,44152.68,163806.44,2155.32,79.73,2.9,3.71
Arhar/Tur,2012,Whole Year,Punjab,137794.16,467122.2,2064.65,99.23,0.51,3.39
Arhar/Tur,2012,Summer,Punjab,302217.02,592345.36,750.07,72.01,2.22,1.96
Moong(Green Gram),2012,Rabi,Punjab,340169.58,693945.94,1487.77,73.96,3.38,2.04
Moong(Green Gram),2012,Whole Year,Punjab,403989.49,682742.24,1224.14,161.54,4.34,1.69
Potato,2012,Whole Year,Punjab,234976.37,8755219.55,691.29,142.4,4.12,37.26
Potato,2012,Rabi,Punjab,361153.63,13080984.48,907.21,161.39,1.97,36.22
Onion,2012,Rabi,Punjab,139665.94,3642487.72,505.28,132.12,1.39,26.08
Onion,2012,Whole Year,Punjab,79282.8,2665487.74,1096.58,232.63,1.34,33.62
Tomato,2012,Kharif,Punjab,315948.21,14672634.87,716.96,234.16,2.85,46.44
Tomato,2012,Rabi,Punjab,271775.72,11330329.77,1636.4,112.64,3.53,41.69
Banana,2012,Rabi,Punjab,149945.82,11833724.11,1535.27,39.18,0.35,78.92
Banana,2012,Kharif,Punjab,302156.78,18316744.0,430.07,67.48,1.17,60.62
Rice,2012,Whole Year,Rajasthan,35538.56,201859.02,1737.36,58.63,2.88,5.68
Rice,2012,Summer,Rajasthan,97440.59,574899.48,1958.99,153.09,4.26,5.9
Wheat,2012,Summer,Rajasthan,156780.66,1033184.55,1141.91,225.72,1.5,6.59
Wheat,2012,Kharif,Rajasthan,398587.86,2945564.29,1663.52,178.76,2.43,7.39
Maize,2012,Whole Year,Rajasthan,138219.11,651012.01,689.63,136.72,0.25,4.71
Maize,2012,Rabi,Rajasthan,140083.04,693411.05,1048.83,129.36,2.62,4.95
Cotton(lint),2012,Rabi,Rajasthan,73400.67,207723.9,650.23,148.38,0.44,2.83
Cotton(lint),2012,Kharif,Rajasthan,54002.45,199809.07,1137.09,127.85,0.93,3.7
Sugarcane,2012,Rabi,Rajasthan,324935.74,28340895.24,710.56,35.92,1.96,87.22
Sugarcane,2012,Kharif,Rajasthan,364570.28,34637822.3,1498.97,53.28,3.14,95.01
Soybean,2012,Whole Year,Rajasthan,205691.07,709634.19,1426.71,125.17,1.29,3.45
Soybean,2012,Kharif,Rajasthan,65354.15,207172.66,698.63,168.44,1.54,3.17
Groundnut,2012,Kharif,Rajasthan,333293.88,1546483.6,1838.79,182.34,1.07,4.64
Groundnut,2012,Rabi,Rajasthan,375943.5,1067679.54,1102.71,32.37,1.72,2.84
Rapeseed &Mustard,2012,Summer,Rajasthan,148090.78,362822.41,804.45,127.5,0.97,2.45
Rapeseed &Mustard,2012,Whole Year,Rajasthan,259489.22,856314.43,1470.5,138.15,0.87,3.3
Gram,2012,Rabi,Rajasthan,123756.32,379931.9,1319.99,235.64,0.73,3.07
Gram,2012,Whole Year,Rajasthan,394654.43,986636.07,1109.69,176.78,0.58,2.5
Arhar/Tur,2012,Rabi,Rajasthan,53846.94,136771.23,1660.58,177.58,2.56,2.54
Arhar/Tur,2012,Kharif,Rajasthan,23390.39,55669.13,1259.67,220.35,0.21,2.38
Moong(Green Gram),2012,Rabi,Rajasthan,124660.07,263032.75,1681.1,157.32,3.84,2.11
Moong(Green Gram),2012,Kharif,Rajasthan,334795.92,462018.37,1111.02,50.01,1.31,1.38
Potato,2012,Rabi,Rajasthan,74924.22,2530940.15,1005.21,153.04,2.44,33.78
Potato,2012,Kharif,Rajasthan,321798.37,8501912.94,905.25,97.88,1.44,26.42
Onion,2012,Summer,Rajasthan,21301.29,438593.56,671.04,52.11,3.75,20.59
Onion,2012,Rabi,Rajasthan,20491.33,616174.29,1815.6,221.67,2.29,30.07
Tomato,2012,Whole Year,Rajasthan,339614.95,9156019.05,817.85,65.1,3.47,26.96
Tomato,2012,Kharif,Rajasthan,142037.54,5224140.72,1045.55,232.7,3.2,36.78
Banana,2012,Rabi,Rajasthan,406461.31,24257610.98,1321.6,220.19,1.94,59.68
Banana,2012,Kharif,Rajasthan,298210.83,16869786.65,1301.93,168.38,3.15,56.57
Rice,2012,Whole Year,Tamil Nadu,138488.25,848932.97,794.71,196.39,1.63,6.13
Rice,2012,Summer,Tamil Nadu,406081.73,2205023.79,1638.71,42.97,0.37,5.43
Wheat,2012,Kharif,Tamil Nadu,87446.6,675087.75,1626.6,226.91,1.11,7.72
Wheat,2012,Whole Year,Tamil Nadu,331656.38,1887124.8,1131.81,43.17,3.96,5.69
Maize,2012,Whole Year,Tamil Nadu,155120.35,978809.41,922.45,125.65,1.65,6.31
Maize,2012,Rabi,Tamil Nadu,303670.35,1782544.95,930.02,141.04,3.81,5.87
Cotton(lint),2012,Whole Year,Tamil Nadu,127974.5,591242.19,2047.44,127.21,2.98,4.62
Cotton(lint),2012,Kharif,Tamil Nadu,391320.89,1443974.08,597.11,192.54,2.7,3.69
Sugarcane,2012,Rabi,Tamil Nadu,175079.08,21109284.68,1920.23,30.92,2.44,120.57
Sugarcane,2012,Whole Year,Tamil Nadu,19858.81,2371737.68,1896.8,206.0,3.78,119.43
Soybean,2012,Kharif,Tamil Nadu,6958.13,29363.31,1926.33,181.82,2.48,4.22
Soybean,2012,Rabi,Tamil Nadu,238130.8,909659.66,924.3,234.25,3.89,3.82
Groundnut,2012,Kharif,Tamil Nadu,58301.99,242536.28,959.42,81.04,2.66,4.16
Groundnut,2012,Rabi,Tamil Nadu,327173.73,1370857.93,1075.48,59.32,1.11,4.19
Rapeseed &Mustard,2012,Summer,Tamil Nadu,355855.03,1064006.54,762.27,131.86,2.81,2.99
Rapeseed &Mustard,2012,Whole Year,Tamil Nadu,135051.74,383546.94,779.84,147.24,1.96,2.84
Gram,2012,Rabi,Tamil Nadu,217766.12,607567.47,1046.67,98.36,1.35,2.79
Gram,2012,Whole Year,Tamil Nadu,140185.1,344855.35,742.17,129.85,0.5,2.46
Arhar/Tur,2012,Summer,Tamil Nadu,356982.49,856757.98,2132.6,78.57,1.78,2.4
Arhar/Tur,2012,Rabi,Tamil Nadu,177623.34,401428.75,1367.57,70.18,1.3,2.26
Moong(Green Gram),2012,Whole Year,Tamil Nadu,60599.36,143620.48,1544.13,169.15,3.41,2.37
Moong(Green Gram),2012,Rabi,Tamil Nadu,344924.39,720891.98,1435.15,84.77,4.12,2.09
Potato,2012,Rabi,Tamil Nadu,96209.29,3326917.25,1743.15,102.36,3.42,34.58
Potato,2012,Summer,Tamil Nadu,441633.79,14582747.75,1950.75,39.47,2.67,33.02
Onion,2012,Rabi,Tamil Nadu,62945.89,1959505.56,1406.83,169.69,4.23,31.13
Onion,2012,Summer,Tamil Nadu,257894.47,9655568.96,2116.43,184.5,3.16,37.44
Tomato,2012,Kharif,Tamil Nadu,428371.77,19216757.6,1728.66,175.57,1.33,44.86
Tomato,2012,Rabi,Tamil Nadu,59008.54,2499011.67,1888.03,30.52,3.78,42.35
Banana,2012,Whole Year,Tamil Nadu,64566.24,4501558.25,1839.57,107.0,3.48,69.72
Banana,2012,Summer,Tamil Nadu,43279.34,2704093.16,658.26,215.47,0.67,62.48
Rice,2012,Rabi,Telangana,55899.2,365021.78,1953.41,36.63,4.4,6.53
Rice,2012,Kharif,Telangana,259848.76,1405781.79,543.97,156.52,3.86,5.41
Wheat,2012,Rabi,Telangana,359359.1,2975493.35,1976.57,137.12,2.31,8.28
Wheat,2012,Whole Year,Telangana,160598.94,1156312.37,1308.36,152.87,4.45,7.2
Maize,2012,Whole Year,Telangana,264801.44,1880090.22,1875.1,210.05,3.64,7.1
Maize,2012,Kharif,Telangana,228652.99,1529688.5,1803.26,85.53,1.8,6.69
Cotton(lint),2012,Summer,Telangana,116230.67,452137.31,1192.5,88.96,0.73,3.89
Cotton(lint),2012,Rabi,Telangana,171795.81,673439.58,1746.41,66.79,2.03,3.92
Sugarcane,2012,Kharif,Telangana,278037.65,28640658.33,1493.47,74.81,2.24,103.01
Sugarcane,2012,Rabi,Telangana,9135.13,961289.73,1573.59,41.23,4.41,105.23
Soybean,2012,Whole Year,Telangana,332322.83,1512068.88,1802.22,191.62,4.49,4.55
Soybean,2012,Rabi,Telangana,99764.17,354162.8,1824.98,68.9,3.71,3.55
Groundnut,2012,Summer,Telangana,274352.64,1275739.78,1397.23,167.6,4.05,4.65
Groundnut,2012,Rabi,Telangana,22547.92,117474.66,1907.68,132.83,3.7,5.21
Rapeseed &Mustard,2012,Rabi,Telangana,235874.69,702906.58,1965.98,31.82,3.26,2.98
Rapeseed &Mustard,2012,Summer,Telangana,5956.03,23705.0,2013.86,221.57,0.46,3.98
Gram,2012,Rabi,Telangana,341530.06,980191.27,1597.7,92.4,0.7,2.87
Gram,2012,Kharif,Telangana,3565.57,12087.28,1530.17,200.16,2.74,3.39
Arhar/Tur,2012,Summer,Telangana,47874.37,75162.76,887.5,44.04,0.24,1.57
Arhar/Tur,2012,Whole Year,Telangana,223960.3,582296.78,794.37,236.63,3.84,2.6
Moong(Green Gram),2012,Kharif,Telangana,268591.01,421687.89,1196.09,129.98,2.88,1.57
Moong(Green Gram),2012,Whole Year,Telangana,397909.42,815714.31,1601.79,73.14,1.58,2.05
Potato,2012,Kharif,Telangana,337729.28,11918466.29,1045.92,145.86,1.41,35.29
Potato,2012,Rabi,Telangana,318682.71,12259723.85,791.51,179.52,4.13,38.47
Onion,2012,Rabi,Telangana,37085.73,1222716.52,1239.26,192.87,0.46,32.97
Onion,2012,Whole Year,Telangana,297543.67,7206507.69,423.29,67.83,1.67,24.22
Tomato,2012,Whole Year,Telangana,52490.39,1957366.64,1715.76,67.32,4.49,37.29
Tomato,2012,Rabi,Telangana,192079.05,8167201.21,866.54,191.09,1.84,42.52
Banana,2012,Summer,Telangana,387448.3,27171749.28,497.0,236.24,4.12,70.13
Banana,2012,Whole Year,Telangana,338639.94,22671943.98,2022.26,94.52,2.2,66.95
Rice,2012,Whole Year,Uttar Pradesh,180978.25,901271.69,459.28,87.48,2.2,4.98
Rice,2012,Rabi,Uttar Pradesh,421603.05,2145959.52,415.83,181.4,2.18,5.09
Wheat,2012,Rabi,Uttar Pradesh,180289.28,1233178.68,1310.51,165.39,4.11,6.84
Wheat,2012,Summer,Uttar Pradesh,377432.88,2864715.56,2180.84,129.22,4.37,7.59
Maize,2012,Rabi,Uttar Pradesh,256757.06,1566218.07,1245.41,175.08,1.91,6.1
Maize,2012,Kharif,Uttar Pradesh,406007.07,2618745.6,1941.91,115.89,0.3,6.45
Cotton(lint),2012,Kharif,Uttar Pradesh,46922.64,132791.07,869.13,40.15,2.61,2.83
Cotton(lint),2012,Summer,Uttar Pradesh,165875.97,623693.65,429.91,206.3,3.55,3.76
Sugarcane,2012,Rabi,Uttar Pradesh,244927.87,29839562.4,2019.45,194.1,0.39,121.83
Sugarcane,2012,Summer,Uttar Pradesh,214261.0,26270541.21,1644.81,71.21,4.42,122.61
Soybean,2012,Summer,Uttar Pradesh,443515.8,1689795.2,1673.97,124.28,0.25,3.81
Soybean,2012,Kharif,Uttar Pradesh,235615.88,567834.27,728.37,34.64,1.73,2.41
Groundnut,2012,Whole Year,Uttar Pradesh,103180.63,509712.31,1665.81,83.0,4.12,4.94
Groundnut,2012,Summer,Uttar Pradesh,131188.85,604780.6,1852.74,53.87,3.5,4.61
Rapeseed &Mustard,2012,Summer,Uttar Pradesh,406735.14,1061578.72,1370.21,36.64,4.19,2.61
Rapeseed &Mustard,2012,Whole Year,Uttar Pradesh,269471.33,935065.52,1173.59,127.72,4.01,3.47
Gram,2012,Rabi,Uttar Pradesh,372753.43,1151808.1,1999.89,31.22,3.7,3.09
Gram,2012,Summer,Uttar Pradesh,167444.91,462147.95,1491.25,165.82,1.94,2.76
Arhar/Tur,2012,Kharif,Uttar Pradesh,267956.89,838705.07,2197.58,228.34,0.21,3.13
Arhar/Tur,2012,Summer,Uttar Pradesh,29111.29,63753.73,932.77,97.56,2.45,2.19
Moong(Green Gram),2012,Summer,Uttar Pradesh,111033.42,155446.79,979.19,94.76,1.76,1.4
Moong(Green Gram),2012,Rabi,Uttar Pradesh,220117.22,396211.0,1150.37,203.95,2.2,1.8
Potato,2012,Whole Year,Uttar Pradesh,351979.4,10584020.56,587.2,88.5,1.32,30.07
Potato,2012,Rabi,Uttar Pradesh,50420.18,1966891.22,921.24,213.1,3.84,39.01
Onion,2012,Kharif,Uttar Pradesh,63156.33,2109421.42,1704.14,138.05,0.68,33.4
Onion,2012,Summer,Uttar Pradesh,232281.02,8415541.35,2067.65,139.43,4.46,36.23
Tomato,2012,Summer,Uttar Pradesh,164557.85,6223577.89,1135.49,84.43,3.2,37.82
Tomato,2012,Whole Year,Uttar Pradesh,153909.67,6956717.08,1776.33,163.91,4.32,45.2
Banana,2012,Whole Year,Uttar Pradesh,67386.55,4136186.44,1358.36,149.18,4.17,61.38
Banana,2012,Kharif,Uttar Pradesh,196639.92,14281957.39,1578.57,177.06,3.91,72.63
Rice,2012,Rabi,West Bengal,15677.63,99552.95,1328.78,154.8,1.74,6.35
Rice,2012,Whole Year,West Bengal,395243.44,2782513.82,2119.8,30.26,3.82,7.04
Wheat,2012,Rabi,West Bengal,387162.43,2419765.19,1202.35,176.06,3.01,6.25
Wheat,2012,Summer,West Bengal,154434.1,1071772.65,1833.99,153.12,1.29,6.94
Maize,2012,Rabi,West Bengal,175984.86,860565.97,483.83,137.23,0.74,4.89
Maize,2012,Whole Year,West Bengal,380150.61,3227478.68,2120.88,228.07,0.63,8.49
Cotton(lint),2012,Rabi,West Bengal,131687.46,529383.59,488.0,219.58,2.28,4.02
Cotton(lint),2012,Summer,West Bengal,398713.12,1239997.8,400.55,174.45,3.5,3.11
Sugarcane,2012,Rabi,West Bengal,102324.63,10062604.11,1291.37,159.25,1.88,98.34
Sugarcane,2012,Whole Year,West Bengal,124115.54,12852164.17,1611.61,107.67,0.54,103.55
Soybean,2012,Kharif,West Bengal,279342.32,1122956.13,1596.39,147.89,3.88,4.02
Soybean,2012,Summer,West Bengal,262258.06,894299.98,708.02,221.85,3.13,3.41
Groundnut,2012,Rabi,West Bengal,246458.8,1276656.58,1586.99,232.0,2.01,5.18
Groundnut,2012,Summer,West Bengal,400379.26,2005900.09,1539.59,162.1,0.81,5.01
Rapeseed &Mustard,2012,Rabi,West Bengal,273730.44,1185252.81,2145.91,237.39,2.96,4.33
Rapeseed &Mustard,2012,Summer,West Bengal,111112.33,393337.65,2115.2,58.4,1.02,3.54
Gram,2012,Kharif,West Bengal,271915.84,693385.39,925.56,223.33,4.13,2.55
Gram,2012,Rabi,West Bengal,316272.45,752728.43,1593.39,110.28,1.98,2.38
Arhar/Tur,2012,Kharif,West Bengal,206433.19,637878.56,1635.58,185.81,3.55,3.09
Arhar/Tur,2012,Rabi,West Bengal,3429.08,8504.12,1258.69,196.72,2.91,2.48
Moong(Green Gram),2012,Rabi,West Bengal,408172.23,926550.96,1419.49,197.96,4.42,2.27
Moong(Green Gram),2012,Kharif,West Bengal,17349.93,36261.35,1074.06,148.74,3.63,2.09
Potato,2012,Whole Year,West Bengal,234575.04,10182902.49,2131.14,89.74,3.48,43.41
Potato,2012,Summer,West Bengal,188308.94,6765940.21,902.57,144.69,1.81,35.93
Onion,2012,Summer,West Bengal,25357.66,794709.06,1465.04,173.07,4.44,31.34
Onion,2012,Rabi,West Bengal,235044.34,6169913.92,690.74,110.68,2.72,26.25
Tomato,2012,Summer,West Bengal,439684.81,17275216.18,2153.76,56.56,3.52,39.29
Tomato,2012,Whole Year,West Bengal,296538.53,11906021.98,1278.69,77.86,3.47,40.15
Banana,2012,Kharif,West Bengal,412222.49,25908183.5,1454.69,74.12,1.42,62.85
Banana,2012,Whole Year,West Bengal,264349.97,17809257.48,1227.88,109.47,1.16,67.37
Rice,2013,Summer,Andhra Pradesh,414201.96,2994680.17,1221.91,181.66,0.55,7.23
Rice,2013,Rabi,Andhra Pradesh,135333.57,1043421.82,1442.45,227.45,3.29,7.71
Wheat,2013,Rabi,Andhra Pradesh,201127.14,1526554.99,1926.89,100.96,4.04,7.59
Wheat,2013,Whole Year,Andhra Pradesh,146863.72,1132319.28,838.68,161.05,2.12,7.71
Maize,2013,Rabi,Andhra Pradesh,213412.31,1679554.88,2058.85,239.74,1.28,7.87
Maize,2013,Whole Year,Andhra Pradesh,186381.06,1416496.06,1980.26,195.1,3.89,7.6
Cotton(lint),2013,Summer,Andhra Pradesh,173670.2,628686.12,1227.48,62.33,1.56,3.62
Cotton(lint),2013,Kharif,Andhra Pradesh,320921.44,1896645.71,1495.94,236.57,1.02,5.91
Sugarcane,2013,Summer,Andhra Pradesh,438468.45,53826386.92,2016.98,96.66,4.34,122.76
Sugarcane,2013,Kharif,Andhra Pradesh,7320.26,966127.91,2117.63,193.4,3.5,131.98
Soybean,2013,Whole Year,Andhra Pradesh,84618.18,276701.45,1185.35,122.84,1.38,3.27
Soybean,2013,Rabi,Andhra Pradesh,137538.16,514392.72,1959.41,116.11,0.73,3.74
Groundnut,2013,Whole Year,Andhra Pradesh,321668.24,1444290.4,1152.01,56.52,1.8,4.49
Groundnut,2013,Kharif,Andhra Pradesh,35668.83,167286.81,1401.35,87.99,2.85,4.69
Rapeseed &Mustard,2013,Rabi,Andhra Pradesh,432286.23,1500033.22,697.07,239.45,1.89,3.47
Rapeseed &Mustard,2013,Whole Year,Andhra Pradesh,219257.54,859489.56,1656.54,113.11,0.74,3.92
Gram,2013,Summer,Andhra Pradesh,166870.12,400488.29,953.77,88.64,2.21,2.4
Gram,2013,Rabi,Andhra Pradesh,234793.56,692641.0,1851.79,30.85,1.05,2.95
Arhar/Tur,2013,Whole Year,Andhra Pradesh,288668.28,456095.88,1013.33,39.97,3.92,1.58
Arhar/Tur,2013,Rabi,Andhra Pradesh,333920.88,894907.96,1978.31,107.85,1.95,2.68
Moong(Green Gram),2013,Summer,Andhra Pradesh,357255.24,528737.76,1184.2,67.36,0.54,1.48
Moong(Green Gram),2013,Rabi,Andhra Pradesh,103865.84,149566.81,787.93,113.9,1.96,1.44
Potato,2013,Summer,Andhra Pradesh,29840.84,865085.95,547.28,56.45,3.79,28.99
Potato,2013,Whole Year,Andhra Pradesh,176285.46,6406213.62,901.45,151.39,2.45,36.34
Onion,2013,Rabi,Andhra Pradesh,145536.73,4510183.26,1174.04,130.69,4.18,30.99
Onion,2013,Summer,Andhra Pradesh,113563.36,3561346.97,920.56,107.13,2.14,31.36
Tomato,2013,Whole Year,Andhra Pradesh,388555.28,13125397.36,1056.68,140.37,0.7,33.78
Tomato,2013,Kharif,Andhra Pradesh,82814.0,3156041.54,2010.06,61.1,2.93,38.11
Banana,2013,Rabi,Andhra Pradesh,358584.61,24918044.55,889.61,197.15,2.52,69.49
Banana,2013,Summer,Andhra Pradesh,151428.12,13304474.62,2039.29,180.21,2.28,87.86
Rice,2013,Whole Year,Assam,13369.95,80754.5,2090.49,39.1,2.84,6.04
Rice,2013,Kharif,Assam,22081.33,147724.1,1812.84,110.78,0.66,6.69
Wheat,2013,Whole Year,Assam,439293.54,2662118.85,2168.0,50.59,2.51,6.06
Wheat,2013,Summer,Assam,337878.11,2557737.29,1981.51,169.12,1.61,7.57
Maize,2013,Rabi,Assam,277074.71,1864712.8,2080.14,225.63,2.66,6.73
Maize,2013,Whole Year,Assam,252146.64,1679296.62,1148.5,216.54,2.27,6.66
Cotton(lint),2013,Rabi,Assam,366058.1,1475214.14,1277.96,188.33,3.93,4.03
Cotton(lint),2013,Summer,Assam,115089.49,545524.18,2046.85,174.38,3.37,4.74
Sugarcane,2013,Rabi,Assam,291003.82,25186380.62,721.07,233.43,1.72,86.55
Sugarcane,2013,Kharif,Assam,41727.97,3497221.17,1524.93,80.11,3.65,83.81
Soybean,2013,Rabi,Assam,194901.28,567162.72,1530.5,55.78,2.41,2.91
Soybean,2013,Summer,Assam,293779.94,904842.22,768.8,128.8,4.41,3.08
Groundnut,2013,Kharif,Assam,285823.24,857469.72,546.51,54.09,1.82,3.0
Groundnut,2013,Rabi,Assam,7073.51,27445.22,992.22,119.09,4.12,3.88
Rapeseed &Mustard,2013,Summer,Assam,428036.1,1344033.35,2018.85,63.26,4.13,3.14
Rapeseed &Mustard,2013,Whole Year,Assam,177837.91,590421.86,1227.84,167.8,1.32,3.32
Gram,2013,Whole Year,Assam,198332.1,503763.53,907.6,190.55,0.66,2.54
Gram,2013,Summer,Assam,48596.49,108370.17,1188.65,57.6,4.45,2.23
Arhar/Tur,2013,Summer,Assam,207941.09,496979.21,2127.35,68.85,0.88,2.39
Arhar/Tur,2013,Kharif,Assam,217559.71,456875.39,1271.3,95.11,4.2,2.1
Moong(Green Gram),2013,Whole Year,Assam,105817.83,155552.21,662.42,106.44,3.13,1.47
Moong(Green Gram),2013,Summer,Assam,89295.98,155375.01,464.14,234.68,0.26,1.74
Potato,2013,Whole Year,Assam,96305.74,2982588.77,743.69,168.75,1.24,30.97
Potato,2013,Kharif,Assam,219884.08,6339258.03,694.06,133.85,1.97,28.83
Onion,2013,Summer,Assam,66403.04,1319428.4,663.75,72.72,1.43,19.87
Onion,2013,Rabi,Assam,101102.56,2908720.65,1725.17,172.26,4.36,28.77
Tomato,2013,Rabi,Assam,36996.97,1616767.59,2001.53,151.44,4.29,43.7
Tomato,2013,Kharif,Assam,232118.19,9324187.69,442.58,227.32,2.97,40.17
Banana,2013,Whole Year,Assam,312273.3,20288396.3,1620.27,202.35,4.26,64.97
Banana,2013,Summer,Assam,143365.01,9173926.99,1048.49,100.24,1.6,63.99
Rice,2013,Rabi,Bihar,448253.77,2402640.21,943.91,214.48,2.79,5.36
Rice,2013,Whole Year,Bihar,332407.28,2157323.25,2027.45,79.41,0.95,6.49
Wheat,2013,Summer,Bihar,98488.07,590928.42,1789.96,77.78,4.03,6.0
Wheat,2013,Rabi,Bihar,173926.22,1076603.3,1662.71,48.98,0.55,6.19
Maize,2013,Whole Year,Bihar,261262.61,1951631.7,1878.15,200.75,1.65,7.47
Maize,2013,Rabi,Bihar,253219.35,1521848.29,1770.71,211.9,2.79,6.01
Cotton(lint),2013,Rabi,Bihar,217620.82,970588.86,1605.21,200.54,2.69,4.46
Cotton(lint),2013,Whole Year,Bihar,59192.71,245649.75,1686.72,172.93,4.47,4.15
Sugarcane,2013,Kharif,Bihar,153340.85,18367167.01,2050.64,188.59,3.02,119.78
Sugarcane,2013,Summer,Bihar,399100.26,33903567.09,815.44,178.29,1.89,84.95
Soybean,2013,Kharif,Bihar,190051.32,492232.92,597.17,81.98,3.99,2.59
Soybean,2013,Summer,Bihar,299851.55,884562.07,1807.29,68.39,1.51,2.95
Groundnut,2013,Kharif,Bihar,144569.22,582613.96,748.73,160.59,1.73,4.03
Groundnut,2013,Summer,Bihar,104154.45,386413.01,1456.4,70.87,3.27,3.71
Rapeseed &Mustard,2013,Summer,Bihar,181322.44,569352.46,1748.73,45.33,3.04,3.14
Rapeseed &Mustard,2013,Whole Year,Bihar,342421.0,999869.32,720.7,153.29,4.25,2.92
Gram,2013,Summer,Bihar,239564.36,848057.83,1432.44,239.14,4.47,3.54
Gram,2013,Kharif,Bihar,216620.73,634698.74,1697.29,227.06,1.53,2.93
Arhar/Tur,2013,Rabi,Bihar,423217.35,914149.48,1204.88,167.84,1.88,2.16
Arhar/Tur,2013,Summer,Bihar,334512.72,712512.09,1302.59,200.95,3.4,2.13
Moong(Green Gram),2013,Whole Year,Bihar,245790.39,385890.91,905.6,127.19,4.27,1.57
Moong(Green Gram),2013,Summer,Bihar,277831.74,544550.21,921.36,196.49,2.79,1.96
Potato,2013,Rabi,Bihar,298255.88,8515205.37,901.88,97.58,1.64,28.55
Potato,2013,Kharif,Bihar,233198.8,9586802.67,1465.61,191.45,0.59,41.11
Onion,2013,Rabi,Bihar,123820.4,3460780.18,1162.52,172.66,0.68,27.95
Onion,2013,Summer,Bihar,350921.73,8148402.57,1392.64,68.14,2.05,23.22
Tomato,2013,Summer,Bihar,49884.53,1612766.85,2144.46,76.91,1.15,32.33
Tomato,2013,Rabi,Bihar,442801.7,12615420.43,537.68,94.35,1.85,28.49
Banana,2013,Summer,Bihar,264952.09,12606420.44,768.18,135.77,3.26,47.58
Banana,2013,Rabi,Bihar,393772.87,21952837.5,675.23,169.96,1.34,55.75
Rice,2013,Rabi,Gujarat,108581.43,451698.75,571.0,44.55,2.37,4.16
Rice,2013,Whole Year,Gujarat,310771.75,2004477.79,509.86,210.04,3.71,6.45
Wheat,2013,Whole Year,Gujarat,160610.63,1045575.2,1118.7,186.65,0.78,6.51
Wheat,2013,Rabi,Gujarat,204971.46,1240077.33,1393.61,74.34,0.31,6.05
Maize,2013,Rabi,Gujarat,323037.27,1973757.72,1479.35,136.74,4.43,6.11
Maize,2013,Kharif,Gujarat,157814.23,994229.65,815.9,237.1,0.86,6.3
Cotton(lint),2013,Summer,Gujarat,205876.13,1093202.25,2171.76,138.07,3.39,5.31
Cotton(lint),2013,Rabi,Gujarat,97467.71,504882.74,1756.89,215.08,0.94,5.18
Sugarcane,2013,Kharif,Gujarat,331949.45,42449695.67,1727.36,134.33,0.4,127.88
Sugarcane,2013,Rabi,Gujarat,122257.89,13944734.93,1600.72,104.32,2.67,114.06
Soybean,2013,Rabi,Gujarat,385233.56,1544786.58,1756.91,102.54,2.07,4.01
Soybean,2013,Whole Year,Gujarat,308111.4,1297148.99,1373.68,230.42,3.53,4.21
Groundnut,2013,Summer,Gujarat,336650.65,1700085.78,2011.78,46.02,4.2,5.05
Groundnut,2013,Kharif,Gujarat,34541.91,178581.67,1687.44,184.49,4.49,5.17
Rapeseed &Mustard,2013,Rabi,Gujarat,264406.45,758846.51,1353.16,54.57,1.14,2.87
Rapeseed &Mustard,2013,Kharif,Gujarat,317881.3,1010862.53,1425.84,38.12,3.62,3.18
Gram,2013,Whole Year,Gujarat,115149.22,272903.65,570.8,111.58,2.73,2.37
Gram,2013,Rabi,Gujarat,152733.03,594131.49,1671.62,203.56,1.69,3.89
Arhar/Tur,2013,Whole Year,Gujarat,18128.72,55473.88,1687.83,141.17,3.32,3.06
Arhar/Tur,2013,Summer,Gujarat,232765.08,581912.7,728.34,197.08,4.49,2.5
Moong(Green Gram),2013,Summer,Gujarat,299000.53,586041.04,1500.97,129.4,2.0,1.96
Moong(Green Gram),2013,Rabi,Gujarat,179540.37,362671.55,992.41,191.95,4.14,2.02
Potato,2013,Rabi,Gujarat,64106.63,2378997.04,1313.79,165.17,2.19,37.11
Potato,2013,Whole Year,Gujarat,237556.26,8644672.3,535.81,208.97,1.98,36.39
Onion,2013,Summer,Gujarat,242051.94,4686125.56,412.46,32.32,2.54,19.36
Onion,2013,Whole Year,Gujarat,180481.93,4687115.72,2051.91,105.43,3.88,25.97
Tomato,2013,Whole Year,Gujarat,315706.61,13859520.18,2077.46,126.39,1.25,43.9
Tomato,2013,Summer,Gujarat,183823.77,7363980.23,1036.05,118.83,3.1,40.06
Banana,2013,Summer,Gujarat,334765.13,18643070.09,765.35,72.41,3.19,55.69
Banana,2013,Kharif,Gujarat,86410.68,6407351.92,1606.55,160.37,2.12,74.15
Rice,2013,Kharif,Haryana,4944.6,38815.11,1848.98,138.66,3.15,7.85
Rice,2013,Whole Year,Haryana,226685.74,1466656.74,923.19,94.09,3.63,6.47
Wheat,2013,Rabi,Haryana,42990.68,275570.26,1251.26,127.64,3.01,6.41
Wheat,2013,Whole Year,Haryana,228757.4,1683654.46,2032.22,63.48,3.17,7.36
Maize,2013,Rabi,Haryana,68194.82,561925.32,2094.89,160.4,3.84,8.24
Maize,2013,Kharif,Haryana,351573.3,1965294.75,1115.38,110.63,3.03,5.59
Cotton(lint),2013,Whole Year,Haryana,47304.08,182593.75,1240.47,71.01,0.9,3.86
Cotton(lint),2013,Summer,Haryana,107385.9,376924.51,574.12,198.29,2.52,3.51
Sugarcane,2013,Kharif,Haryana,31228.94,3521062.98,1444.77,101.46,0.65,112.75
Sugarcane,2013,Whole Year,Haryana,362980.15,34141912.91,712.76,53.03,2.42,94.06
Soybean,2013,Rabi,Haryana,128375.77,383843.55,872.98,69.11,1.56,2.99
Soybean,2013,Kharif,Haryana,444824.97,1632507.64,1541.28,105.83,3.07,3.67
Groundnut,2013,Summer,Haryana,274432.09,1399603.66,1616.8,176.12,3.33,5.1
Groundnut,2013,Rabi,Haryana,313039.9,1878239.4,1704.61,238.63,3.18,6.0
Rapeseed &Mustard,2013,Summer,Haryana,69016.83,304364.22,1965.0,227.79,2.3,4.41
Rapeseed &Mustard,2013,Kharif,Haryana,49694.78,191324.9,1989.73,178.71,1.24,3.85
Gram,2013,Rabi,Haryana,342241.92,965122.21,832.67,173.64,1.47,2.82
Gram,2013,Kharif,Haryana,416561.45,1287174.88,2144.64,79.54,3.68,3.09
Arhar/Tur,2013,Rabi,Haryana,326448.01,946699.23,1944.5,93.62,1.15,2.9
Arhar/Tur,2013,Kharif,Haryana,156996.77,331263.18,890.41,77.48,1.29,2.11
Moong(Green Gram),2013,Kharif,Haryana,373342.31,750418.04,2017.99,44.31,1.5,2.01
Moong(Green Gram),2013,Summer,Haryana,76584.51,139383.81,1293.17,169.28,2.34,1.82
Potato,2013,Kharif,Haryana,390311.39,16115957.29,1153.39,113.71,2.69,41.29
Potato,2013,Summer,Haryana,112288.83,4171530.03,1881.75,87.19,4.47,37.15
Onion,2013,Summer,Haryana,111101.65,3298607.99,807.09,208.54,1.53,29.69
Onion,2013,Rabi,Haryana,432615.46,11654660.49,840.54,81.96,4.26,26.94
Tomato,2013,Kharif,Haryana,97089.0,3615594.36,911.58,43.04,1.51,37.24
Tomato,2013,Rabi,Haryana,265583.11,11085439.01,1817.29,39.53,0.66,41.74
Banana,2013,Whole Year,Haryana,368307.33,22433599.47,810.28,172.72,0.56,60.91
Banana,2013,Summer,Haryana,416667.75,29379243.05,921.55,113.67,3.81,70.51
Rice,2013,Kharif,Karnataka,343593.41,2453256.95,1713.52,202.23,4.09,7.14
Rice,2013,Whole Year,Karnataka,26814.37,189041.31,1122.21,202.17,0.74,7.05
Wheat,2013,Rabi,Karnataka,338407.97,2341783.15,1914.47,88.18,1.12,6.92
Wheat,2013,Whole Year,Karnataka,51464.63,321139.29,781.96,160.48,2.0,6.24
Maize,2013,Summer,Karnataka,330888.71,1598192.47,570.38,92.31,4.18,4.83
Maize,2013,Kharif,Karnataka,446134.54,2498353.42,1347.99,90.49,3.6,5.6
Cotton(lint),2013,Whole Year,Karnataka,384696.7,1431071.72,770.51,192.54,0.24,3.72
Cotton(lint),2013,Rabi,Karnataka,268941.11,855232.73,750.43,106.71,1.24,3.18
Sugarcane,2013,Rabi,Karnataka,298304.5,24180562.77,411.31,59.85,1.16,81.06
Sugarcane,2013,Summer,Karnataka,184936.84,17467284.54,535.33,187.5,3.59,94.45
Soybean,2013,Rabi,Karnataka,354297.99,1080608.87,1745.69,30.97,1.47,3.05
Soybean,2013,Whole Year,Karnataka,32503.63,129689.48,1891.12,125.06,3.88,3.99
Groundnut,2013,Summer,Karnataka,334875.46,1309363.05,834.34,152.97,3.16,3.91
Groundnut,2013,Whole Year,Karnataka,407543.95,1585345.97,1420.91,75.57,0.73,3.89
Rapeseed &Mustard,2013,Rabi,Karnataka,181652.55,570389.01,1968.13,36.13,2.49,3.14
Rapeseed &Mustard,2013,Kharif,Karnataka,60144.42,185846.26,683.24,177.25,3.94,3.09
Gram,2013,Summer,Karnataka,267010.95,913177.45,1769.29,157.53,2.85,3.42
Gram,2013,Rabi,Karnataka,39279.78,81701.94,1045.85,116.53,3.79,2.08
Arhar/Tur,2013,Summer,Karnataka,288772.84,589096.59,483.94,195.94,1.17,2.04
Arhar/Tur,2013,Kharif,Karnataka,240703.73,527141.17,1296.8,102.91,0.93,2.19
Moong(Green Gram),2013,Whole Year,Karnataka,243490.54,392019.77,839.61,50.18,3.93,1.61
Moong(Green Gram),2013,Rabi,Karnataka,206162.88,325737.35,492.54,174.91,2.96,1.58
Potato,2013,Summer,Karnataka,215886.11,7556013.85,1365.44,144.62,1.43,35.0
Potato,2013,Rabi,Karnataka,334390.28,9379647.35,519.93,224.04,1.34,28.05
Onion,2013,Rabi,Karnataka,294084.82,10484123.83,1676.06,225.05,1.65,35.65
Onion,2013,Kharif,Karnataka,318207.0,8731600.08,2086.82,73.12,3.23,27.44
Tomato,2013,Kharif,Karnataka,54166.15,2076730.19,1575.66,156.31,0.41,38.34
Tomato,2013,Whole Year,Karnataka,112003.09,3140566.64,469.61,96.95,3.61,28.04
Banana,2013,Summer,Karnataka,423818.04,25123933.41,474.94,191.13,2.28,59.28
Banana,2013,Whole Year,Karnataka,318765.03,20844045.31,525.88,225.04,1.68,65.39
Rice,2013,Rabi,Madhya Pradesh,404128.68,2384359.21,701.86,161.61,3.52,5.9
Rice,2013,Kharif,Madhya Pradesh,350425.33,2200671.07,1896.14,95.71,3.13,6.28
Wheat,2013,Whole Year,Madhya Pradesh,319771.89,1937817.65,1227.44,98.93,2.43,6.06
Wheat,2013,Rabi,Madhya Pradesh,223526.8,1625039.84,1860.0,170.03,2.26,7.27
Maize,2013,Kharif,Madhya Pradesh,332105.47,1335063.99,683.87,87.05,1.2,4.02
Maize,2013,Whole Year,Madhya Pradesh,158993.11,984167.35,1711.38,158.31,0.55,6.19
Cotton(lint),2013,Whole Year,Madhya Pradesh,21781.07,60333.56,587.57,59.88,0.21,2.77
Cotton(lint),2013,Summer,Madhya Pradesh,368875.64,944321.64,748.17,46.98,3.34,2.56
Sugarcane,2013,Summer,Madhya Pradesh,225111.97,19186293.2,1073.21,164.52,2.29,85.23
Sugarcane,2013,Rabi,Madhya Pradesh,42818.97,3526570.37,796.67,76.99,4.22,82.36
Soybean,2013,Rabi,Madhya Pradesh,198107.06,731015.05,1658.55,66.67,2.96,3.69
Soybean,2013,Kharif,Madhya Pradesh,134181.88,631996.65,2079.7,231.87,3.93,4.71
Groundnut,2013,Rabi,Madhya Pradesh,357050.38,1621008.73,1591.03,116.21,2.37,4.54
Groundnut,2013,Kharif,Madhya Pradesh,407295.35,1511065.75,721.77,131.48,4.11,3.71
Rapeseed &Mustard,2013,Summer,Madhya Pradesh,64398.41,189331.33,780.37,157.14,2.36,2.94
Rapeseed &Mustard,2013,Rabi,Madhya Pradesh,405674.18,957391.06,925.03,62.71,0.84,2.36
Gram,2013,Whole Year,Madhya Pradesh,208145.65,476653.54,725.15,186.46,0.71,2.29
Gram,2013,Summer,Madhya Pradesh,248857.64,734130.04,1971.73,137.33,0.45,2.95
Arhar/Tur,2013,Kharif,Madhya Pradesh,252558.37,714740.19,1377.95,237.78,1.08,2.83
Arhar/Tur,2013,Summer,Madhya Pradesh,101049.62,265760.5,1550.48,234.22,4.27,2.63
Moong(Green Gram),2013,Whole Year,Madhya Pradesh,261448.91,420932.75,621.93,128.14,4.28,1.61
Moong(Green Gram),2013,Kharif,Madhya Pradesh,115764.7,241948.22,1427.66,207.21,4.16,2.09
Potato,2013,Rabi,Madhya Pradesh,314516.84,8083082.79,1088.95,32.33,1.62,25.7
Potato,2013,Kharif,Madhya Pradesh,309668.05,11711645.65,1829.92,125.4,3.97,37.82
Onion,2013,Summer,Madhya Pradesh,214485.01,5930510.53,1564.71,41.67,3.28,27.65
Onion,2013,Rabi,Madhya Pradesh,250194.33,7455791.03,927.05,160.39,1.96,29.8
Tomato,2013,Summer,Madhya Pradesh,244463.75,9800551.74,703.96,186.59,3.74,40.09
Tomato,2013,Whole Year,Madhya Pradesh,58133.31,2142793.81,579.14,201.56,3.63,36.86
Banana,2013,Kharif,Madhya Pradesh,369369.7,25006328.69,1377.88,137.47,0.44,67.7
Banana,2013,Rabi,Madhya Pradesh,351170.17,22474890.88,1815.37,63.59,1.74,64.0
Rice,2013,Rabi,Maharashtra,203527.34,1563089.97,2146.61,164.76,0.86,7.68
Rice,2013,Summer,Maharashtra,82495.04,490845.49,1278.11,102.42,1.08,5.95
Wheat,2013,Summer,Maharashtra,327332.72,1643210.25,427.49,77.6,4.38,5.02
Wheat,2013,Rabi,Maharashtra,106968.89,532705.07,425.87,34.38,2.83,4.98
Maize,2013,Whole Year,Maharashtra,55132.71,308191.85,1270.23,110.42,2.4,5.59
Maize,2013,Kharif,Maharashtra,368015.93,2027767.77,987.89,166.3,4.47,5.51
Cotton(lint),2013,Summer,Maharashtra,35464.45,146468.18,617.72,237.42,2.3,4.13
Cotton(lint),2013,Kharif,Maharashtra,119296.21,539218.87,1708.99,205.83,3.57,4.52
Sugarcane,2013,Whole Year,Maharashtra,186256.33,22790324.54,1284.29,65.15,2.15,122.36
Sugarcane,2013,Summer,Maharashtra,369045.24,39927004.52,1331.2,78.46,3.05,108.19
Soybean,2013,Rabi,Maharashtra,290565.02,781619.9,664.49,101.8,4.11,2.69
Soybean,2013,Whole Year,Maharashtra,316206.98,1495659.02,1937.23,231.3,2.31,4.73
Groundnut,2013,Kharif,Maharashtra,332155.65,1169187.89,487.76,127.14,1.0,3.52
Groundnut,2013,Rabi,Maharashtra,106745.81,467546.65,972.91,177.52,3.37,4.38
Rapeseed &Mustard,2013,Kharif,Maharashtra,341465.94,805859.62,515.89,117.53,3.1,2.36
Rapeseed &Mustard,2013,Summer,Maharashtra,29514.24,106546.41,1572.41,233.89,3.76,3.61
Gram,2013,Summer,Maharashtra,173113.54,396430.01,585.2,201.39,3.51,2.29
Gram,2013,Rabi,Maharashtra,118422.44,293687.65,1226.05,85.85,2.07,2.48
Arhar/Tur,2013,Summer,Maharashtra,293707.45,793010.12,2006.25,110.86,3.18,2.7
Arhar/Tur,2013,Whole Year,Maharashtra,414806.05,618061.01,450.28,86.19,0.77,1.49
Moong(Green Gram),2013,Rabi,Maharashtra,26471.75,47913.87,526.51,212.62,2.16,1.81
Moong(Green Gram),2013,Whole Year,Maharashtra,144434.22,363974.23,2014.64,234.59,1.24,2.52
Potato,2013,Whole Year,Maharashtra,389842.57,14509940.46,947.03,197.59,4.38,37.22
Potato,2013,Rabi,Maharashtra,74600.36,2955666.26,1682.25,183.69,2.09,39.62
Onion,2013,Rabi,Maharashtra,23820.42,681978.62,1088.32,112.67,4.5,28.63
Onion,2013,Summer,Maharashtra,24400.67,671262.43,1353.58,142.71,2.9,27.51
Tomato,2013,Summer,Maharashtra,342573.15,13284986.76,1178.13,182.77,2.31,38.78
Tomato,2013,Whole Year,Maharashtra,411299.23,17496669.24,1764.37,114.17,1.63,42.54
Banana,2013,Whole Year,Maharashtra,405202.81,33125329.72,1251.71,210.05,4.19,81.75
Banana,2013,Kharif,Maharashtra,191934.62,11356771.47,987.61,164.61,0.21,59.17
Rice,2013,Whole Year,Odisha,412735.9,1956368.17,596.23,80.0,1.21,4.74
Rice,2013,Rabi,Odisha,302687.01,1967465.56,1052.92,231.24,4.04,6.5
Wheat,2013,Rabi,Odisha,304332.86,1625137.47,730.52,114.13,0.49,5.34
Wheat,2013,Whole Year,Odisha,21134.98,146676.76,1587.33,192.77,1.12,6.94
Maize,2013,Summer,Odisha,181607.87,1131417.03,1071.73,237.35,3.87,6.23
Maize,2013,Rabi,Odisha,154514.61,999709.53,1602.22,233.0,1.88,6.47
Cotton(lint),2013,Kharif,Odisha,262076.59,1202931.55,2088.36,89.74,2.17,4.59
Cotton(lint),2013,Rabi,Odisha,114373.6,452919.46,904.52,215.88,0.55,3.96
Sugarcane,2013,Summer,Odisha,447167.26,45096818.17,1754.78,121.92,2.86,100.85
Sugarcane,2013,Kharif,Odisha,418909.17,40169200.31,2013.88,100.85,2.48,95.89
Soybean,2013,Kharif,Odisha,136844.43,422849.29,844.57,198.26,2.55,3.09
Soybean,2013,Summer,Odisha,98879.76,258076.17,733.23,210.59,4.26,2.61
Groundnut,2013,Summer,Odisha,204263.54,829309.97,1100.15,174.78,1.34,4.06
Groundnut,2013,Whole Year,Odisha,331255.0,947389.3,986.19,70.85,1.19,2.86
Rapeseed &Mustard,2013,Whole Year,Odisha,371146.85,1317571.32,1766.68,106.75,0.51,3.55
Rapeseed &Mustard,2013,Summer,Odisha,316384.59,1037741.46,2137.0,125.26,2.92,3.28
Gram,2013,Rabi,Odisha,419897.05,1457042.76,2123.61,155.35,0.29,3.47
Gram,2013,Summer,Odisha,371286.67,1087869.94,1460.96,194.56,0.74,2.93
Arhar/Tur,2013,Summer,Odisha,73299.9,178118.76,1739.28,97.37,3.71,2.43
Arhar/Tur,2013,Rabi,Odisha,320514.97,560901.2,1138.56,32.29,3.61,1.75
Moong(Green Gram),2013,Rabi,Odisha,237868.1,335394.02,1123.81,36.18,3.44,1.41
Moong(Green Gram),2013,Whole Year,Odisha,385515.28,639955.36,1330.38,78.65,0.26,1.66
Potato,2013,Rabi,Odisha,121224.99,4583516.87,1075.19,187.44,1.2,37.81
Potato,2013,Kharif,Odisha,289963.51,8832288.51,679.67,162.23,2.66,30.46
Onion,2013,Whole Year,Odisha,83161.26,1989217.34,1752.82,189.79,3.31,23.92
Onion,2013,Summer,Odisha,177907.38,5004534.6,1720.86,134.56,1.66,28.13
Tomato,2013,Rabi,Odisha,312961.41,11754830.56,1285.14,193.15,3.37,37.56
Tomato,2013,Summer,Odisha,386565.47,14759069.64,941.85,227.61,1.41,38.18
Banana,2013,Rabi,Odisha,433308.07,25183865.03,1194.73,86.24,0.46,58.12
Banana,2013,Whole Year,Odisha,437688.57,33325607.72,1681.9,225.96,4.46,76.14
Rice,2013,Kharif,Punjab,101257.22,573115.87,945.38,50.5,2.97,5.66
Rice,2013,Rabi,Punjab,399707.09,2546134.16,988.16,149.0,1.91,6.37
Wheat,2013,Rabi,Punjab,183926.66,1537626.88,2012.26,98.13,1.83,8.36
Wheat,2013,Summer,Punjab,359329.23,3402847.81,2116.79,197.07,1.95,9.47
Maize,2013,Whole Year,Punjab,184951.17,1327949.4,1261.05,167.96,3.74,7.18
Maize,2013,Summer,Punjab,146260.33,1060387.39,1355.55,231.89,4.23,7.25
Cotton(lint),2013,Whole Year,Punjab,405802.38,1554223.12,1311.45,44.1,0.81,3.83
Cotton(lint),2013,Kharif,Punjab,139527.37,457649.77,507.87,79.57,1.34,3.28
Sugarcane,2013,Kharif,Punjab,176037.06,23754440.88,1740.86,229.19,1.52,134.94
Sugarcane,2013,Summer,Punjab,100330.73,11971462.7,1735.33,42.99,0.42,119.32
Soybean,2013,Summer,Punjab,107002.68,483652.11,1661.79,102.96,2.16,4.52
Soybean,2013,Rabi,Punjab,107801.8,513136.57,1904.7,181.59,1.21,4.76
Groundnut,2013,Rabi,Punjab,322946.36,1798811.23,1817.82,184.08,2.14,5.57
Groundnut,2013,Summer,Punjab,93657.33,405536.24,1050.6,132.76,4.32,4.33
Rapeseed &Mustard,2013,Rabi,Punjab,347667.27,1293322.24,1525.71,94.69,1.86,3.72
Rapeseed &Mustard,2013,Summer,Punjab,150014.73,510050.08,1706.26,151.76,0.83,3.4
Gram,2013,Whole Year,Punjab,236304.59,879053.07,1474.67,184.39,1.66,3.72
Gram,2013,Kharif,Punjab,343034.8,854156.65,942.96,44.22,0.36,2.49
Arhar/Tur,2013,Rabi,Punjab,336207.72,1133020.02,1990.72,191.03,0.35,3.37
Arhar/Tur,2013,Whole Year,Punjab,301345.96,1039643.56,1768.04,235.68,2.05,3.45
Moong(Green Gram),2013,Kharif,Punjab,261848.8,586541.31,1712.78,79.71,1.34,2.24
Moong(Green Gram),2013,Rabi,Punjab,157393.93,306918.16,1129.15,178.92,4.38,1.95
Potato,2013,Kharif,Punjab,145236.26,5203815.2,937.69,94.07,3.69,35.83
Potato,2013,Rabi,Punjab,266869.36,10709467.42,650.08,128.44,4.49,40.13
Onion,2013,Summer,Punjab,303067.95,9998211.67,535.75,151.45,1.26,32.99
Onion,2013,Kharif,Punjab,363252.63,12368752.05,1065.75,149.13,3.61,34.05
Tomato,2013,Whole Year,Punjab,190441.92,7451992.33,563.75,85.28,1.8,39.13
Tomato,2013,Rabi,Punjab,199518.05,9866167.57,1704.24,149.42,1.67,49.45
Banana,2013,Kharif,Punjab,271278.04,19768030.77,1207.57,38.29,1.38,72.87
Banana,2013,Whole Year,Punjab,138679.41,9543917.0,1075.29,182.32,2.27,68.82
Rice,2013,Whole Year,Rajasthan,301018.86,1649583.35,954.86,73.98,1.87,5.48
Rice,2013,Rabi,Rajasthan,260403.9,2127499.86,2178.5,175.13,4.21,8.17
Wheat,2013,Summer,Rajasthan,140292.12,823514.74,645.86,140.43,2.43,5.87
Wheat,2013,Rabi,Rajasthan,437112.7,2745067.76,1980.87,54.86,1.66,6.28
Maize,2013,Whole Year,Rajasthan,14959.03,60584.07,993.68,35.06,2.35,4.05
Maize,2013,Summer,Rajasthan,108407.99,672129.54,1897.79,127.13,2.07,6.2
Cotton(lint),2013,Kharif,Rajasthan,109887.86,369223.21,579.58,201.62,0.57,3.36
Cotton(lint),2013,Whole Year,Rajasthan,351733.26,925058.47,470.71,94.74,2.67,2.63
Sugarcane,2013,Kharif,Rajasthan,147176.11,12047836.36,528.97,91.44,0.39,81.86
Sugarcane,2013,Rabi,Rajasthan,285264.15,28449393.68,1582.07,129.15,0.87,99.73
Soybean,2013,Rabi,Rajasthan,338294.11,1082541.15,2128.78,120.53,1.77,3.2
Soybean,2013,Whole Year,Rajasthan,281832.98,949777.14,1721.47,194.84,2.99,3.37
Groundnut,2013,Summer,Rajasthan,320103.35,1318825.8,1167.98,123.78,3.72,4.12
Groundnut,2013,Whole Year,Rajasthan,131552.76,489376.27,1910.05,139.68,2.58,3.72
Rapeseed &Mustard,2013,Summer,Rajasthan,124211.36,434739.76,1876.49,94.73,4.45,3.5
Rapeseed &Mustard,2013,Whole Year,Rajasthan,33230.55,102017.79,1026.94,184.87,3.02,3.07
Gram,2013,Summer,Rajasthan,18459.84,48733.98,1497.2,157.77,4.07,2.64
Gram,2013,Whole Year,Rajasthan,386865.65,738913.39,1253.73,42.54,0.68,1.91
Arhar/Tur,2013,Whole Year,Rajasthan,170350.76,327073.46,816.38,163.51,3.15,1.92
Arhar/Tur,2013,Summer,Rajasthan,413370.31,1099565.02,2164.59,120.52,2.84,2.66
Moong(Green Gram),2013,Rabi,Rajasthan,194400.05,357696.09,1676.34,153.49,3.57,1.84
Moong(Green Gram),2013,Summer,Rajasthan,360657.99,414756.69,560.6,77.98,1.08,1.15
Potato,2013,Whole Year,Rajasthan,393408.43,12349090.62,1513.2,115.25,2.5,31.39
Potato,2013,Summer,Rajasthan,22848.37,615763.57,1578.83,46.27,0.45,26.95
Onion,2013,Summer,Rajasthan,93753.53,2361651.42,1944.45,69.95,4.49,25.19
Onion,2013,Kharif,Rajasthan,311078.38,9242138.67,1497.36,239.96,3.65,29.71
Tomato,2013,Summer,Rajasthan,368123.33,12928491.35,1324.71,87.3,1.1,35.12
Tomato,2013,Kharif,Rajasthan,171504.35,5874023.99,916.0,199.24,0.34,34.25
Banana,2013,Whole Year,Rajasthan,329625.94,18290943.41,558.34,182.62,0.79,55.49
Banana,2013,Kharif,Rajasthan,226542.53,13710353.92,2141.37,48.67,2.25,60.52
Rice,2013,Rabi,Tamil Nadu,261891.37,1741577.61,2022.48,34.48,0.87,6.65
Rice,2013,Summer,Tamil Nadu,290414.23,2552741.08,2171.42,214.55,2.74,8.79
Wheat,2013,Summer,Tamil Nadu,338149.35,2022133.11,961.89,180.63,1.06,5.98
Wheat,2013,Rabi,Tamil Nadu,203461.93,1591072.29,1784.37,190.02,2.42,7.82
Maize,2013,Whole Year,Tamil Nadu,108519.95,632671.31,1504.85,160.47,0.4,5.83
Maize,2013,Kharif,Tamil Nadu,336475.42,2637967.29,1854.59,145.95,0.21,7.84
Cotton(lint),2013,Summer,Tamil Nadu,404373.19,1500224.53,946.5,155.45,1.33,3.71
Cotton(lint),2013,Kharif,Tamil Nadu,412185.62,1628133.2,1104.7,202.47,1.05,3.95
Sugarcane,2013,Whole Year,Tamil Nadu,281366.61,30154059.59,1474.47,63.48,2.93,107.17
Sugarcane,2013,Kharif,Tamil Nadu,243124.14,30001518.88,2180.68,103.45,4.35,123.4
Soybean,2013,Rabi,Tamil Nadu,191558.44,515292.2,626.62,40.07,4.36,2.69
Soybean,2013,Kharif,Tamil Nadu,41202.09,188705.57,2072.83,128.59,3.86,4.58
Groundnut,2013,Rabi,Tamil Nadu,180297.57,823959.89,1682.95,38.93,0.75,4.57
Groundnut,2013,Whole Year,Tamil Nadu,109667.66,418930.46,699.27,154.48,3.47,3.82
Rapeseed &Mustard,2013,Rabi,Tamil Nadu,222125.37,764111.27,1841.74,104.34,2.63,3.44
Rapeseed &Mustard,2013,Whole Year,Tamil Nadu,397397.59,1466397.11,2115.55,38.18,0.45,3.69
Gram,2013,Summer,Tamil Nadu,437567.0,1242690.28,1495.09,139.66,2.43,2.84
Gram,2013,Rabi,Tamil Nadu,286117.96,806852.65,2079.31,155.14,3.89,2.82
Arhar/Tur,2013,Whole Year,Tamil Nadu,434048.97,1197975.16,1895.41,65.03,3.63,2.76
Arhar/Tur,2013,Kharif,Tamil Nadu,363574.76,687156.3,1037.15,63.59,2.99,1.89
Moong(Green Gram),2013,Summer,Tamil Nadu,428759.6,853231.6,1826.57,61.31,4.42,1.99
Moong(Green Gram),2013,Kharif,Tamil Nadu,275310.84,520337.49,592.13,147.69,0.52,1.89
Potato,2013,Kharif,Tamil Nadu,393560.23,17139548.02,1705.1,82.41,4.02,43.55
Potato,2013,Rabi,Tamil Nadu,76457.13,3775453.08,1943.99,225.5,3.53,49.38
Onion,2013,Whole Year,Tamil Nadu,387573.07,9894740.48,1280.01,64.42,3.08,25.53
Onion,2013,Rabi,Tamil Nadu,12858.25,384976.01,759.73,113.95,0.92,29.94
Tomato,2013,Summer,Tamil Nadu,432823.08,17537991.2,1775.64,97.15,4.29,40.52
Tomato,2013,Kharif,Tamil Nadu,211000.94,9360001.7,1139.34,78.93,1.86,44.36
Banana,2013,Kharif,Tamil Nadu,151922.8,8387657.79,1027.7,71.77,4.19,55.21
Banana,2013,Summer,Tamil Nadu,89729.77,6107008.15,1307.82,170.54,4.06,68.06
Rice,2013,Whole Year,Telangana,15547.49,129977.02,2047.77,219.5,1.83,8.36
Rice,2013,Rabi,Telangana,181592.31,1389181.17,1932.04,70.43,2.09,7.65
Wheat,2013,Summer,Telangana,195231.78,1298291.34,1749.85,126.35,0.9,6.65
Wheat,2013,Whole Year,Telangana,31767.75,197913.08,1451.81,157.58,0.47,6.23
Maize,2013,Summer,Telangana,21732.71,126049.72,495.53,190.14,1.49,5.8
Maize,2013,Kharif,Telangana,168337.05,1018439.15,1795.07,215.74,0.46,6.05
Cotton(lint),2013,Summer,Telangana,215074.01,1090425.23,1601.8,198.48,4.38,5.07
Cotton(lint),2013,Whole Year,Telangana,990.65,3774.38,1354.42,75.08,0.61,3.81
Sugarcane,2013,Whole Year,Telangana,185816.5,19259880.23,1606.19,132.84,2.08,103.65
Sugarcane,2013,Summer,Telangana,157733.14,14462551.61,1563.14,54.36,0.6,91.69
Soybean,2013,Summer,Telangana,337592.91,1225462.26,1426.32,154.95,0.64,3.63
Soybean,2013,Rabi,Telangana,264886.88,1139013.58,2107.23,176.98,1.39,4.3
Groundnut,2013,Summer,Telangana,200367.66,1059944.92,1539.86,163.68,3.6,5.29
Groundnut,2013,Rabi,Telangana,198362.92,886682.25,1606.31,125.7,4.28,4.47
Rapeseed &Mustard,2013,Whole Year,Telangana,259652.48,576428.51,710.92,43.86,3.64,2.22
Rapeseed &Mustard,2013,Summer,Telangana,440306.18,1386964.47,1691.07,82.6,2.74,3.15
Gram,2013,Whole Year,Telangana,145438.95,482857.31,1763.24,196.59,3.19,3.32
Gram,2013,Summer,Telangana,156497.1,378722.98,753.15,175.82,1.35,2.42
Arhar/Tur,2013,Whole Year,Telangana,20655.78,54324.7,1684.93,225.23,3.28,2.63
Arhar/Tur,2013,Summer,Telangana,7411.34,18231.9,1650.41,78.52,3.89,2.46
Moong(Green Gram),2013,Whole Year,Telangana,118263.57,156107.91,449.69,95.73,3.27,1.32
Moong(Green Gram),2013,Kharif,Telangana,9594.04,20819.07,1699.16,214.94,2.64,2.17
Potato,2013,Rabi,Telangana,3056.86,97116.44,647.34,122.24,0.83,31.77
Potato,2013,Whole Year,Telangana,368672.81,15410523.46,1845.48,228.54,4.49,41.8
Onion,2013,Kharif,Telangana,274707.73,9680700.41,2165.59,166.75,3.28,35.24
Onion,2013,Rabi,Telangana,36130.15,918067.11,1581.75,41.67,0.7,25.41
Tomato,2013,Rabi,Telangana,421541.36,16756269.06,1848.75,183.49,3.58,39.75
Tomato,2013,Kharif,Telangana,85677.99,4073988.42,1959.41,182.28,1.12,47.55
Banana,2013,Rabi,Telangana,201831.19,15036423.65,1909.42,235.69,3.11,74.5
Banana,2013,Whole Year,Telangana,212932.82,16600242.65,1563.85,219.74,4.12,77.96
Rice,2013,Summer,Uttar Pradesh,198051.59,905095.77,664.75,51.06,1.48,4.57
Rice,2013,Whole Year,Uttar Pradesh,72373.86,493589.73,1127.41,146.62,0.33,6.82
Wheat,2013,Kharif,Uttar Pradesh,180630.01,1208414.77,1953.26,40.47,4.07,6.69
Wheat,2013,Rabi,Uttar Pradesh,113101.94,867491.88,1650.86,199.99,3.22,7.67
Maize,2013,Rabi,Uttar Pradesh,309413.67,2162801.55,1067.26,213.92,3.82,6.99
Maize,2013,Kharif,Uttar Pradesh,366436.6,2044716.23,1309.2,113.81,4.14,5.58
Cotton(lint),2013,Rabi,Uttar Pradesh,447953.43,1890363.47,2101.95,32.72,4.05,4.22
Cotton(lint),2013,Kharif,Uttar Pradesh,262444.99,1585167.74,1915.34,229.72,2.61,6.04
Sugarcane,2013,Kharif,Uttar Pradesh,84814.13,10249787.61,1781.71,76.78,4.37,120.85
Sugarcane,2013,Summer,Uttar Pradesh,98408.53,12690764.03,2006.87,170.24,3.92,128.96
Soybean,2013,Kharif,Uttar Pradesh,221361.84,737134.93,1480.92,59.88,3.7,3.33
Soybean,2013,Summer,Uttar Pradesh,440777.77,1648508.86,1038.26,237.59,4.31,3.74
Groundnut,2013,Whole Year,Uttar Pradesh,430494.62,2664761.7,1911.61,227.74,3.67,6.19
Groundnut,2013,Kharif,Uttar Pradesh,415350.63,2213818.86,2104.66,173.47,1.11,5.33
Rapeseed &Mustard,2013,Kharif,Uttar Pradesh,83539.61,334158.44,1474.83,210.43,1.84,4.0
Rapeseed &Mustard,2013,Summer,Uttar Pradesh,116252.54,491748.24,2053.56,148.34,1.73,4.23
Gram,2013,Summer,Uttar Pradesh,164299.92,491256.76,1871.38,50.57,3.12,2.99
Gram,2013,Kharif,Uttar Pradesh,181275.61,563767.15,1597.63,226.2,0.29,3.11
Arhar/Tur,2013,Kharif,Uttar Pradesh,69137.55,183905.88,1783.12,121.6,0.96,2.66
Arhar/Tur,2013,Rabi,Uttar Pradesh,420006.44,1045816.04,1473.4,130.72,0.81,2.49
Moong(Green Gram),2013,Kharif,Uttar Pradesh,400312.46,776606.17,1753.21,30.96,1.95,1.94
Moong(Green Gram),2013,Rabi,Uttar Pradesh,30010.0,50116.7,1356.2,58.59,3.05,1.67
Potato,2013,Kharif,Uttar Pradesh,404826.49,14962387.07,994.63,208.5,0.6,36.96
Potato,2013,Summer,Uttar Pradesh,27318.17,986732.3,1106.48,218.32,1.24,36.12
Onion,2013,Whole Year,Uttar Pradesh,446594.26,10468169.45,1761.22,37.54,3.26,23.44
Onion,2013,Rabi,Uttar Pradesh,377776.49,11072628.92,1799.71,142.57,0.71,29.31
Tomato,2013,Rabi,Uttar Pradesh,256674.3,9979496.78,1285.84,138.76,3.98,38.88
Tomato,2013,Summer,Uttar Pradesh,205351.55,8729494.39,1327.34,139.11,4.29,42.51
Banana,2013,Whole Year,Uttar Pradesh,239425.79,15493242.87,1529.0,164.35,2.72,64.71
Banana,2013,Kharif,Uttar Pradesh,28281.01,1661226.53,1866.94,102.26,4.13,58.74
Rice,2013,Rabi,West Bengal,217301.09,1453744.29,740.43,226.85,0.24,6.69
Rice,2013,Kharif,West Bengal,173295.98,856082.14,567.6,93.61,2.34,4.94
Wheat,2013,Whole Year,West Bengal,16742.48,110835.22,1419.94,108.07,4.04,6.62
Wheat,2013,Summer,West Bengal,436928.86,2678373.91,1021.06,185.77,3.99,6.13
Maize,2013,Rabi,West Bengal,51299.18,271372.66,859.06,67.35,0.94,5.29
Maize,2013,Kharif,West Bengal,79624.65,653718.38,2182.31,118.59,0.62,8.21
Cotton(lint),2013,Kharif,West Bengal,292614.75,1389920.06,1977.6,111.15,3.51,4.75
Cotton(lint),2013,Summer,West Bengal,337920.48,1355061.12,1197.4,196.66,2.6,4.01
Sugarcane,2013,Whole Year,West Bengal,59304.23,7245197.78,1916.37,206.9,2.23,122.17
Sugarcane,2013,Kharif,West Bengal,442292.53,45830351.96,1358.31,72.34,2.11,103.62
Soybean,2013,Rabi,West Bengal,88200.06,284886.19,965.24,124.99,3.86,3.23
Soybean,2013,Whole Year,West Bengal,122744.72,425924.18,1468.23,89.48,0.67,3.47
Groundnut,2013,Whole Year,West Bengal,194241.46,971207.3,1420.47,204.2,1.6,5.0
Groundnut,2013,Rabi,West Bengal,430328.53,2508815.33,1985.36,191.21,2.21,5.83
Rapeseed &Mustard,2013,Whole Year,West Bengal,326018.03,1222567.61,1536.7,197.22,2.13,3.75
Rapeseed &Mustard,2013,Rabi,West Bengal,119637.07,278754.37,1091.98,33.66,1.85,2.33
Gram,2013,Summer,West Bengal,11843.08,27594.38,1224.9,44.16,4.37,2.33
Gram,2013,Whole Year,West Bengal,176796.11,537460.17,1321.59,190.08,1.16,3.04
Arhar/Tur,2013,Rabi,West Bengal,239321.51,557619.12,478.46,134.83,0.74,2.33
Arhar/Tur,2013,Kharif,West Bengal,437256.9,1189338.77,1578.97,90.45,1.24,2.72
Moong(Green Gram),2013,Rabi,West Bengal,207455.08,433581.12,2188.61,111.16,2.19,2.09
Moong(Green Gram),2013,Whole Year,West Bengal,415065.49,788624.43,1747.89,100.01,3.21,1.9
Potato,2013,Whole Year,West Bengal,119394.73,4467750.8,761.04,212.65,0.97,37.42
Potato,2013,Rabi,West Bengal,279681.91,8974992.49,1854.73,115.54,2.5,32.09
Onion,2013,Rabi,West Bengal,158976.68,4456116.34,2164.95,92.77,0.23,28.03
Onion,2013,Whole Year,West Bengal,20500.24,662157.75,1656.88,183.77,2.18,32.3
Tomato,2013,Summer,West Bengal,388734.9,18029524.66,1786.58,149.67,2.96,46.38
Tomato,2013,Whole Year,West Bengal,209870.62,7943602.97,802.11,205.26,1.18,37.85
Banana,2013,Kharif,West Bengal,211917.66,14524836.42,1675.54,117.41,4.03,68.54
Banana,2013,Summer,West Bengal,420612.07,35697346.38,1896.86,238.27,2.88,84.87
Rice,2014,Rabi,Andhra Pradesh,158482.08,987343.36,1613.98,43.71,2.72,6.23
Rice,2014,Kharif,Andhra Pradesh,251761.34,1684283.36,1994.19,151.61,1.18,6.69
Wheat,2014,Whole Year,Andhra Pradesh,214217.63,1154633.03,1134.93,104.26,0.64,5.39
Wheat,2014,Rabi,Andhra Pradesh,297533.17,1930990.27,974.57,120.54,0.43,6.49
Maize,2014,Rabi,Andhra Pradesh,11394.8,72584.88,1374.22,212.77,3.52,6.37
Maize,2014,Summer,Andhra Pradesh,296152.82,2117492.66,1779.34,150.21,4.04,7.15
Cotton(lint),2014,Rabi,Andhra Pradesh,201086.86,703804.01,1306.73,86.6,3.0,3.5
Cotton(lint),2014,Whole Year,Andhra Pradesh,352289.64,1497230.97,1393.54,230.17,1.74,4.25
Sugarcane,2014,Whole Year,Andhra Pradesh,430577.72,42799425.37,413.82,48.54,3.1,99.4
Sugarcane,2014,Summer,Andhra Pradesh,5884.93,644046.74,1852.56,58.4,1.45,109.44
Soybean,2014,Kharif,Andhra Pradesh,256499.76,1102948.97,2169.63,75.67,4.44,4.3
Soybean,2014,Summer,Andhra Pradesh,40793.75,116670.12,940.76,42.12,1.8,2.86
Groundnut,2014,Whole Year,Andhra Pradesh,103407.37,356755.43,650.02,72.34,1.72,3.45
Groundnut,2014,Kharif,Andhra Pradesh,20166.39,98411.98,1942.11,76.15,3.73,4.88
Rapeseed &Mustard,2014,Summer,Andhra Pradesh,266669.45,922676.3,1695.82,166.79,0.82,3.46
Rapeseed &Mustard,2014,Kharif,Andhra Pradesh,180855.79,636612.38,1424.13,147.37,0.71,3.52
Gram,2014,Kharif,Andhra Pradesh,326802.14,637264.17,547.27,56.76,4.04,1.95
Gram,2014,Summer,Andhra Pradesh,106788.58,242410.08,1521.04,54.24,0.75,2.27
Arhar/Tur,2014,Rabi,Andhra Pradesh,222585.62,661079.29,1511.92,214.65,3.38,2.97
Arhar/Tur,2014,Whole Year,Andhra Pradesh,205587.12,499576.7,602.41,238.46,0.3,2.43
Moong(Green Gram),2014,Whole Year,Andhra Pradesh,103131.94,187700.13,1550.22,51.3,3.21,1.82
Moong(Green Gram),2014,Kharif,Andhra Pradesh,373171.91,947856.65,1806.75,171.0,2.11,2.54
Potato,2014,Kharif,Andhra Pradesh,54162.88,1920074.1,689.83,141.95,4.37,35.45
Potato,2014,Rabi,Andhra Pradesh,17671.26,670801.03,2068.37,68.04,4.12,37.96
Onion,2014,Rabi,Andhra Pradesh,399745.26,11752510.64,1881.8,109.1,0.22,29.4
Onion,2014,Kharif,Andhra Pradesh,340797.66,12319835.41,1830.73,122.34,3.42,36.15
Tomato,2014,Rabi,Andhra Pradesh,398659.17,15507841.71,1098.78,172.69,1.18,38.9
Tomato,2014,Summer,Andhra Pradesh,137176.56,4133129.75,856.98,40.43,3.8,30.13
Banana,2014,Summer,Andhra Pradesh,184695.6,11890702.73,1234.03,45.52,1.38,64.38
Banana,2014,Kharif,Andhra Pradesh,253750.79,17298191.35,1265.27,84.38,2.23,68.17
Rice,2014,Summer,Assam,327610.63,1808410.68,1108.5,208.0,4.16,5.52
Rice,2014,Whole Year,Assam,412148.57,1821696.68,741.06,40.17,1.61,4.42
Wheat,2014,Rabi,Assam,86646.33,529409.08,1484.4,71.3,0.98,6.11
Wheat,2014,Whole Year,Assam,355017.44,2541924.87,2029.16,152.43,1.96,7.16
Maize,2014,Whole Year,Assam,20099.72,141502.03,2028.81,138.27,3.09,7.04
Maize,2014,Summer,Assam,238052.66,1671129.67,1980.07,200.31,0.53,7.02
Cotton(lint),2014,Rabi,Assam,313077.69,1343103.29,2075.31,138.72,0.3,4.29
Cotton(lint),2014,Summer,Assam,150843.64,616950.49,1812.03,54.4,3.84,4.09
Sugarcane,2014,Rabi,Assam,96999.87,9570007.17,1211.57,175.61,3.8,98.66
Sugarcane,2014,Whole Year,Assam,237350.26,18624874.9,431.85,45.14,0.87,78.47
Soybean,2014,Kharif,Assam,68427.84,247708.78,2092.87,30.09,3.45,3.62
Soybean,2014,Rabi,Assam,27537.82,93628.59,2115.4,51.29,3.59,3.4
Groundnut,2014,Kharif,Assam,49424.62,165078.23,527.68,120.2,3.39,3.34
Groundnut,2014,Whole Year,Assam,125753.33,485407.85,1099.5,220.35,3.88,3.86
Rapeseed &Mustard,2014,Kharif,Assam,154820.9,523294.64,1935.72,205.98,0.25,3.38
Rapeseed &Mustard,2014,Summer,Assam,144381.85,376836.63,438.97,187.45,4.29,2.61
Gram,2014,Kharif,Assam,318389.16,926512.46,1758.29,148.31,3.45,2.91
Gram,2014,Whole Year,Assam,279128.09,806680.18,1367.17,148.12,4.03,2.89
Arhar/Tur,2014,Summer,Assam,414943.32,1000013.4,1718.53,134.34,3.5,2.41
Arhar/Tur,2014,Whole Year,Assam,12589.93,31348.93,1561.04,199.16,4.27,2.49
Moong(Green Gram),2014,Kharif,Assam,428152.93,518065.05,542.5,152.32,4.14,1.21
Moong(Green Gram),2014,Rabi,Assam,282577.65,423866.48,494.86,188.14,0.22,1.5
Potato,2014,Kharif,Assam,160527.72,5650575.74,1977.68,121.97,2.64,35.2
Potato,2014,Rabi,Assam,393195.66,11021274.35,1792.23,47.05,3.91,28.03
Onion,2014,Whole Year,Assam,303752.64,8064632.59,464.26,156.14,2.98,26.55
Onion,2014,Kharif,Assam,293371.02,6201863.36,702.84,96.99,2.48,21.14
Tomato,2014,Rabi,Assam,427509.76,12966371.02,676.65,37.76,2.5,30.33
Tomato,2014,Whole Year,Assam,427012.41,17328163.6,1369.38,225.3,3.32,40.58
Banana,2014,Summer,Assam,203241.82,11725020.6,1617.22,86.02,0.52,57.69
Banana,2014,Whole Year,Assam,15879.46,1073451.5,2005.28,188.08,2.92,67.6
Rice,2014,Summer,Bihar,280590.12,2511281.57,1988.6,237.83,3.67,8.95
Rice,2014,Whole Year,Bihar,379708.89,2369383.47,1237.55,194.86,2.28,6.24
Wheat,2014,Whole Year,Bihar,436044.37,2197663.62,1016.23,55.84,2.38,5.04
Wheat,2014,Rabi,Bihar,121838.49,771237.64,1283.88,229.42,1.44,6.33
Maize,2014,Rabi,Bihar,245382.44,1599893.51,1915.68,187.4,3.31,6.52
Maize,2014,Summer,Bihar,437271.85,2474958.67,2055.6,72.14,3.32,5.66
Cotton(lint),2014,Summer,Bihar,113897.0,435086.54,1540.03,45.2,0.66,3.82
Cotton(lint),2014,Kharif,Bihar,145036.59,665717.95,1281.41,228.6,4.27,4.59
Sugarcane,2014,Whole Year,Bihar,131907.65,10854680.52,988.33,113.31,1.01,82.29
Sugarcane,2014,Rabi,Bihar,147143.18,14468588.89,884.86,125.09,3.52,98.33
Soybean,2014,Whole Year,Bihar,225584.7,906850.49,1543.47,161.07,0.77,4.02
Soybean,2014,Rabi,Bihar,437409.55,1062905.21,702.43,116.19,0.61,2.43
Groundnut,2014,Summer,Bihar,29271.53,109182.81,1117.67,48.1,1.75,3.73
Groundnut,2014,Rabi,Bihar,127680.51,518382.87,1522.15,64.58,1.72,4.06
Rapeseed &Mustard,2014,Whole Year,Bihar,245839.69,572806.48,853.05,109.74,0.87,2.33
Rapeseed &Mustard,2014,Summer,Bihar,357990.51,719560.93,545.37,69.78,3.17,2.01
Gram,2014,Rabi,Bihar,140236.12,346383.22,1193.58,105.6,2.99,2.47
Gram,2014,Summer,Bihar,158896.05,421074.53,1732.51,84.03,2.39,2.65
Arhar/Tur,2014,Summer,Bihar,435595.03,1006224.52,1669.52,84.11,1.41,2.31
Arhar/Tur,2014,Whole Year,Bihar,233536.84,375994.31,771.65,77.81,0.24,1.61
Moong(Green Gram),2014,Rabi,Bihar,272890.83,357486.99,770.39,84.06,3.71,1.31
Moong(Green Gram),2014,Summer,Bihar,299129.23,499545.81,1410.0,126.78,4.07,1.67
Potato,2014,Summer,Bihar,110915.09,2917066.87,930.51,68.37,2.88,26.3
Potato,2014,Rabi,Bihar,407668.87,12629581.59,1651.06,81.67,1.75,30.98
Onion,2014,Rabi,Bihar,57560.67,1144306.12,867.52,51.74,2.41,19.88
Onion,2014,Whole Year,Bihar,254646.62,4963062.62,1670.11,39.92,0.55,19.49
Tomato,2014,Kharif,Bihar,19310.65,536256.75,1742.95,76.83,4.24,27.77
Tomato,2014,Whole Year,Bihar,351352.14,13017596.79,1683.68,157.53,4.22,37.05
Banana,2014,Rabi,Bihar,242415.93,16830938.02,1492.3,173.36,0.95,69.43
Banana,2014,Kharif,Bihar,74138.88,4070224.51,1019.63,169.96,4.23,54.9
Rice,2014,Summer,Gujarat,372602.5,1855560.45,1378.41,44.47,0.63,4.98
Rice,2014,Rabi,Gujarat,99645.35,698513.9,1239.26,169.96,1.86,7.01
Wheat,2014,Summer,Gujarat,103883.32,737571.57,1762.32,197.48,3.64,7.1
Wheat,2014,Rabi,Gujarat,378264.87,2481417.55,992.67,187.09,3.72,6.56
Maize,2014,Summer,Gujarat,360108.31,2290288.85,1963.86,175.8,1.0,6.36
Maize,2014,Whole Year,Gujarat,252971.99,1446999.78,1157.62,166.85,2.28,5.72
Cotton(lint),2014,Kharif,Gujarat,88402.88,291729.5,992.98,121.73,4.34,3.3
Cotton(lint),2014,Whole Year,Gujarat,294235.9,1165174.16,1154.56,229.76,4.05,3.96
Sugarcane,2014,Whole Year,Gujarat,77177.04,8421558.6,1790.95,115.44,1.75,109.12
Sugarcane,2014,Kharif,Gujarat,140982.06,13136708.35,699.19,59.13,1.65,93.18
Soybean,2014,Rabi,Gujarat,271620.94,850173.54,777.74,117.47,4.19,3.13
Soybean,2014,Whole Year,Gujarat,405957.68,1887703.21,2099.47,218.03,0.21,4.65
Groundnut,2014,Whole Year,Gujarat,320407.4,1688547.0,882.97,235.59,3.89,5.27
Groundnut,2014,Summer,Gujarat,384417.87,2406455.87,2103.08,222.33,1.95,6.26
Rapeseed &Mustard,2014,Summer,Gujarat,212450.71,637352.13,1006.41,108.61,1.79,3.0
Rapeseed &Mustard,2014,Rabi,Gujarat,3003.72,13546.78,2187.72,188.85,3.13,4.51
Gram,2014,Rabi,Gujarat,78109.75,154657.3,733.02,34.28,2.59,1.98
Gram,2014,Kharif,Gujarat,446837.55,1501374.17,2037.15,133.29,2.29,3.36
Arhar/Tur,2014,Rabi,Gujarat,377028.58,735205.73,570.6,148.22,3.48,1.95
Arhar/Tur,2014,Summer,Gujarat,236714.56,643863.6,1943.61,96.89,2.03,2.72
Moong(Green Gram),2014,Summer,Gujarat,386842.23,510631.74,960.08,30.3,1.21,1.32
Moong(Green Gram),2014,Rabi,Gujarat,420666.69,849746.71,1329.6,126.62,2.07,2.02
Potato,2014,Whole Year,Gujarat,200492.56,6401727.44,1538.56,100.23,2.0,31.93
Potato,2014,Rabi,Gujarat,65487.31,2140780.16,983.94,64.34,0.46,32.69
Onion,2014,Rabi,Gujarat,139420.29,3790837.69,1740.65,40.04,0.4,27.19
Onion,2014,Whole Year,Gujarat,153860.43,5380499.24,1493.55,177.4,1.07,34.97
Tomato,2014,Rabi,Gujarat,200901.66,6921062.19,1274.14,79.94,1.85,34.45
Tomato,2014,Summer,Gujarat,9758.63,319399.96,473.91,172.94,3.13,32.73
Banana,2014,Summer,Gujarat,55219.69,3364535.71,1533.33,74.84,2.81,60.93
Banana,2014,Rabi,Gujarat,262322.54,18543580.35,1629.48,172.86,2.94,70.69
Rice,2014,Kharif,Haryana,177186.4,1084380.77,1055.37,85.52,0.23,6.12
Rice,2014,Rabi,Haryana,124443.54,817594.06,1973.9,60.03,3.96,6.57
Wheat,2014,Whole Year,Haryana,50345.74,432973.36,2017.77,217.46,0.68,8.6
Wheat,2014,Summer,Haryana,146123.14,1285883.63,1730.39,159.01,3.55,8.8
Maize,2014,Rabi,Haryana,445046.72,2750388.73,715.09,208.05,3.95,6.18
Maize,2014,Summer,Haryana,430788.17,3976174.81,2150.85,164.76,1.75,9.23
Cotton(lint),2014,Whole Year,Haryana,131122.74,639878.97,2174.0,201.01,4.24,4.88
Cotton(lint),2014,Summer,Haryana,440870.7,2147040.31,956.97,189.06,2.6,4.87
Sugarcane,2014,Rabi,Haryana,51718.55,5524575.51,967.8,49.06,1.95,106.82
Sugarcane,2014,Summer,Haryana,325443.6,41126307.73,1359.45,215.53,2.13,126.37
Soybean,2014,Whole Year,Haryana,294313.0,706351.2,495.08,34.39,0.71,2.4
Soybean,2014,Kharif,Haryana,426307.95,1061506.8,575.84,49.87,0.57,2.49
Groundnut,2014,Whole Year,Haryana,96910.72,381828.24,482.71,232.7,2.03,3.94
Groundnut,2014,Kharif,Haryana,341382.96,1645465.87,754.24,195.25,1.19,4.82
Rapeseed &Mustard,2014,Kharif,Haryana,173234.12,507575.97,747.31,60.78,3.61,2.93
Rapeseed &Mustard,2014,Summer,Haryana,316985.32,938276.55,749.01,137.16,2.11,2.96
Gram,2014,Kharif,Haryana,226469.09,520878.91,1250.08,94.93,1.66,2.3
Gram,2014,Summer,Haryana,401591.05,1080279.92,1190.23,91.32,0.87,2.69
Arhar/Tur,2014,Kharif,Haryana,202773.11,626568.91,1390.22,101.35,3.42,3.09
Arhar/Tur,2014,Rabi,Haryana,111004.77,238660.26,1093.87,35.64,3.16,2.15
Moong(Green Gram),2014,Kharif,Haryana,145966.4,271497.5,586.4,201.22,1.48,1.86
Moong(Green Gram),2014,Rabi,Haryana,210364.46,384966.96,1286.52,142.5,0.33,1.83
Potato,2014,Whole Year,Haryana,81185.88,3152447.72,1772.99,82.24,1.48,38.83
Potato,2014,Kharif,Haryana,445759.34,17455935.75,673.5,127.3,3.35,39.16
Onion,2014,Kharif,Haryana,191031.7,6466423.05,1579.73,87.36,0.42,33.85
Onion,2014,Rabi,Haryana,224509.0,7693923.43,2136.61,135.76,1.39,34.27
Tomato,2014,Rabi,Haryana,449507.06,22870919.21,1333.78,232.48,0.27,50.88
Tomato,2014,Kharif,Haryana,308555.77,13616566.13,1427.02,39.28,0.84,44.13
Banana,2014,Summer,Haryana,188128.22,12408937.39,1004.06,103.59,0.59,65.96
Banana,2014,Rabi,Haryana,168264.52,12456622.42,2010.08,73.27,1.99,74.03
Rice,2014,Summer,Karnataka,124451.64,772844.68,1945.92,30.47,1.22,6.21
Rice,2014,Kharif,Karnataka,82030.78,485622.22,818.93,167.62,2.22,5.92
Wheat,2014,Rabi,Karnataka,249385.94,1448932.31,863.62,94.69,3.0,5.81
Wheat,2014,Whole Year,Karnataka,383579.55,2266955.14,616.76,218.47,0.54,5.91
Maize,2014,Kharif,Karnataka,96728.7,460428.61,603.0,187.43,1.27,4.76
Maize,2014,Summer,Karnataka,414011.71,1991396.33,818.56,128.18,4.32,4.81
Cotton(lint),2014,Kharif,Karnataka,367531.63,1414996.78,1485.83,105.69,2.11,3.85
Cotton(lint),2014,Whole Year,Karnataka,40789.89,202317.85,2040.31,111.34,1.7,4.96
Sugarcane,2014,Summer,Karnataka,98268.65,11033604.02,1546.01,214.96,0.35,112.28
Sugarcane,2014,Rabi,Karnataka,296259.57,34096513.91,1070.33,176.06,1.29,115.09
Soybean,2014,Whole Year,Karnataka,387791.69,1039281.73,583.42,93.21,2.33,2.68
Soybean,2014,Kharif,Karnataka,404127.43,1511436.59,1957.44,94.76,3.84,3.74
Groundnut,2014,Kharif,Karnataka,139769.58,751960.34,761.39,199.61,3.66,5.38
Groundnut,2014,Whole Year,Karnataka,313386.44,1328758.51,1316.69,117.58,4.48,4.24
Rapeseed &Mustard,2014,Rabi,Karnataka,313174.57,1067925.28,1622.34,129.7,3.41,3.41
Rapeseed &Mustard,2014,Summer,Karnataka,415764.47,1317973.37,1954.37,34.86,2.48,3.17
Gram,2014,Summer,Karnataka,287041.44,660195.31,1374.86,76.26,3.44,2.3
Gram,2014,Whole Year,Karnataka,212312.65,643307.33,1617.07,225.06,0.81,3.03
Arhar/Tur,2014,Whole Year,Karnataka,341468.56,857086.09,1205.92,178.46,1.59,2.51
Arhar/Tur,2014,Summer,Karnataka,424651.72,896015.13,541.87,138.0,3.5,2.11
Moong(Green Gram),2014,Whole Year,Karnataka,437566.24,761365.26,936.87,82.35,2.29,1.74
Moong(Green Gram),2014,Summer,Karnataka,177276.51,336825.37,1191.93,142.34,1.9,1.9
Potato,2014,Kharif,Karnataka,412772.92,18331245.38,1575.61,235.84,0.49,44.41
Potato,2014,Summer,Karnataka,190497.21,6920763.64,871.38,239.54,3.95,36.33
Onion,2014,Kharif,Karnataka,218792.89,7902799.19,2159.37,203.55,3.33,36.12
Onion,2014,Summer,Karnataka,156730.52,4407262.22,1354.97,157.92,2.82,28.12
Tomato,2014,Kharif,Karnataka,219533.42,6915302.73,548.37,183.39,1.91,31.5
Tomato,2014,Rabi,Karnataka,109349.13,4571887.13,983.73,200.9,2.03,41.81
Banana,2014,Kharif,Karnataka,15013.17,947331.03,2003.09,145.87,0.65,63.1
Banana,2014,Rabi,Karnataka,192142.37,11100064.71,865.25,36.68,3.82,57.77
Rice,2014,Summer,Madhya Pradesh,225214.5,1315252.68,782.84,163.24,0.87,5.84
Rice,2014,Whole Year,Madhya Pradesh,446057.19,2988583.17,2003.91,154.55,2.52,6.7
Wheat,2014,Kharif,Madhya Pradesh,33160.08,185033.25,1302.86,56.22,3.81,5.58
Wheat,2014,Whole Year,Madhya Pradesh,376439.48,2138176.25,984.93,104.1,0.97,5.68
Maize,2014,Kharif,Madhya Pradesh,273622.28,1811379.49,1709.81,131.24,1.26,6.62
Maize,2014,Summer,Madhya Pradesh,77447.98,491020.19,1130.23,121.39,4.43,6.34
Cotton(lint),2014,Summer,Madhya Pradesh,320387.04,1146985.6,510.89,225.25,2.2,3.58
Cotton(lint),2014,Rabi,Madhya Pradesh,271611.99,1021261.08,1431.3,150.71,1.3,3.76
Sugarcane,2014,Whole Year,Madhya Pradesh,154739.43,14214364.04,1326.74,209.52,3.39,91.86
Sugarcane,2014,Rabi,Madhya Pradesh,26401.71,2561229.89,2074.88,43.82,3.39,97.01
Soybean,2014,Summer,Madhya Pradesh,415550.83,1724535.94,2045.18,152.78,1.84,4.15
Soybean,2014,Kharif,Madhya Pradesh,20793.42,66954.81,831.58,154.78,0.35,3.22
Groundnut,2014,Whole Year,Madhya Pradesh,336306.95,1106449.87,933.25,81.49,4.45,3.29
Groundnut,2014,Rabi,Madhya Pradesh,374473.95,1059761.28,563.09,104.38,4.29,2.83
Rapeseed &Mustard,2014,Whole Year,Madhya Pradesh,215569.65,756649.47,1195.96,228.88,2.26,3.51
Rapeseed &Mustard,2014,Kharif,Madhya Pradesh,176506.94,607183.87,1679.25,151.71,3.27,3.44
Gram,2014,Summer,Madhya Pradesh,184024.61,463742.02,1913.71,60.45,2.58,2.52
Gram,2014,Kharif,Madhya Pradesh,230792.45,770846.78,2040.53,137.57,0.88,3.34
Arhar/Tur,2014,Whole Year,Madhya Pradesh,307029.24,632480.23,1514.0,94.88,1.4,2.06
Arhar/Tur,2014,Kharif,Madhya Pradesh,340943.91,1005784.53,2136.23,212.23,1.14,2.95
Moong(Green Gram),2014,Whole Year,Madhya Pradesh,40896.78,80566.66,1233.92,202.63,1.03,1.97
Moong(Green Gram),2014,Rabi,Madhya Pradesh,175309.57,238421.02,951.26,58.4,1.28,1.36
Potato,2014,Summer,Madhya Pradesh,282462.12,10778754.5,947.86,210.29,0.8,38.16
Potato,2014,Rabi,Madhya Pradesh,363609.73,12260920.1,1669.32,124.09,1.54,33.72
Onion,2014,Kharif,Madhya Pradesh,207511.21,6360218.59,1575.56,166.18,4.28,30.65
Onion,2014,Rabi,Madhya Pradesh,428256.44,11755639.28,815.38,159.58,4.01,27.45
Tomato,2014,Summer,Madhya Pradesh,181385.87,6041963.33,866.47,224.46,4.2,33.31
Tomato,2014,Kharif,Madhya Pradesh,138669.58,5150188.2,1940.36,149.26,0.58,37.14
Banana,2014,Summer,Madhya Pradesh,401464.48,25669638.85,1700.53,52.4,0.43,63.94
Banana,2014,Rabi,Madhya Pradesh,54674.57,3547286.1,942.74,193.81,2.46,64.88
Rice,2014,Rabi,Maharashtra,128162.75,616462.83,996.9,55.63,1.98,4.81
Rice,2014,Whole Year,Maharashtra,276845.57,1780117.02,1116.03,172.42,1.55,6.43
Wheat,2014,Summer,Maharashtra,2909.01,20217.62,905.05,157.05,3.26,6.95
Wheat,2014,Kharif,Maharashtra,34065.48,156019.9,503.55,56.21,2.13,4.58
Maize,2014,Rabi,Maharashtra,366134.79,2478732.53,2029.12,88.07,0.75,6.77
Maize,2014,Whole Year,Maharashtra,413468.35,2418789.85,1448.56,223.12,3.51,5.85
Cotton(lint),2014,Rabi,Maharashtra,174506.42,856826.52,1869.14,76.75,0.71,4.91
Cotton(lint),2014,Kharif,Maharashtra,270044.66,1023469.26,1684.97,41.92,2.04,3.79
Sugarcane,2014,Rabi,Maharashtra,329878.17,37246544.17,1708.46,226.61,1.22,112.91
Sugarcane,2014,Kharif,Maharashtra,266867.57,26358509.89,1111.33,134.2,0.93,98.77
Soybean,2014,Rabi,Maharashtra,78281.37,247369.13,746.68,190.08,0.46,3.16
Soybean,2014,Whole Year,Maharashtra,245150.22,831059.25,1043.61,174.95,2.23,3.39
Groundnut,2014,Whole Year,Maharashtra,416580.22,1699647.3,923.78,121.64,1.71,4.08
Groundnut,2014,Kharif,Maharashtra,183260.14,881481.27,1807.54,178.88,1.03,4.81
Rapeseed &Mustard,2014,Whole Year,Maharashtra,192783.56,724866.19,2047.7,130.39,4.12,3.76
Rapeseed &Mustard,2014,Kharif,Maharashtra,392112.17,1486105.12,1746.54,177.71,3.28,3.79
Gram,2014,Whole Year,Maharashtra,329561.91,883225.92,667.78,209.45,2.86,2.68
Gram,2014,Summer,Maharashtra,112349.78,269639.47,831.26,137.77,3.43,2.4
Arhar/Tur,2014,Summer,Maharashtra,274869.04,654188.32,1880.07,67.9,3.19,2.38
Arhar/Tur,2014,Whole Year,Maharashtra,145793.49,336782.96,424.38,197.39,1.61,2.31
Moong(Green Gram),2014,Whole Year,Maharashtra,380719.66,944184.76,1549.18,191.67,0.94,2.48
Moong(Green Gram),2014,Kharif,Maharashtra,297871.48,452764.65,611.12,102.32,1.6,1.52
Potato,2014,Whole Year,Maharashtra,368133.94,15001458.05,1418.9,208.06,4.39,40.75
Potato,2014,Summer,Maharashtra,17611.67,527469.52,1788.13,53.46,1.97,29.95
Onion,2014,Rabi,Maharashtra,215553.69,5901860.03,477.91,83.1,0.49,27.38
Onion,2014,Whole Year,Maharashtra,313307.9,8036347.63,1104.36,107.74,3.1,25.65
Tomato,2014,Whole Year,Maharashtra,297348.17,9898720.58,1388.29,88.47,1.37,33.29
Tomato,2014,Kharif,Maharashtra,364959.05,11029062.49,524.21,49.86,1.67,30.22
Banana,2014,Whole Year,Maharashtra,28577.53,2246479.63,2112.67,208.9,2.29,78.61
Banana,2014,Kharif,Maharashtra,194086.89,12091613.25,1102.21,169.73,3.46,62.3
Rice,2014,Kharif,Odisha,330406.26,1880011.62,1460.58,101.07,0.91,5.69
Rice,2014,Whole Year,Odisha,110018.13,512684.49,956.16,112.0,1.53,4.66
Wheat,2014,Kharif,Odisha,197586.55,1246771.13,1948.0,34.88,1.28,6.31
Wheat,2014,Rabi,Odisha,53675.35,346206.01,1483.33,236.74,1.45,6.45
Maize,2014,Summer,Odisha,86183.78,487800.19,1467.78,185.43,2.09,5.66
Maize,2014,Rabi,Odisha,318289.5,1820615.94,865.02,193.94,3.77,5.72
Cotton(lint),2014,Rabi,Odisha,271777.99,684880.53,794.92,78.28,2.44,2.52
Cotton(lint),2014,Whole Year,Odisha,24751.03,97766.57,1337.39,201.49,3.86,3.95
Sugarcane,2014,Kharif,Odisha,4552.93,509245.22,1828.81,128.27,3.66,111.85
Sugarcane,2014,Summer,Odisha,226942.37,20154751.88,569.27,159.52,3.11,88.81
Soybean,2014,Whole Year,Odisha,194968.29,869558.57,1874.39,175.28,0.72,4.46
Soybean,2014,Summer,Odisha,249203.05,897130.98,2108.25,51.31,3.31,3.6
Groundnut,2014,Rabi,Odisha,176754.97,701717.23,995.1,203.64,3.85,3.97
Groundnut,2014,Whole Year,Odisha,371389.81,1047319.26,542.93,98.43,2.13,2.82
Rapeseed &Mustard,2014,Kharif,Odisha,316962.93,779728.81,651.96,160.32,2.37,2.46
Rapeseed &Mustard,2014,Whole Year,Odisha,331266.44,768538.14,1087.25,48.17,3.52,2.32
Gram,2014,Rabi,Odisha,193465.38,547507.03,718.87,232.49,0.66,2.83
Gram,2014,Whole Year,Odisha,302346.1,592598.36,783.92,101.2,2.41,1.96
Arhar/Tur,2014,Rabi,Odisha,213107.86,496541.31,1197.67,134.64,2.07,2.33
Arhar/Tur,2014,Kharif,Odisha,284956.78,732338.92,1700.72,155.47,2.96,2.57
Moong(Green Gram),2014,Rabi,Odisha,255989.05,463340.18,1788.45,210.85,4.02,1.81
Moong(Green Gram),2014,Whole Year,Odisha,252451.49,398873.35,1123.73,80.55,1.59,1.58
Potato,2014,Whole Year,Odisha,277457.46,7627305.58,1867.0,124.97,1.83,27.49
Potato,2014,Rabi,Odisha,44607.91,1132148.76,882.76,35.97,3.97,25.38
Onion,2014,Rabi,Odisha,234938.73,6521899.14,1479.12,177.18,4.1,27.76
Onion,2014,Whole Year,Odisha,319207.27,9984803.41,2125.03,235.97,2.94,31.28
Tomato,2014,Summer,Odisha,111676.88,3702088.57,1343.49,155.15,1.76,33.15
Tomato,2014,Whole Year,Odisha,16063.75,662469.05,2126.68,97.21,3.27,41.24
Banana,2014,Whole Year,Odisha,214962.31,11236079.94,407.7,234.9,1.7,52.27
Banana,2014,Summer,Odisha,71887.75,4423972.13,2198.45,91.97,1.94,61.54
Rice,2014,Kharif,Punjab,161024.12,987077.86,887.34,170.17,0.41,6.13
Rice,2014,Whole Year,Punjab,338262.4,2164879.36,663.7,227.54,0.93,6.4
Wheat,2014,Summer,Punjab,110429.52,727730.54,1471.17,87.87,4.32,6.59
Wheat,2014,Whole Year,Punjab,315870.14,1863633.83,1343.65,110.25,0.53,5.9
Maize,2014,Kharif,Punjab,266309.75,2045258.88,1985.38,133.29,1.06,7.68
Maize,2014,Whole Year,Punjab,300963.59,2046552.41,683.02,166.0,1.84,6.8
Cotton(lint),2014,Summer,Punjab,238885.74,893432.67,786.32,101.36,2.97,3.74
Cotton(lint),2014,Rabi,Punjab,127907.29,532094.33,1605.07,59.73,3.36,4.16
Sugarcane,2014,Kharif,Punjab,66916.52,8074147.3,633.57,163.26,1.61,120.66
Sugarcane,2014,Summer,Punjab,12038.55,1189167.97,843.21,101.51,3.25,98.78
Soybean,2014,Whole Year,Punjab,173365.99,521831.63,477.77,128.55,3.44,3.01
Soybean,2014,Summer,Punjab,43593.42,196606.32,1086.46,225.74,1.19,4.51
Groundnut,2014,Rabi,Punjab,314840.17,1549013.64,1819.69,150.77,3.91,4.92
Groundnut,2014,Summer,Punjab,243994.65,1383449.67,1683.3,167.25,1.24,5.67
Rapeseed &Mustard,2014,Kharif,Punjab,442826.91,1372763.42,732.04,127.52,2.94,3.1
Rapeseed &Mustard,2014,Whole Year,Punjab,409074.42,1718112.56,1487.89,211.72,1.33,4.2
Gram,2014,Whole Year,Punjab,205516.0,857001.72,1855.28,194.42,1.98,4.17
Gram,2014,Rabi,Punjab,14501.22,53799.53,2003.46,191.66,1.27,3.71
Arhar/Tur,2014,Kharif,Punjab,411381.96,1024341.08,984.05,190.26,2.16,2.49
Arhar/Tur,2014,Whole Year,Punjab,121643.15,312622.9,579.74,211.68,1.47,2.57
Moong(Green Gram),2014,Kharif,Punjab,278428.84,643170.62,1596.28,95.12,2.12,2.31
Moong(Green Gram),2014,Summer,Punjab,195648.68,436296.56,1057.6,180.34,1.16,2.23
Potato,2014,Rabi,Punjab,162203.52,7621943.4,2086.57,126.48,4.35,46.99
Potato,2014,Kharif,Punjab,47642.16,1912356.3,1455.05,59.97,1.48,40.14
Onion,2014,Summer,Punjab,45096.23,1210382.81,752.8,88.88,3.84,26.84
Onion,2014,Kharif,Punjab,440393.04,15854149.44,838.48,158.06,3.84,36.0
Tomato,2014,Kharif,Punjab,375056.52,15193539.63,570.21,114.8,1.06,40.51
Tomato,2014,Summer,Punjab,11900.12,468864.73,417.14,91.16,0.82,39.4
Banana,2014,Whole Year,Punjab,143927.99,10875198.92,718.56,163.95,3.58,75.56
Banana,2014,Kharif,Punjab,23213.22,2000283.17,1807.89,135.39,2.99,86.17
Rice,2014,Summer,Rajasthan,374982.68,2324892.62,1883.75,87.83,3.34,6.2
Rice,2014,Whole Year,Rajasthan,91054.0,762121.98,1999.56,172.35,0.93,8.37
Wheat,2014,Kharif,Rajasthan,399152.69,2837975.63,801.11,237.64,0.86,7.11
Wheat,2014,Summer,Rajasthan,188819.33,1361387.37,1255.07,217.09,2.97,7.21
Maize,2014,Summer,Rajasthan,3798.26,19105.25,624.94,230.8,3.49,5.03
Maize,2014,Kharif,Rajasthan,352034.38,1605276.77,1085.71,50.11,2.64,4.56
Cotton(lint),2014,Summer,Rajasthan,416754.78,1500317.21,1928.0,113.9,4.47,3.6
Cotton(lint),2014,Rabi,Rajasthan,76975.14,211681.64,1326.78,47.79,2.85,2.75
Sugarcane,2014,Summer,Rajasthan,12045.35,999884.5,499.05,122.91,1.29,83.01
Sugarcane,2014,Kharif,Rajasthan,102137.3,7557138.83,434.11,117.87,1.53,73.99
Soybean,2014,Whole Year,Rajasthan,301176.81,1014965.85,1509.66,226.82,2.43,3.37
Soybean,2014,Kharif,Rajasthan,340043.89,867111.92,653.4,133.14,2.01,2.55
Groundnut,2014,Summer,Rajasthan,387790.55,1477482.0,1526.27,113.73,1.0,3.81
Groundnut,2014,Kharif,Rajasthan,211840.08,993529.98,1619.52,148.74,4.17,4.69
Rapeseed &Mustard,2014,Rabi,Rajasthan,244496.4,865517.26,1855.37,158.66,2.98,3.54
Rapeseed &Mustard,2014,Kharif,Rajasthan,171438.22,596605.01,1644.39,168.49,0.26,3.48
Gram,2014,Whole Year,Rajasthan,315999.51,922718.57,1539.65,148.87,1.61,2.92
Gram,2014,Kharif,Rajasthan,73678.73,255665.19,2135.36,146.69,2.46,3.47
Arhar/Tur,2014,Summer,Rajasthan,170017.73,477749.82,1536.46,193.61,3.47,2.81
Arhar/Tur,2014,Whole Year,Rajasthan,202621.37,498448.57,1967.45,214.54,1.68,2.46
Moong(Green Gram),2014,Whole Year,Rajasthan,74374.33,118255.18,401.53,230.0,1.88,1.59
Moong(Green Gram),2014,Rabi,Rajasthan,33695.73,63347.97,1577.44,68.25,3.85,1.88
Potato,2014,Rabi,Rajasthan,323697.96,9905157.58,472.7,148.34,0.72,30.6
Potato,2014,Whole Year,Rajasthan,71257.68,2031556.46,955.92,177.63,3.0,28.51
Onion,2014,Summer,Rajasthan,113895.98,2677694.49,1226.58,52.96,4.47,23.51
Onion,2014,Kharif,Rajasthan,373512.56,10290271.03,2190.04,120.02,3.96,27.55
Tomato,2014,Summer,Rajasthan,216006.52,7110934.64,508.02,160.35,2.7,32.92
Tomato,2014,Whole Year,Rajasthan,17252.29,557076.44,1851.21,35.6,3.02,32.29
Banana,2014,Summer,Rajasthan,188265.19,9449029.89,1403.51,56.46,2.73,50.19
Banana,2014,Kharif,Rajasthan,64288.88,3670895.05,1029.79,225.09,0.33,57.1
Rice,2014,Rabi,Tamil Nadu,403594.45,3039066.21,2183.68,110.59,2.91,7.53
Rice,2014,Whole Year,Tamil Nadu,73235.46,567574.82,1180.77,192.1,3.56,7.75
Wheat,2014,Kharif,Tamil Nadu,299058.88,2530038.12,2059.59,222.31,4.03,8.46
Wheat,2014,Summer,Tamil Nadu,307939.31,2044717.02,1038.45,181.26,3.73,6.64
Maize,2014,Whole Year,Tamil Nadu,289871.0,1545012.43,987.3,169.5,3.49,5.33
Maize,2014,Kharif,Tamil Nadu,610.26,4741.72,1845.13,202.75,3.2,7.77
Cotton(lint),2014,Kharif,Tamil Nadu,362029.59,1263483.27,650.4,155.68,3.16,3.49
Cotton(lint),2014,Whole Year,Tamil Nadu,371389.71,1340716.85,569.47,139.11,2.11,3.61
Sugarcane,2014,Summer,Tamil Nadu,59116.55,7112312.13,822.89,159.99,0.28,120.31
Sugarcane,2014,Rabi,Tamil Nadu,108009.05,13738751.16,1476.64,142.16,1.32,127.2
Soybean,2014,Summer,Tamil Nadu,302012.1,1389255.66,2113.25,117.11,4.0,4.6
Soybean,2014,Rabi,Tamil Nadu,59351.49,233844.87,1546.34,172.53,3.02,3.94
Groundnut,2014,Kharif,Tamil Nadu,194203.68,930235.63,996.59,152.93,1.65,4.79
Groundnut,2014,Whole Year,Tamil Nadu,398096.88,2241285.43,1889.88,211.61,2.65,5.63
Rapeseed &Mustard,2014,Rabi,Tamil Nadu,233147.59,913938.55,1813.82,98.42,3.71,3.92
Rapeseed &Mustard,2014,Whole Year,Tamil Nadu,79558.73,275273.21,2056.78,177.31,3.89,3.46
Gram,2014,Rabi,Tamil Nadu,173729.1,373517.57,727.88,85.6,3.24,2.15
Gram,2014,Whole Year,Tamil Nadu,38819.54,128492.68,1669.15,184.48,3.7,3.31
Arhar/Tur,2014,Rabi,Tamil Nadu,75493.81,137398.73,849.49,58.25,3.63,1.82
Arhar/Tur,2014,Whole Year,Tamil Nadu,280588.25,440523.55,538.75,39.43,0.66,1.57
Moong(Green Gram),2014,Summer,Tamil Nadu,422139.36,818950.36,1267.36,92.75,3.34,1.94
Moong(Green Gram),2014,Rabi,Tamil Nadu,14472.17,21852.98,417.52,105.0,0.86,1.51
Potato,2014,Kharif,Tamil Nadu,148537.17,5521126.61,785.36,226.02,3.99,37.17
Potato,2014,Summer,Tamil Nadu,343160.77,11221357.18,775.31,154.23,3.21,32.7
Onion,2014,Kharif,Tamil Nadu,331937.47,8321672.37,792.35,139.85,3.24,25.07
Onion,2014,Rabi,Tamil Nadu,423083.23,16144856.06,1325.18,233.67,2.62,38.16
Tomato,2014,Whole Year,Tamil Nadu,13452.52,598099.04,1686.6,211.03,3.04,44.46
Tomato,2014,Rabi,Tamil Nadu,148219.3,7387249.91,1263.68,212.09,1.28,49.84
Banana,2014,Whole Year,Tamil Nadu,236484.24,19460288.11,1815.22,143.48,1.6,82.29
Banana,2014,Kharif,Tamil Nadu,30368.5,1742848.22,894.56,62.14,4.26,57.39
Rice,2014,Summer,Telangana,283876.29,1794098.15,1539.05,190.32,1.92,6.32
Rice,2014,Rabi,Telangana,269188.64,2102363.28,2073.65,224.04,3.22,7.81
Wheat,2014,Kharif,Telangana,12696.38,117441.51,2148.53,200.83,0.6,9.25
Wheat,2014,Rabi,Telangana,48341.96,286667.82,1280.03,122.96,1.13,5.93
Maize,2014,Rabi,Telangana,111713.1,716080.97,2169.21,197.38,3.1,6.41
Maize,2014,Kharif,Telangana,142234.24,607340.2,464.31,88.72,1.73,4.27
Cotton(lint),2014,Rabi,Telangana,33865.09,121575.67,1747.37,43.34,1.0,3.59
Cotton(lint),2014,Kharif,Telangana,183213.52,628422.37,1234.11,179.78,1.79,3.43
Sugarcane,2014,Summer,Telangana,159455.56,19375445.1,1504.84,133.0,3.31,121.51
Sugarcane,2014,Kharif,Telangana,199811.99,22303014.32,1283.86,170.69,1.15,111.62
Soybean,2014,Whole Year,Telangana,59809.29,153709.88,857.13,34.88,3.91,2.57
Soybean,2014,Rabi,Telangana,63235.28,256735.24,1404.69,191.77,3.29,4.06
Groundnut,2014,Whole Year,Telangana,389118.59,1486433.01,1749.29,55.32,2.42,3.82
Groundnut,2014,Rabi,Telangana,375401.16,1381476.27,1235.45,42.66,1.38,3.68
Rapeseed &Mustard,2014,Whole Year,Telangana,255521.21,986311.87,1999.12,78.68,0.68,3.86
Rapeseed &Mustard,2014,Kharif,Telangana,294766.8,851876.05,1547.18,33.67,1.57,2.89
Gram,2014,Rabi,Telangana,182313.62,625335.72,1947.27,220.93,4.09,3.43
Gram,2014,Kharif,Telangana,71928.91,215786.73,1001.12,191.13,1.2,3.0
Arhar/Tur,2014,Whole Year,Telangana,271934.42,891944.9,2084.31,168.91,3.58,3.28
Arhar/Tur,2014,Kharif,Telangana,119016.79,296351.81,777.78,224.53,3.18,2.49
Moong(Green Gram),2014,Rabi,Telangana,105650.81,194397.49,915.16,154.43,2.32,1.84
Moong(Green Gram),2014,Summer,Telangana,300236.43,423333.37,678.37,41.6,2.39,1.41
Potato,2014,Kharif,Telangana,282304.08,8971623.66,525.71,57.99,2.69,31.78
Potato,2014,Whole Year,Telangana,244658.45,10185131.27,1988.12,234.19,0.83,41.63
Onion,2014,Summer,Telangana,167066.34,4744684.06,1622.89,171.02,3.61,28.4
Onion,2014,Rabi,Telangana,436499.06,11711269.78,860.5,118.22,1.05,26.83
Tomato,2014,Summer,Telangana,306599.35,12248644.03,2109.86,89.72,0.55,39.95
Tomato,2014,Rabi,Telangana,351320.38,12450794.27,532.75,143.4,1.39,35.44
Banana,2014,Rabi,Telangana,9117.62,533198.42,983.31,187.63,4.12,58.48
Banana,2014,Kharif,Telangana,99390.07,6828097.81,1486.97,115.42,0.96,68.7
Rice,2014,Whole Year,Uttar Pradesh,183453.8,1146586.25,505.36,178.07,2.36,6.25
Rice,2014,Rabi,Uttar Pradesh,32312.76,171580.76,440.71,127.48,3.6,5.31
Wheat,2014,Summer,Uttar Pradesh,376643.62,2802228.53,1262.98,237.74,3.29,7.44
Wheat,2014,Rabi,Uttar Pradesh,63781.24,491753.36,1709.16,193.33,3.87,7.71
Maize,2014,Kharif,Uttar Pradesh,33739.31,241910.85,1846.79,239.44,0.46,7.17
Maize,2014,Rabi,Uttar Pradesh,60728.91,321863.22,981.26,112.68,4.24,5.3
Cotton(lint),2014,Rabi,Uttar Pradesh,385201.49,1875931.26,1703.75,206.31,2.33,4.87
Cotton(lint),2014,Whole Year,Uttar Pradesh,168852.33,628130.67,1124.35,122.67,2.32,3.72
Sugarcane,2014,Kharif,Uttar Pradesh,14969.47,1336324.59,1641.61,46.88,1.22,89.27
Sugarcane,2014,Rabi,Uttar Pradesh,182864.95,19731128.11,614.31,187.13,2.79,107.9
Soybean,2014,Kharif,Uttar Pradesh,60560.34,197426.71,596.42,215.32,3.1,3.26
Soybean,2014,Rabi,Uttar Pradesh,379855.99,1390272.92,1399.54,127.15,2.47,3.66
Groundnut,2014,Kharif,Uttar Pradesh,182958.5,956872.96,2057.55,46.92,3.54,5.23
Groundnut,2014,Whole Year,Uttar Pradesh,231274.28,915846.15,470.71,228.7,0.56,3.96
Rapeseed &Mustard,2014,Summer,Uttar Pradesh,36360.71,72721.42,430.69,60.96,1.52,2.0
Rapeseed &Mustard,2014,Kharif,Uttar Pradesh,224792.51,579964.68,846.51,87.62,3.73,2.58
Gram,2014,Kharif,Uttar Pradesh,49234.72,163951.62,1553.11,230.32,2.2,3.33
Gram,2014,Rabi,Uttar Pradesh,140776.82,453301.36,1828.05,132.56,0.81,3.22
Arhar/Tur,2014,Summer,Uttar Pradesh,442770.91,925391.2,604.39,238.39,0.65,2.09
Arhar/Tur,2014,Whole Year,Uttar Pradesh,429253.76,1077426.94,1544.42,155.4,4.49,2.51
Moong(Green Gram),2014,Summer,Uttar Pradesh,20626.05,49090.0,1946.29,233.72,4.33,2.38
Moong(Green Gram),2014,Rabi,Uttar Pradesh,165038.18,250858.03,958.38,94.18,2.8,1.52
Potato,2014,Rabi,Uttar Pradesh,85223.46,3281955.44,860.16,141.97,1.4,38.51
Potato,2014,Kharif,Uttar Pradesh,330610.95,11792892.59,696.43,187.59,3.09,35.67
Onion,2014,Kharif,Uttar Pradesh,262542.57,7991795.83,1949.5,161.08,3.96,30.44
Onion,2014,Summer,Uttar Pradesh,368874.45,10402259.49,1088.53,166.73,3.37,28.2
Tomato,2014,Summer,Uttar Pradesh,127551.99,4612279.96,1460.17,60.13,1.94,36.16
Tomato,2014,Rabi,Uttar Pradesh,379444.31,14673111.47,1080.28,204.64,3.02,38.67
Banana,2014,Whole Year,Uttar Pradesh,289483.19,16978189.09,1153.37,35.28,4.31,58.65
Banana,2014,Rabi,Uttar Pradesh,46440.34,2522639.27,911.47,69.02,2.58,54.32
Rice,2014,Kharif,West Bengal,8917.41,65721.31,2097.31,99.17,1.94,7.37
Rice,2014,Summer,West Bengal,254995.46,1519772.94,717.22,134.72,4.15,5.96
Wheat,2014,Summer,West Bengal,376986.76,2804781.49,1734.24,230.63,2.6,7.44
Wheat,2014,Rabi,West Bengal,305970.26,2536493.46,1671.07,208.17,2.51,8.29
Maize,2014,Kharif,West Bengal,434439.65,2702214.62,688.22,143.68,1.58,6.22
Maize,2014,Rabi,West Bengal,40706.99,295939.82,1590.04,163.24,3.51,7.27
Cotton(lint),2014,Rabi,West Bengal,357400.49,1686930.31,1559.6,198.41,1.7,4.72
Cotton(lint),2014,Kharif,West Bengal,135994.92,704453.69,2196.22,189.26,2.78,5.18
Sugarcane,2014,Summer,West Bengal,270814.55,29264220.27,1135.97,219.51,1.47,108.06
Sugarcane,2014,Rabi,West Bengal,371732.47,36916751.6,1572.75,65.49,3.59,99.31
Soybean,2014,Whole Year,West Bengal,432708.55,1155331.83,782.28,46.39,2.28,2.67
Soybean,2014,Summer,West Bengal,313719.92,1201547.29,1877.25,66.75,3.0,3.83
Groundnut,2014,Whole Year,West Bengal,165084.26,899709.22,1917.04,235.42,1.08,5.45
Groundnut,2014,Kharif,West Bengal,87374.52,529489.59,1754.0,200.24,0.68,6.06
Rapeseed &Mustard,2014,Whole Year,West Bengal,186866.95,405501.28,515.39,90.92,2.97,2.17
Rapeseed &Mustard,2014,Rabi,West Bengal,70395.3,178100.11,643.31,140.43,3.13,2.53
Gram,2014,Rabi,West Bengal,58018.68,172895.67,1875.04,116.47,1.7,2.98
Gram,2014,Summer,West Bengal,6189.22,17020.35,1104.34,136.93,0.67,2.75
Arhar/Tur,2014,Summer,West Bengal,201398.48,503496.2,1477.62,182.05,3.75,2.5
Arhar/Tur,2014,Rabi,West Bengal,254602.29,529572.76,1418.83,75.77,2.73,2.08
Moong(Green Gram),2014,Rabi,West Bengal,399833.29,703706.59,787.89,165.43,0.78,1.76
Moong(Green Gram),2014,Summer,West Bengal,282002.4,513244.37,1180.79,101.88,1.11,1.82
Potato,2014,Whole Year,West Bengal,313511.61,10881987.98,1143.82,43.39,3.17,34.71
Potato,2014,Summer,West Bengal,270125.44,8406303.69,690.77,42.89,3.71,31.12
Onion,2014,Whole Year,West Bengal,13989.71,422769.04,947.73,102.66,2.6,30.22
Onion,2014,Summer,West Bengal,322803.77,9755129.93,823.38,191.74,0.28,30.22
Tomato,2014,Whole Year,West Bengal,194481.63,9160084.77,1792.42,135.8,2.95,47.1
Tomato,2014,Rabi,West Bengal,174724.49,6340751.74,1066.01,30.96,0.86,36.29
Banana,2014,Summer,West Bengal,280230.71,22174656.08,1156.19,214.11,2.45,79.13
Banana,2014,Kharif,West Bengal,99278.63,6881994.63,2157.26,96.9,2.49,69.32
Rice,2015,Summer,Andhra Pradesh,355081.18,2489119.07,751.82,225.98,1.56,7.01
Rice,2015,Rabi,Andhra Pradesh,333541.05,2918484.19,2051.65,211.5,4.48,8.75
Wheat,2015,Whole Year,Andhra Pradesh,244054.97,1693741.49,1158.7,199.5,3.64,6.94
Wheat,2015,Rabi,Andhra Pradesh,431407.9,2752382.4,1199.4,139.13,1.53,6.38
Maize,2015,Whole Year,Andhra Pradesh,410259.43,2215400.92,568.32,146.18,3.19,5.4
Maize,2015,Rabi,Andhra Pradesh,322004.17,1932025.02,1907.89,125.02,3.42,6.0
Cotton(lint),2015,Rabi,Andhra Pradesh,139642.94,699611.13,1162.22,178.43,1.8,5.01
Cotton(lint),2015,Kharif,Andhra Pradesh,197272.4,820653.18,1827.47,54.42,3.29,4.16
Sugarcane,2015,Whole Year,Andhra Pradesh,320908.44,31362381.84,416.68,88.04,0.81,97.73
Sugarcane,2015,Rabi,Andhra Pradesh,330352.94,25483425.79,485.41,80.61,3.78,77.14
Soybean,2015,Kharif,Andhra Pradesh,169000.29,596571.02,1762.41,91.96,0.7,3.53
Soybean,2015,Whole Year,Andhra Pradesh,23966.02,79567.19,1261.62,185.4,2.41,3.32
Groundnut,2015,Kharif,Andhra Pradesh,224931.82,1183141.37,1948.43,219.62,3.78,5.26
Groundnut,2015,Rabi,Andhra Pradesh,444362.53,1910758.88,1626.31,94.04,1.62,4.3
Rapeseed &Mustard,2015,Rabi,Andhra Pradesh,107135.89,308551.36,1556.95,40.89,1.37,2.88
Rapeseed &Mustard,2015,Kharif,Andhra Pradesh,307401.7,1168126.46,1886.47,180.33,2.98,3.8
Gram,2015,Whole Year,Andhra Pradesh,75783.65,188701.29,1145.93,108.21,2.0,2.49
Gram,2015,Kharif,Andhra Pradesh,229382.36,720260.61,2070.49,112.31,0.39,3.14
Arhar/Tur,2015,Summer,Andhra Pradesh,110670.21,233514.14,983.66,182.0,3.72,2.11
Arhar/Tur,2015,Rabi,Andhra Pradesh,140059.97,359954.12,623.76,225.99,2.94,2.57
Moong(Green Gram),2015,Summer,Andhra Pradesh,201495.46,513813.42,2150.6,202.0,0.94,2.55
Moong(Green Gram),2015,Whole Year,Andhra Pradesh,84576.8,208904.7,1657.73,144.95,0.33,2.47
Potato,2015,Kharif,Andhra Pradesh,230045.55,9799940.43,2118.71,201.65,3.17,42.6
Potato,2015,Whole Year,Andhra Pradesh,308155.08,12890127.0,743.04,237.48,2.73,41.83
Onion,2015,Kharif,Andhra Pradesh,130255.74,3455684.78,1856.77,44.34,1.41,26.53
Onion,2015,Summer,Andhra Pradesh,121130.45,3472810.0,1877.7,64.23,3.56,28.67
Tomato,2015,Rabi,Andhra Pradesh,315226.17,11751631.62,454.0,195.11,2.49,37.28
Tomato,2015,Summer,Andhra Pradesh,19056.22,904979.89,1627.14,123.27,3.96,47.49
Banana,2015,Kharif,Andhra Pradesh,388169.76,24551737.32,1350.35,51.88,0.78,63.25
Banana,2015,Whole Year,Andhra Pradesh,372674.72,25956794.25,1284.72,164.79,1.97,69.65
Rice,2015,Rabi,Assam,271878.26,1837897.04,1864.32,134.19,3.31,6.76
Rice,2015,Summer,Assam,227166.6,1574264.54,1326.17,238.32,1.2,6.93
Wheat,2015,Rabi,Assam,173329.86,1050378.95,690.26,202.34,2.68,6.06
Wheat,2015,Summer,Assam,191569.3,1360142.03,1860.5,222.97,2.78,7.1
Maize,2015,Rabi,Assam,445845.24,2233684.65,885.75,190.11,0.46,5.01
Maize,2015,Whole Year,Assam,214372.07,956099.43,449.59,158.79,2.72,4.46
Cotton(lint),2015,Kharif,Assam,416736.62,1575264.42,1809.59,57.86,1.34,3.78
Cotton(lint),2015,Whole Year,Assam,229536.55,1030619.11,2102.7,139.68,3.56,4.49
Sugarcane,2015,Summer,Assam,213073.47,26231474.89,1783.46,211.07,3.73,123.11
Sugarcane,2015,Rabi,Assam,129906.9,10761487.6,500.01,171.95,2.99,82.84
Soybean,2015,Whole Year,Assam,122026.33,446616.37,1203.21,213.96,0.59,3.66
Soybean,2015,Summer,Assam,346608.99,1195801.02,1350.94,156.16,2.9,3.45
Groundnut,2015,Whole Year,Assam,323510.62,996412.71,443.4,101.69,3.13,3.08
Groundnut,2015,Kharif,Assam,411600.87,1650519.49,1037.39,178.23,0.84,4.01
Rapeseed &Mustard,2015,Whole Year,Assam,310866.37,966794.41,564.38,221.77,2.74,3.11
Rapeseed &Mustard,2015,Kharif,Assam,272858.94,660318.63,527.63,120.21,1.33,2.42
Gram,2015,Whole Year,Assam,54713.67,119822.94,698.0,202.26,3.65,2.19
Gram,2015,Summer,Assam,12201.68,32090.42,988.92,118.33,2.29,2.63
Arhar/Tur,2015,Kharif,Assam,294211.77,591365.66,592.96,193.44,0.45,2.01
Arhar/Tur,2015,Summer,Assam,170937.59,497428.39,2181.47,233.04,1.02,2.91
Moong(Green Gram),2015,Rabi,Assam,353896.26,491915.8,891.69,92.34,0.5,1.39
Moong(Green Gram),2015,Kharif,Assam,225002.2,468004.58,1675.02,187.75,0.46,2.08
Potato,2015,Rabi,Assam,47383.0,1384057.43,1052.45,92.86,2.93,29.21
Potato,2015,Whole Year,Assam,336126.0,11814828.9,662.82,217.94,0.86,35.15
Onion,2015,Kharif,Assam,374383.4,8580867.53,584.07,47.14,4.11,22.92
Onion,2015,Rabi,Assam,180107.73,4974575.5,1157.06,162.85,2.37,27.62
Tomato,2015,Kharif,Assam,90604.73,3180226.02,1639.45,208.59,1.96,35.1
Tomato,2015,Summer,Assam,418668.03,12484680.65,913.68,128.87,1.01,29.82
Banana,2015,Summer,Assam,137165.74,8993957.57,1859.43,221.38,0.51,65.57
Banana,2015,Whole Year,Assam,79309.78,5400996.02,1482.02,178.18,1.9,68.1
Rice,2015,Whole Year,Bihar,297626.07,2148860.23,2060.1,148.86,3.83,7.22
Rice,2015,Kharif,Bihar,148953.47,990540.58,1694.53,219.55,2.86,6.65
Wheat,2015,Kharif,Bihar,93777.82,583298.04,1539.41,119.37,0.27,6.22
Wheat,2015,Whole Year,Bihar,82860.03,487216.98,1453.08,115.72,3.01,5.88
Maize,2015,Whole Year,Bihar,325812.45,1612771.63,849.42,159.44,3.27,4.95
Maize,2015,Summer,Bihar,387339.3,2819830.1,2101.52,166.22,3.52,7.28
Cotton(lint),2015,Kharif,Bihar,356426.56,1183336.18,948.05,67.05,2.54,3.32
Cotton(lint),2015,Summer,Bihar,205933.8,862862.62,1866.26,95.38,2.67,4.19
Sugarcane,2015,Kharif,Bihar,410862.84,41242411.88,1475.99,207.72,1.2,100.38
Sugarcane,2015,Summer,Bihar,420615.83,38183505.05,993.95,66.09,0.84,90.78
Soybean,2015,Rabi,Bihar,181993.31,764371.9,2105.23,97.19,0.99,4.2
Soybean,2015,Whole Year,Bihar,313964.53,1233880.6,2063.3,215.17,1.44,3.93
Groundnut,2015,Summer,Bihar,359578.3,1790699.93,1173.46,237.22,2.45,4.98
Groundnut,2015,Rabi,Bihar,10391.77,47802.14,1623.56,186.49,2.25,4.6
Rapeseed &Mustard,2015,Kharif,Bihar,218204.67,604426.94,418.31,176.47,1.87,2.77
Rapeseed &Mustard,2015,Whole Year,Bihar,216634.01,771217.08,2099.9,34.86,3.26,3.56
Gram,2015,Whole Year,Bihar,240119.71,782790.25,2188.71,123.45,2.49,3.26
Gram,2015,Rabi,Bihar,199948.6,509868.93,1866.31,46.74,3.59,2.55
Arhar/Tur,2015,Whole Year,Bihar,149318.1,361349.8,1485.44,203.22,0.61,2.42
Arhar/Tur,2015,Kharif,Bihar,55631.16,126282.73,1382.18,77.52,3.73,2.27
Moong(Green Gram),2015,Kharif,Bihar,269345.74,390551.32,987.91,68.45,3.68,1.45
Moong(Green Gram),2015,Rabi,Bihar,137616.03,302755.27,1320.17,214.59,3.17,2.2
Potato,2015,Whole Year,Bihar,39825.27,1487075.58,2179.98,78.1,2.93,37.34
Potato,2015,Rabi,Bihar,95075.56,2722013.28,1813.49,53.27,4.05,28.63
Onion,2015,Kharif,Bihar,186080.29,4432432.51,560.34,53.83,4.09,23.82
Onion,2015,Rabi,Bihar,62942.03,1563480.03,439.51,217.0,2.67,24.84
Tomato,2015,Whole Year,Bihar,240916.77,8147805.16,1096.62,184.25,0.64,33.82
Tomato,2015,Kharif,Bihar,183024.81,6100216.92,818.12,36.39,3.85,33.33
Banana,2015,Whole Year,Bihar,411207.17,29273838.43,1983.02,61.63,4.24,71.19
Banana,2015,Summer,Bihar,378212.06,18944642.09,550.43,65.55,1.45,50.09
Rice,2015,Summer,Gujarat,270010.61,1485058.35,1174.35,31.38,3.67,5.5
Rice,2015,Kharif,Gujarat,151633.67,838534.2,1015.76,130.25,4.49,5.53
Wheat,2015,Summer,Gujarat,276316.05,1472764.55,825.32,52.17,0.42,5.33
Wheat,2015,Rabi,Gujarat,192313.24,1217342.81,733.98,194.64,0.76,6.33
Maize,2015,Kharif,Gujarat,336123.14,1946152.98,861.51,230.21,1.12,5.79
Maize,2015,Whole Year,Gujarat,292182.57,2159229.19,1767.13,210.52,3.36,7.39
Cotton(lint),2015,Kharif,Gujarat,305004.16,969913.23,1065.19,32.18,3.45,3.18
Cotton(lint),2015,Rabi,Gujarat,13374.02,53629.82,696.1,218.01,1.47,4.01
Sugarcane,2015,Summer,Gujarat,64497.32,8897405.29,2108.63,237.05,1.21,137.95
Sugarcane,2015,Whole Year,Gujarat,105539.29,10009346.26,737.83,32.35,1.97,94.84
Soybean,2015,Kharif,Gujarat,416997.93,1438642.86,1015.37,166.01,3.1,3.45
Soybean,2015,Rabi,Gujarat,151729.76,602367.15,1860.99,188.37,4.04,3.97
Groundnut,2015,Summer,Gujarat,243191.03,1191636.05,1432.87,151.27,3.86,4.9
Groundnut,2015,Kharif,Gujarat,5412.32,20891.56,1821.19,84.49,3.71,3.86
Rapeseed &Mustard,2015,Summer,Gujarat,70096.68,254450.95,2174.23,97.16,0.67,3.63
Rapeseed &Mustard,2015,Kharif,Gujarat,17421.45,48431.63,1320.68,74.89,2.43,2.78
Gram,2015,Kharif,Gujarat,289575.02,796331.31,881.52,210.58,1.62,2.75
Gram,2015,Whole Year,Gujarat,5170.6,10961.67,691.67,51.49,0.39,2.12
Arhar/Tur,2015,Summer,Gujarat,119378.74,224432.03,458.19,202.34,2.2,1.88
Arhar/Tur,2015,Whole Year,Gujarat,21195.16,52140.09,1066.32,138.84,0.25,2.46
Moong(Green Gram),2015,Whole Year,Gujarat,446924.09,875971.22,2173.99,69.86,2.91,1.96
Moong(Green Gram),2015,Summer,Gujarat,75916.98,178404.9,2180.65,125.07,0.74,2.35
Potato,2015,Whole Year,Gujarat,230157.31,7583683.36,1003.99,125.55,0.92,32.95
Potato,2015,Summer,Gujarat,400424.77,14046900.93,757.75,188.95,1.7,35.08
Onion,2015,Rabi,Gujarat,437146.2,11361429.74,568.23,152.97,3.6,25.99
Onion,2015,Summer,Gujarat,181039.83,5463782.07,1523.55,96.34,3.03,30.18
Tomato,2015,Kharif,Gujarat,292272.08,9922637.12,1203.8,75.59,1.72,33.95
Tomato,2015,Rabi,Gujarat,430945.46,16306976.21,1598.01,51.53,3.74,37.84
Banana,2015,Rabi,Gujarat,400148.71,32207969.67,1350.89,161.91,4.28,80.49
Banana,2015,Whole Year,Gujarat,283338.66,21392068.83,1674.62,164.46,3.08,75.5
Rice,2015,Rabi,Haryana,149995.74,986971.97,820.46,204.85,4.03,6.58
Rice,2015,Summer,Haryana,312885.25,2146392.81,1811.26,33.79,2.76,6.86
Wheat,2015,Whole Year,Haryana,39955.47,275692.74,407.8,171.32,2.84,6.9
Wheat,2015,Rabi,Haryana,388534.98,3590063.22,2059.8,192.76,1.2,9.24
Maize,2015,Whole Year,Haryana,280901.09,1977543.67,2103.61,51.8,1.67,7.04
Maize,2015,Rabi,Haryana,396214.06,2341625.09,1302.36,69.19,0.75,5.91
Cotton(lint),2015,Whole Year,Haryana,359573.9,1567742.2,1766.11,105.17,0.68,4.36
Cotton(lint),2015,Summer,Haryana,24343.17,117577.51,1201.35,185.29,3.68,4.83
Sugarcane,2015,Rabi,Haryana,7811.15,836964.72,988.44,228.14,3.01,107.15
Sugarcane,2015,Kharif,Haryana,375101.96,40240938.27,767.56,82.13,1.02,107.28
Soybean,2015,Summer,Haryana,128285.68,401534.18,432.94,175.41,3.54,3.13
Soybean,2015,Kharif,Haryana,351861.86,1157625.52,1077.23,120.88,1.75,3.29
Groundnut,2015,Rabi,Haryana,123916.82,506819.79,800.29,99.83,1.72,4.09
Groundnut,2015,Kharif,Haryana,441484.15,2613586.17,2184.16,104.75,2.11,5.92
Rapeseed &Mustard,2015,Whole Year,Haryana,302179.64,939778.68,1702.38,36.56,0.63,3.11
Rapeseed &Mustard,2015,Summer,Haryana,444421.57,1542142.85,1444.74,132.34,3.58,3.47
Gram,2015,Rabi,Haryana,250430.22,934104.72,2187.26,60.45,0.63,3.73
Gram,2015,Whole Year,Haryana,132823.97,294869.21,944.54,119.14,1.55,2.22
Arhar/Tur,2015,Summer,Haryana,107410.09,314711.56,2045.89,88.32,3.38,2.93
Arhar/Tur,2015,Kharif,Haryana,293232.13,671501.58,1556.85,50.45,2.0,2.29
Moong(Green Gram),2015,Whole Year,Haryana,261251.33,687091.0,1886.75,106.34,1.7,2.63
Moong(Green Gram),2015,Rabi,Haryana,338351.51,629333.81,988.24,153.13,1.87,1.86
Potato,2015,Rabi,Haryana,115987.73,3956341.47,1166.91,216.78,2.67,34.11
Potato,2015,Whole Year,Haryana,270292.68,11054970.61,1861.54,206.7,3.08,40.9
Onion,2015,Summer,Haryana,422191.48,14016757.14,958.24,102.8,2.75,33.2
Onion,2015,Whole Year,Haryana,258177.97,8876158.61,961.94,121.23,2.75,34.38
Tomato,2015,Summer,Haryana,39165.18,1314383.44,454.77,157.36,1.62,33.56
Tomato,2015,Rabi,Haryana,39435.79,1437040.19,406.42,218.67,1.14,36.44
Banana,2015,Kharif,Haryana,372129.78,26376558.81,594.28,136.79,3.34,70.88
Banana,2015,Whole Year,Haryana,206125.87,14488587.4,716.66,127.62,2.99,70.29
Rice,2015,Whole Year,Karnataka,29696.12,200745.77,2137.46,61.88,1.47,6.76
Rice,2015,Summer,Karnataka,82068.45,585148.05,1241.02,149.48,2.15,7.13
Wheat,2015,Kharif,Karnataka,248379.93,1303994.63,512.39,108.55,3.88,5.25
Wheat,2015,Summer,Karnataka,304488.07,2271481.0,1796.64,86.63,0.46,7.46
Maize,2015,Rabi,Karnataka,54428.9,252550.1,764.86,65.61,0.59,4.64
Maize,2015,Whole Year,Karnataka,175139.49,1334562.91,2111.13,107.91,0.92,7.62
Cotton(lint),2015,Whole Year,Karnataka,93230.55,322577.7,1125.04,121.88,0.37,3.46
Cotton(lint),2015,Kharif,Karnataka,70779.38,227201.81,487.8,116.48,3.68,3.21
Sugarcane,2015,Summer,Karnataka,26433.1,1992527.08,1315.97,148.15,3.19,75.38
Sugarcane,2015,Rabi,Karnataka,165888.41,16985314.3,888.63,228.7,1.57,102.39
Soybean,2015,Summer,Karnataka,286846.84,728590.97,1042.5,40.99,4.28,2.54
Soybean,2015,Kharif,Karnataka,386682.26,1794205.69,2086.13,76.27,3.68,4.64
Groundnut,2015,Summer,Karnataka,224565.79,844367.37,1483.96,36.74,0.34,3.76
Groundnut,2015,Kharif,Karnataka,293663.21,1582844.7,1383.84,236.18,3.79,5.39
Rapeseed &Mustard,2015,Rabi,Karnataka,53221.61,155407.1,1095.49,184.12,2.88,2.92
Rapeseed &Mustard,2015,Whole Year,Karnataka,361514.09,1145999.67,891.7,202.3,2.83,3.17
Gram,2015,Kharif,Karnataka,286564.39,813842.87,818.12,166.47,4.5,2.84
Gram,2015,Rabi,Karnataka,50628.16,160997.55,1126.09,210.75,3.79,3.18
Arhar/Tur,2015,Summer,Karnataka,148824.04,410754.35,1895.2,132.34,0.95,2.76
Arhar/Tur,2015,Rabi,Karnataka,389371.8,1059091.3,1853.4,167.69,0.81,2.72
Moong(Green Gram),2015,Summer,Karnataka,42451.97,58583.72,1033.2,58.51,2.63,1.38
Moong(Green Gram),2015,Rabi,Karnataka,244517.13,496369.77,2167.69,196.45,2.91,2.03
Potato,2015,Kharif,Karnataka,72392.72,2355659.11,1906.61,117.63,3.63,32.54
Potato,2015,Whole Year,Karnataka,363207.46,16456930.01,1162.28,198.43,0.63,45.31
Onion,2015,Summer,Karnataka,203950.41,6809904.19,1769.55,178.29,2.43,33.39
Onion,2015,Kharif,Karnataka,417344.5,13050362.52,1577.79,168.12,1.26,31.27
Tomato,2015,Summer,Karnataka,296204.66,8693606.77,938.78,69.79,0.53,29.35
Tomato,2015,Whole Year,Karnataka,283914.03,9829103.72,505.58,108.89,1.32,34.62
Banana,2015,Rabi,Karnataka,274684.54,21183671.72,1652.15,222.8,3.58,77.12
Banana,2015,Summer,Karnataka,55374.82,3815325.1,1519.96,215.38,0.63,68.9
Rice,2015,Whole Year,Madhya Pradesh,217192.89,1140262.67,673.77,106.59,3.71,5.25
Rice,2015,Rabi,Madhya Pradesh,293388.18,1147147.78,503.14,34.71,1.72,3.91
Wheat,2015,Whole Year,Madhya Pradesh,225617.26,1252175.79,1329.77,37.63,4.31,5.55
Wheat,2015,Rabi,Madhya Pradesh,178355.74,1025545.5,1148.05,165.09,3.05,5.75
Maize,2015,Summer,Madhya Pradesh,234754.45,1530599.01,866.3,171.85,1.78,6.52
Maize,2015,Rabi,Madhya Pradesh,308965.93,1362539.75,508.09,146.53,2.05,4.41
Cotton(lint),2015,Kharif,Madhya Pradesh,433874.16,1843965.18,1892.51,85.93,0.3,4.25
Cotton(lint),2015,Rabi,Madhya Pradesh,80680.93,346121.19,1900.82,193.2,3.45,4.29
Sugarcane,2015,Rabi,Madhya Pradesh,353209.83,36454786.55,1630.01,46.44,2.6,103.21
Sugarcane,2015,Summer,Madhya Pradesh,274733.14,30660218.42,2151.49,226.43,0.24,111.6
Soybean,2015,Summer,Madhya Pradesh,363210.61,1056942.88,1252.82,131.75,3.28,2.91
Soybean,2015,Rabi,Madhya Pradesh,340738.41,994956.16,1804.08,33.02,0.82,2.92
Groundnut,2015,Whole Year,Madhya Pradesh,36647.51,156484.87,1458.74,33.6,2.6,4.27
Groundnut,2015,Kharif,Madhya Pradesh,243937.61,741570.33,870.43,64.09,1.94,3.04
Rapeseed &Mustard,2015,Kharif,Madhya Pradesh,282431.76,624174.19,1109.44,64.21,0.7,2.21
Rapeseed &Mustard,2015,Whole Year,Madhya Pradesh,448843.16,1243295.55,1130.62,74.58,2.9,2.77
Gram,2015,Whole Year,Madhya Pradesh,71968.81,255489.28,2138.7,151.28,2.12,3.55
Gram,2015,Summer,Madhya Pradesh,29279.66,84911.01,1994.29,95.22,2.63,2.9
Arhar/Tur,2015,Rabi,Madhya Pradesh,44854.35,80289.29,902.69,52.95,1.3,1.79
Arhar/Tur,2015,Kharif,Madhya Pradesh,102681.79,331662.18,1969.17,198.15,3.44,3.23
Moong(Green Gram),2015,Whole Year,Madhya Pradesh,225896.09,356915.82,1073.08,76.99,2.6,1.58
Moong(Green Gram),2015,Summer,Madhya Pradesh,413863.28,815310.66,1042.45,175.98,2.99,1.97
Potato,2015,Summer,Madhya Pradesh,156704.56,5644498.25,1967.15,57.1,0.66,36.02
Potato,2015,Kharif,Madhya Pradesh,173242.92,4849069.33,1495.4,63.55,1.32,27.99
Onion,2015,Rabi,Madhya Pradesh,254098.7,8156568.27,2006.15,238.71,4.37,32.1
Onion,2015,Whole Year,Madhya Pradesh,10922.11,366982.9,1885.39,206.6,3.41,33.6
Tomato,2015,Summer,Madhya Pradesh,202387.19,8000365.62,1019.18,180.96,1.12,39.53
Tomato,2015,Rabi,Madhya Pradesh,126321.15,4618301.24,1618.4,60.15,0.72,36.56
Banana,2015,Rabi,Madhya Pradesh,99678.06,7659262.13,1779.43,107.45,0.91,76.84
Banana,2015,Summer,Madhya Pradesh,20649.61,1294730.55,924.92,199.98,2.44,62.7
Rice,2015,Summer,Maharashtra,151211.23,942045.96,1692.38,43.03,3.25,6.23
Rice,2015,Whole Year,Maharashtra,269100.2,1288989.96,943.88,46.62,4.28,4.79
Wheat,2015,Kharif,Maharashtra,154977.22,850824.94,1116.78,91.14,3.25,5.49
Wheat,2015,Whole Year,Maharashtra,179335.68,1194375.63,1057.09,89.53,0.57,6.66
Maize,2015,Summer,Maharashtra,246683.96,1608379.42,1792.82,113.1,4.26,6.52
Maize,2015,Rabi,Maharashtra,269516.44,1514682.39,633.15,181.7,2.78,5.62
Cotton(lint),2015,Whole Year,Maharashtra,399145.74,1919891.01,1460.23,172.65,1.47,4.81
Cotton(lint),2015,Kharif,Maharashtra,149138.96,466804.94,697.11,109.44,0.5,3.13
Sugarcane,2015,Kharif,Maharashtra,89037.16,10791303.79,1191.36,187.37,2.95,121.2
Sugarcane,2015,Rabi,Maharashtra,247252.8,23140389.55,896.33,165.73,1.08,93.59
Soybean,2015,Whole Year,Maharashtra,417041.63,1705700.27,2174.72,186.44,3.93,4.09
Soybean,2015,Kharif,Maharashtra,82175.24,275287.05,598.47,228.02,3.09,3.35
Groundnut,2015,Whole Year,Maharashtra,161914.06,738328.11,1927.08,110.65,2.18,4.56
Groundnut,2015,Rabi,Maharashtra,28311.36,119190.83,1504.85,124.09,2.81,4.21
Rapeseed &Mustard,2015,Kharif,Maharashtra,239689.95,755023.34,1428.49,119.25,1.23,3.15
Rapeseed &Mustard,2015,Summer,Maharashtra,327425.84,1031391.4,731.28,202.79,1.13,3.15
Gram,2015,Kharif,Maharashtra,251647.58,707129.7,1272.46,118.93,2.43,2.81
Gram,2015,Summer,Maharashtra,264935.4,659689.15,1264.22,150.02,2.6,2.49
Arhar/Tur,2015,Rabi,Maharashtra,368764.1,781779.89,458.34,170.91,1.2,2.12
Arhar/Tur,2015,Whole Year,Maharashtra,357148.11,807154.73,1069.12,195.92,2.11,2.26
Moong(Green Gram),2015,Rabi,Maharashtra,324337.92,755707.35,1667.14,177.03,4.14,2.33
Moong(Green Gram),2015,Summer,Maharashtra,278963.26,516082.03,2163.07,95.59,4.31,1.85
Potato,2015,Rabi,Maharashtra,277728.61,7759737.36,1451.15,58.32,2.44,27.94
Potato,2015,Kharif,Maharashtra,250113.32,8528864.21,822.95,123.32,3.93,34.1
Onion,2015,Kharif,Maharashtra,185781.4,4380725.41,434.74,79.29,2.73,23.58
Onion,2015,Whole Year,Maharashtra,300409.57,8174144.4,850.91,200.76,0.75,27.21
Tomato,2015,Rabi,Maharashtra,425130.01,16078416.98,1541.72,40.99,4.38,37.82
Tomato,2015,Whole Year,Maharashtra,306074.27,11597154.09,1969.38,189.82,1.76,37.89
Banana,2015,Rabi,Maharashtra,260305.88,14871274.92,1360.57,73.74,0.81,57.13
Banana,2015,Whole Year,Maharashtra,110196.22,8555634.52,1728.18,184.57,1.39,77.64
Rice,2015,Whole Year,Odisha,203509.82,1424568.74,1731.47,154.17,4.33,7.0
Rice,2015,Summer,Odisha,366091.17,1698663.03,1071.45,127.71,3.15,4.64
Wheat,2015,Rabi,Odisha,239627.48,1579145.09,1804.11,167.32,2.03,6.59
Wheat,2015,Summer,Odisha,103243.15,508988.73,1525.8,38.31,0.96,4.93
Maize,2015,Summer,Odisha,166610.43,813058.9,1435.05,86.77,0.94,4.88
Maize,2015,Kharif,Odisha,202014.19,1165621.88,1744.02,146.37,2.82,5.77
Cotton(lint),2015,Summer,Odisha,177239.56,687689.49,1278.1,103.41,4.23,3.88
Cotton(lint),2015,Rabi,Odisha,342447.48,1400610.19,1590.1,134.35,0.21,4.09
Sugarcane,2015,Whole Year,Odisha,53434.09,5526687.93,1200.33,184.47,4.34,103.43
Sugarcane,2015,Rabi,Odisha,383134.35,26773428.38,1001.2,59.87,1.41,69.88
Soybean,2015,Kharif,Odisha,368226.82,1222513.04,1862.63,75.3,2.12,3.32
Soybean,2015,Rabi,Odisha,141427.4,445496.31,1352.04,88.51,3.75,3.15
Groundnut,2015,Summer,Odisha,256522.12,1208219.19,1960.5,137.11,2.81,4.71
Groundnut,2015,Whole Year,Odisha,33574.88,150415.46,1030.3,161.03,1.03,4.48
Rapeseed &Mustard,2015,Rabi,Odisha,367321.42,1120330.33,1317.44,98.12,1.59,3.05
Rapeseed &Mustard,2015,Summer,Odisha,320146.46,822776.4,974.59,132.94,0.53,2.57
Gram,2015,Summer,Odisha,123758.54,247517.08,792.52,74.96,0.57,2.0
Gram,2015,Kharif,Odisha,371883.06,829299.22,775.02,111.46,2.96,2.23
Arhar/Tur,2015,Rabi,Odisha,293807.59,690447.84,2181.51,72.84,4.33,2.35
Arhar/Tur,2015,Kharif,Odisha,161792.2,299315.57,883.21,175.58,2.73,1.85
Moong(Green Gram),2015,Whole Year,Odisha,237468.24,334830.22,434.38,134.3,1.45,1.41
Moong(Green Gram),2015,Kharif,Odisha,405515.35,815085.85,1662.43,153.77,1.41,2.01
Potato,2015,Kharif,Odisha,342518.37,12265582.83,1636.7,117.35,1.44,35.81
Potato,2015,Summer,Odisha,394595.76,11755007.69,1201.93,81.71,1.17,29.79
Onion,2015,Rabi,Odisha,272301.12,5138322.13,740.36,42.56,4.06,18.87
Onion,2015,Summer,Odisha,24515.04,573897.09,615.75,128.98,3.07,23.41
Tomato,2015,Rabi,Odisha,229371.47,7812392.27,1891.77,77.84,3.77,34.06
Tomato,2015,Kharif,Odisha,58229.38,1829567.12,583.16,225.74,1.02,31.42
Banana,2015,Summer,Odisha,360279.81,15812680.86,730.96,103.98,0.74,43.89
Banana,2015,Kharif,Odisha,310176.57,14168865.72,400.62,42.53,2.06,45.68
Rice,2015,Kharif,Punjab,447307.06,2567542.52,1150.29,39.78,1.52,5.74
Rice,2015,Whole Year,Punjab,135337.49,822851.94,501.1,129.74,1.1,6.08
Wheat,2015,Rabi,Punjab,300055.43,2619483.9,1823.76,116.63,2.35,8.73
Wheat,2015,Whole Year,Punjab,209162.97,1482965.46,1494.11,179.8,0.38,7.09
Maize,2015,Kharif,Punjab,215970.33,1321738.42,754.77,135.17,0.85,6.12
Maize,2015,Summer,Punjab,35798.2,311444.34,2001.31,159.44,1.56,8.7
Cotton(lint),2015,Summer,Punjab,309493.4,1491758.19,1159.42,224.98,2.2,4.82
Cotton(lint),2015,Whole Year,Punjab,358076.69,1819029.59,1564.75,232.93,3.83,5.08
Sugarcane,2015,Rabi,Punjab,45823.75,4897184.16,829.78,35.06,0.39,106.87
Sugarcane,2015,Kharif,Punjab,354636.0,36417570.84,1290.9,120.13,0.25,102.69
Soybean,2015,Kharif,Punjab,239313.16,906996.88,1476.7,179.17,2.46,3.79
Soybean,2015,Rabi,Punjab,421538.05,1445875.51,516.16,144.56,0.58,3.43
Groundnut,2015,Kharif,Punjab,367762.29,1805712.84,1045.02,167.22,2.6,4.91
Groundnut,2015,Whole Year,Punjab,366349.61,1853729.03,2186.41,36.22,3.04,5.06
Rapeseed &Mustard,2015,Kharif,Punjab,276655.24,777401.22,620.37,109.5,1.32,2.81
Rapeseed &Mustard,2015,Whole Year,Punjab,161964.68,440543.93,1394.92,80.12,2.93,2.72
Gram,2015,Rabi,Punjab,430504.83,882534.9,427.19,42.41,2.35,2.05
Gram,2015,Whole Year,Punjab,280150.1,658352.73,456.88,104.37,1.69,2.35
Arhar/Tur,2015,Summer,Punjab,341763.86,796309.79,604.07,238.02,2.81,2.33
Arhar/Tur,2015,Whole Year,Punjab,258017.14,737929.02,1987.08,139.32,3.04,2.86
Moong(Green Gram),2015,Rabi,Punjab,129135.71,303468.92,1670.15,105.43,1.02,2.35
Moong(Green Gram),2015,Kharif,Punjab,332344.29,704569.89,1002.35,220.43,0.52,2.12
Potato,2015,Summer,Punjab,91025.99,3805796.64,1861.52,47.53,1.36,41.81
Potato,2015,Rabi,Punjab,225810.42,9475005.22,1611.03,68.97,3.07,41.96
Onion,2015,Rabi,Punjab,294246.03,9680694.39,1732.31,89.47,2.65,32.9
Onion,2015,Kharif,Punjab,44173.3,1589797.07,1740.37,218.76,1.32,35.99
Tomato,2015,Summer,Punjab,74656.07,3394611.5,609.03,218.96,3.22,45.47
Tomato,2015,Whole Year,Punjab,258144.16,13624848.76,1244.56,185.96,4.5,52.78
Banana,2015,Rabi,Punjab,139958.58,8638243.56,968.96,199.26,0.63,61.72
Banana,2015,Summer,Punjab,33376.26,2178134.73,1139.43,137.81,0.48,65.26
Rice,2015,Kharif,Rajasthan,80549.96,449468.78,1050.52,220.23,4.47,5.58
Rice,2015,Whole Year,Rajasthan,129205.01,772645.96,1395.93,150.14,2.91,5.98
Wheat,2015,Summer,Rajasthan,252676.0,1521109.52,1429.91,90.17,3.7,6.02
Wheat,2015,Kharif,Rajasthan,105959.87,662249.19,1373.98,142.98,3.96,6.25
Maize,2015,Kharif,Rajasthan,82518.32,285513.39,438.76,60.88,4.4,3.46
Maize,2015,Rabi,Rajasthan,262070.86,1284147.21,973.33,110.46,2.09,4.9
Cotton(lint),2015,Kharif,Rajasthan,345881.45,1566842.97,992.52,224.12,4.24,4.53
Cotton(lint),2015,Summer,Rajasthan,125418.18,385033.81,866.94,172.45,2.79,3.07
Sugarcane,2015,Summer,Rajasthan,316615.86,24588387.69,816.5,111.95,3.19,77.66
Sugarcane,2015,Kharif,Rajasthan,233568.24,21805930.89,1702.42,97.37,0.72,93.36
Soybean,2015,Kharif,Rajasthan,67337.19,181137.04,444.3,196.49,0.21,2.69
Soybean,2015,Summer,Rajasthan,368479.66,1204928.49,1909.41,182.24,1.26,3.27
Groundnut,2015,Kharif,Rajasthan,1392.5,6851.1,2027.95,227.84,0.6,4.92
Groundnut,2015,Summer,Rajasthan,426962.71,1528526.5,844.3,135.35,0.91,3.58
Rapeseed &Mustard,2015,Rabi,Rajasthan,261027.59,574260.7,975.56,71.58,2.0,2.2
Rapeseed &Mustard,2015,Whole Year,Rajasthan,232276.16,583013.16,704.37,199.3,0.83,2.51
Gram,2015,Kharif,Rajasthan,162779.42,496477.23,1254.8,208.22,4.46,3.05
Gram,2015,Rabi,Rajasthan,7012.66,24684.56,1984.66,230.35,2.67,3.52
Arhar/Tur,2015,Rabi,Rajasthan,200098.34,506248.8,1820.29,133.36,2.23,2.53
Arhar/Tur,2015,Kharif,Rajasthan,35720.7,76085.09,958.47,171.43,2.38,2.13
Moong(Green Gram),2015,Whole Year,Rajasthan,422241.29,979599.79,1864.07,169.86,1.7,2.32
Moong(Green Gram),2015,Summer,Rajasthan,194936.28,380125.75,1837.76,189.7,1.54,1.95
Potato,2015,Summer,Rajasthan,145819.8,4625404.06,1143.34,218.02,1.75,31.72
Potato,2015,Kharif,Rajasthan,96970.99,2529973.13,1380.34,60.96,3.72,26.09
Onion,2015,Kharif,Rajasthan,7399.23,171736.13,1132.77,136.63,1.48,23.21
Onion,2015,Rabi,Rajasthan,125141.81,2739354.22,832.17,93.21,1.49,21.89
Tomato,2015,Summer,Rajasthan,423462.09,13300944.25,1320.29,57.08,1.4,31.41
Tomato,2015,Rabi,Rajasthan,234725.02,10011022.1,2179.14,135.71,4.28,42.65
Banana,2015,Summer,Rajasthan,365661.69,19157015.94,933.52,102.74,1.77,52.39
Banana,2015,Rabi,Rajasthan,49355.84,3053645.82,1800.99,106.87,2.87,61.87
Rice,2015,Whole Year,Tamil Nadu,287146.23,2055967.01,1557.15,158.6,0.89,7.16
Rice,2015,Summer,Tamil Nadu,282006.03,1864059.86,1435.64,96.81,2.45,6.61
Wheat,2015,Summer,Tamil Nadu,92377.06,526549.24,1040.22,45.62,3.88,5.7
Wheat,2015,Whole Year,Tamil Nadu,275633.36,2304294.89,1555.51,187.34,2.44,8.36
Maize,2015,Summer,Tamil Nadu,302029.27,2102123.72,1013.54,182.11,1.58,6.96
Maize,2015,Whole Year,Tamil Nadu,170612.87,948607.56,759.95,213.1,4.17,5.56
Cotton(lint),2015,Summer,Tamil Nadu,259242.88,1062895.81,1090.69,118.41,3.64,4.1
Cotton(lint),2015,Rabi,Tamil Nadu,403406.32,1879873.45,1571.11,192.3,2.84,4.66
Sugarcane,2015,Whole Year,Tamil Nadu,397681.87,39827839.28,591.76,203.77,1.38,100.15
Sugarcane,2015,Rabi,Tamil Nadu,25820.19,2933689.99,777.77,115.82,3.39,113.62
Soybean,2015,Rabi,Tamil Nadu,448629.52,1776572.9,1818.86,129.48,2.64,3.96
Soybean,2015,Summer,Tamil Nadu,359823.7,1122649.94,1260.74,60.49,3.15,3.12
Groundnut,2015,Summer,Tamil Nadu,119053.91,692893.76,1338.52,233.23,4.16,5.82
Groundnut,2015,Whole Year,Tamil Nadu,414632.33,1816089.61,869.67,204.36,1.35,4.38
Rapeseed &Mustard,2015,Summer,Tamil Nadu,182717.69,615758.62,1383.23,77.33,0.85,3.37
Rapeseed &Mustard,2015,Whole Year,Tamil Nadu,2450.32,8894.66,912.61,165.15,3.69,3.63
Gram,2015,Rabi,Tamil Nadu,229978.27,871617.64,1693.89,221.94,2.96,3.79
Gram,2015,Whole Year,Tamil Nadu,117595.85,408057.6,1448.82,206.86,1.47,3.47
Arhar/Tur,2015,Whole Year,Tamil Nadu,190717.1,518750.51,1521.73,114.39,3.8,2.72
Arhar/Tur,2015,Summer,Tamil Nadu,229658.73,700459.13,1588.66,239.53,0.83,3.05
Moong(Green Gram),2015,Whole Year,Tamil Nadu,410972.07,1027430.18,1675.33,172.27,3.32,2.5
Moong(Green Gram),2015,Summer,Tamil Nadu,87146.53,148149.1,719.06,106.05,3.86,1.7
Potato,2015,Whole Year,Tamil Nadu,22490.24,996767.44,1972.72,199.49,3.58,44.32
Potato,2015,Rabi,Tamil Nadu,154371.13,5154452.03,1019.87,58.2,3.1,33.39
Onion,2015,Kharif,Tamil Nadu,235085.39,6723442.15,777.28,170.26,2.56,28.6
Onion,2015,Summer,Tamil Nadu,117792.35,4505557.39,2058.93,225.31,2.1,38.25
Tomato,2015,Kharif,Tamil Nadu,368128.25,15825833.47,784.76,225.08,0.3,42.99
Tomato,2015,Rabi,Tamil Nadu,348746.58,16659624.13,1117.29,238.26,1.18,47.77
Banana,2015,Rabi,Tamil Nadu,352996.45,20329065.56,462.33,36.39,3.81,57.59
Banana,2015,Summer,Tamil Nadu,194500.42,12397456.77,718.14,129.38,2.08,63.74
Rice,2015,Rabi,Telangana,34144.56,206233.14,1073.3,134.58,2.85,6.04
Rice,2015,Kharif,Telangana,342512.89,2120154.79,1356.44,76.22,2.85,6.19
Wheat,2015,Kharif,Telangana,223923.93,1197993.03,1224.71,38.38,3.79,5.35
Wheat,2015,Whole Year,Telangana,206325.64,1270965.94,690.67,177.93,2.66,6.16
Maize,2015,Kharif,Telangana,404436.77,3231449.79,1835.38,219.31,1.12,7.99
Maize,2015,Summer,Telangana,334215.21,1871605.18,1307.2,32.36,1.32,5.6
Cotton(lint),2015,Rabi,Telangana,424991.43,1988959.89,1982.47,183.46,0.3,4.68
Cotton(lint),2015,Kharif,Telangana,70063.99,211593.25,923.63,45.7,1.25,3.02
Sugarcane,2015,Summer,Telangana,72291.02,7892010.65,1692.94,203.99,1.55,109.17
Sugarcane,2015,Rabi,Telangana,177270.93,16314243.69,557.02,170.52,3.74,92.03
Soybean,2015,Summer,Telangana,130388.53,415939.41,1137.0,119.01,3.06,3.19
Soybean,2015,Kharif,Telangana,140562.22,438554.13,1407.4,58.24,1.06,3.12
Groundnut,2015,Whole Year,Telangana,149302.73,546447.99,1292.05,42.04,0.58,3.66
Groundnut,2015,Rabi,Telangana,177295.91,531887.73,612.19,77.42,1.33,3.0
Rapeseed &Mustard,2015,Whole Year,Telangana,32963.6,108450.24,1666.22,111.07,1.61,3.29
Rapeseed &Mustard,2015,Kharif,Telangana,105100.99,430914.06,2173.37,205.42,0.27,4.1
Gram,2015,Whole Year,Telangana,321448.19,626823.97,835.21,47.49,3.82,1.95
Gram,2015,Summer,Telangana,161886.95,383672.07,1121.59,98.48,4.4,2.37
Arhar/Tur,2015,Kharif,Telangana,179746.03,492504.12,2133.17,173.64,3.78,2.74
Arhar/Tur,2015,Rabi,Telangana,399155.03,1101667.88,1275.57,233.4,1.3,2.76
Moong(Green Gram),2015,Summer,Telangana,209708.27,375377.8,1816.66,51.3,3.53,1.79
Moong(Green Gram),2015,Kharif,Telangana,269954.47,577702.57,2023.48,151.47,2.99,2.14
Potato,2015,Kharif,Telangana,434770.56,14699592.63,559.96,156.49,0.59,33.81
Potato,2015,Rabi,Telangana,200075.99,7194732.6,1387.3,214.77,3.71,35.96
Onion,2015,Rabi,Telangana,155004.26,4456372.48,1785.52,57.22,2.66,28.75
Onion,2015,Whole Year,Telangana,145974.91,4262467.37,1822.92,217.17,3.39,29.2
Tomato,2015,Whole Year,Telangana,272039.74,10663957.81,1790.24,65.73,0.98,39.2
Tomato,2015,Rabi,Telangana,294737.11,10719588.69,1222.44,111.78,2.15,36.37
Banana,2015,Summer,Telangana,352826.44,22827870.67,1599.42,80.7,2.46,64.7
Banana,2015,Kharif,Telangana,78732.09,4175950.05,440.14,104.99,3.32,53.04
Rice,2015,Whole Year,Uttar Pradesh,29414.21,178838.4,978.75,103.8,3.68,6.08
Rice,2015,Rabi,Uttar Pradesh,10327.67,79006.68,2039.25,75.27,2.9,7.65
Wheat,2015,Rabi,Uttar Pradesh,4804.99,35412.78,1418.67,162.17,0.42,7.37
Wheat,2015,Kharif,Uttar Pradesh,46038.11,258273.8,789.78,119.12,3.82,5.61
Maize,2015,Whole Year,Uttar Pradesh,318192.61,2084161.6,1128.3,225.37,1.52,6.55
Maize,2015,Summer,Uttar Pradesh,384069.41,2200717.72,925.39,126.88,3.74,5.73
Cotton(lint),2015,Whole Year,Uttar Pradesh,230642.03,1180887.19,2192.98,185.79,2.84,5.12
Cotton(lint),2015,Kharif,Uttar Pradesh,427553.77,1825654.6,1393.64,98.64,0.57,4.27
Sugarcane,2015,Rabi,Uttar Pradesh,9245.41,955882.94,1121.81,84.05,2.94,103.39
Sugarcane,2015,Kharif,Uttar Pradesh,98930.81,11010999.15,1458.14,177.04,3.75,111.3
Soybean,2015,Rabi,Uttar Pradesh,341766.23,1250864.4,1507.82,180.18,3.15,3.66
Soybean,2015,Kharif,Uttar Pradesh,422659.71,1284885.52,1613.01,83.59,0.44,3.04
Groundnut,2015,Whole Year,Uttar Pradesh,193499.49,1048767.24,1620.54,191.19,2.24,5.42
Groundnut,2015,Rabi,Uttar Pradesh,144497.9,541867.12,715.2,162.64,0.59,3.75
Rapeseed &Mustard,2015,Whole Year,Uttar Pradesh,10754.13,39145.03,1954.29,100.02,0.87,3.64
Rapeseed &Mustard,2015,Summer,Uttar Pradesh,360118.13,1303627.63,1781.58,134.96,3.73,3.62
Gram,2015,Kharif,Uttar Pradesh,345065.74,1097309.05,1447.66,222.14,1.77,3.18
Gram,2015,Rabi,Uttar Pradesh,438044.18,1038164.71,448.71,182.88,3.71,2.37
Arhar/Tur,2015,Whole Year,Uttar Pradesh,360973.06,801360.19,1409.87,43.4,3.18,2.22
Arhar/Tur,2015,Kharif,Uttar Pradesh,439373.42,650272.66,612.08,59.97,1.79,1.48
Moong(Green Gram),2015,Whole Year,Uttar Pradesh,418305.59,556346.43,520.69,93.83,3.01,1.33
Moong(Green Gram),2015,Summer,Uttar Pradesh,9530.84,18775.75,1648.3,215.49,4.4,1.97
Potato,2015,Whole Year,Uttar Pradesh,223298.83,9693402.21,2088.21,219.45,4.45,43.41
Potato,2015,Rabi,Uttar Pradesh,321847.78,14167739.28,2136.42,151.4,3.81,44.02
Onion,2015,Kharif,Uttar Pradesh,72039.83,2016394.84,680.01,54.22,2.25,27.99
Onion,2015,Rabi,Uttar Pradesh,217551.33,6474327.58,2151.5,91.18,3.96,29.76
Tomato,2015,Kharif,Uttar Pradesh,85511.9,3086124.47,1622.38,47.27,2.59,36.09
Tomato,2015,Whole Year,Uttar Pradesh,177188.51,5437915.37,581.49,66.37,1.7,30.69
Banana,2015,Summer,Uttar Pradesh,208430.29,15136207.66,559.61,197.38,2.25,72.62
Banana,2015,Rabi,Uttar Pradesh,300706.56,25493902.16,2002.18,229.95,4.24,84.78
Rice,2015,Summer,West Bengal,412969.24,2688429.75,890.7,220.59,4.09,6.51
Rice,2015,Rabi,West Bengal,389742.86,3051686.59,2111.38,98.17,2.0,7.83
Wheat,2015,Summer,West Bengal,384456.83,3060276.37,1817.51,208.0,3.43,7.96
Wheat,2015,Whole Year,West Bengal,262397.82,1960111.72,1947.84,103.38,0.42,7.47
Maize,2015,Summer,West Bengal,105612.54,576644.47,808.41,127.63,0.24,5.46
Maize,2015,Kharif,West Bengal,70040.74,479078.66,1432.02,231.97,3.9,6.84
Cotton(lint),2015,Rabi,West Bengal,186923.22,626192.79,945.81,158.35,1.13,3.35
Cotton(lint),2015,Whole Year,West Bengal,156159.41,679293.43,950.0,171.51,2.62,4.35
Sugarcane,2015,Kharif,West Bengal,43582.5,4241448.9,1834.41,66.74,0.69,97.32
Sugarcane,2015,Whole Year,West Bengal,27383.91,3327692.74,1040.02,192.07,2.85,121.52
Soybean,2015,Summer,West Bengal,159042.17,825428.86,1812.58,233.15,3.99,5.19
Soybean,2015,Whole Year,West Bengal,322533.66,1012755.69,1028.74,197.84,2.08,3.14
Groundnut,2015,Kharif,West Bengal,279894.47,1265123.0,1966.09,38.27,3.03,4.52
Groundnut,2015,Summer,West Bengal,297973.23,1480926.95,1884.92,90.47,1.94,4.97
Rapeseed &Mustard,2015,Summer,West Bengal,133166.95,411485.88,1879.63,32.97,1.93,3.09
Rapeseed &Mustard,2015,Whole Year,West Bengal,97520.94,240876.72,989.36,34.59,2.55,2.47
Gram,2015,Summer,West Bengal,318651.23,987818.81,1964.67,39.75,3.3,3.1
Gram,2015,Rabi,West Bengal,228468.69,555178.92,1372.38,40.87,3.07,2.43
Arhar/Tur,2015,Kharif,West Bengal,30363.5,78641.46,2123.11,102.68,3.93,2.59
Arhar/Tur,2015,Summer,West Bengal,287848.52,564183.1,1278.59,50.74,3.11,1.96
Moong(Green Gram),2015,Summer,West Bengal,291615.3,626972.89,2185.08,79.67,4.15,2.15
Moong(Green Gram),2015,Kharif,West Bengal,447979.89,864601.19,1170.12,169.06,1.21,1.93
Potato,2015,Kharif,West Bengal,108487.31,3493291.38,1092.15,52.22,4.09,32.2
Potato,2015,Rabi,West Bengal,156718.68,5731202.13,1905.44,83.84,0.53,36.57
Onion,2015,Whole Year,West Bengal,142832.89,3870771.32,1624.54,61.98,2.61,27.1
Onion,2015,Summer,West Bengal,347639.9,8979538.62,879.75,108.91,3.34,25.83
Tomato,2015,Kharif,West Bengal,403604.27,15922188.45,2171.59,114.51,3.72,39.45
Tomato,2015,Whole Year,West Bengal,373584.73,10165240.5,719.26,76.27,1.55,27.21
Banana,2015,Whole Year,West Bengal,161496.61,12960102.95,2197.87,110.6,1.27,80.25
Banana,2015,Rabi,West Bengal,31788.72,2047511.46,1514.01,37.5,2.46,64.41
Rice,2016,Whole Year,Andhra Pradesh,437305.17,3026151.78,478.63,238.56,1.29,6.92
Rice,2016,Summer,Andhra Pradesh,299566.35,2123925.42,1801.19,127.93,4.14,7.09
Wheat,2016,Kharif,Andhra Pradesh,133888.15,962655.8,1052.26,98.58,1.28,7.19
Wheat,2016,Summer,Andhra Pradesh,140409.99,828418.94,543.46,178.79,2.17,5.9
Maize,2016,Rabi,Andhra Pradesh,400715.7,2556566.17,1405.74,223.89,2.4,6.38
Maize,2016,Kharif,Andhra Pradesh,235197.12,1359439.35,1353.98,174.34,1.17,5.78
Cotton(lint),2016,Summer,Andhra Pradesh,240042.84,871355.51,1496.67,69.11,4.05,3.63
Cotton(lint),2016,Rabi,Andhra Pradesh,150811.08,521806.34,1258.53,32.13,0.34,3.46
Sugarcane,2016,Kharif,Andhra Pradesh,169956.42,17041530.23,591.91,71.51,3.49,100.27
Sugarcane,2016,Whole Year,Andhra Pradesh,378599.28,45469773.53,1156.78,212.19,2.46,120.1
Soybean,2016,Whole Year,Andhra Pradesh,253691.46,745852.89,1079.13,67.75,2.33,2.94
Soybean,2016,Summer,Andhra Pradesh,42248.3,116605.31,911.78,49.35,4.04,2.76
Groundnut,2016,Summer,Andhra Pradesh,415878.51,2428730.5,1601.23,218.4,2.58,5.84
Groundnut,2016,Kharif,Andhra Pradesh,374122.36,2255957.83,1904.55,153.86,2.92,6.03
Rapeseed &Mustard,2016,Kharif,Andhra Pradesh,369596.42,1275107.65,1874.02,155.72,0.29,3.45
Rapeseed &Mustard,2016,Whole Year,Andhra Pradesh,152785.25,435437.96,1511.13,43.96,0.3,2.85
Gram,2016,Whole Year,Andhra Pradesh,344157.15,1115069.17,2083.82,41.09,0.77,3.24
Gram,2016,Summer,Andhra Pradesh,356139.31,1260733.16,1695.43,216.36,1.13,3.54
Arhar/Tur,2016,Whole Year,Andhra Pradesh,333577.44,870637.12,2109.01,177.14,3.8,2.61
Arhar/Tur,2016,Kharif,Andhra Pradesh,304469.53,834246.51,1285.96,218.01,4.39,2.74
Moong(Green Gram),2016,Rabi,Andhra Pradesh,400917.02,801834.04,793.27,193.84,0.41,2.0
Moong(Green Gram),2016,Whole Year,Andhra Pradesh,343548.96,426000.71,418.72,98.5,1.12,1.24
Potato,2016,Kharif,Andhra Pradesh,182849.32,5955402.35,536.17,155.72,2.96,32.57
Potato,2016,Rabi,Andhra Pradesh,441651.92,16469200.1,1191.04,92.15,1.7,37.29
Onion,2016,Whole Year,Andhra Pradesh,330953.88,10643476.78,1438.8,64.19,0.84,32.16
Onion,2016,Kharif,Andhra Pradesh,338079.97,8529757.64,806.65,51.02,1.85,25.23
Tomato,2016,Rabi,Andhra Pradesh,260709.45,11460787.42,1187.48,143.34,0.66,43.96
Tomato,2016,Whole Year,Andhra Pradesh,5647.95,208917.67,886.94,49.34,4.49,36.99
Banana,2016,Kharif,Andhra Pradesh,382637.54,30442642.68,1892.78,129.23,2.61,79.56
Banana,2016,Whole Year,Andhra Pradesh,7932.92,496442.13,620.38,64.14,3.45,62.58
Rice,2016,Whole Year,Assam,59686.8,323502.46,821.66,122.83,3.78,5.42
Rice,2016,Summer,Assam,414383.1,2710065.47,1805.38,84.97,1.43,6.54
Wheat,2016,Whole Year,Assam,67554.03,285753.55,537.41,94.72,2.88,4.23
Wheat,2016,Kharif,Assam,200830.9,978046.48,781.4,40.62,2.42,4.87
Maize,2016,Rabi,Assam,285546.83,1433445.09,1043.23,134.66,2.95,5.02
Maize,2016,Whole Year,Assam,400778.02,2144162.41,1016.19,198.24,1.28,5.35
Cotton(lint),2016,Kharif,Assam,275429.91,966758.98,701.96,191.99,2.67,3.51
Cotton(lint),2016,Whole Year,Assam,433269.02,935861.08,436.88,71.9,2.13,2.16
Sugarcane,2016,Kharif,Assam,323338.46,38377041.82,1842.31,152.64,3.05,118.69
Sugarcane,2016,Summer,Assam,440193.21,39410498.09,1565.89,101.74,1.43,89.53
Soybean,2016,Kharif,Assam,362885.38,1117686.97,1237.47,123.19,3.41,3.08
Soybean,2016,Summer,Assam,16607.24,45503.84,1606.73,42.26,0.58,2.74
Groundnut,2016,Summer,Assam,363288.28,1347799.52,940.33,120.84,4.33,3.71
Groundnut,2016,Kharif,Assam,334674.52,1599744.21,1769.59,180.35,3.32,4.78
Rapeseed &Mustard,2016,Kharif,Assam,208204.93,597548.15,2005.79,64.86,1.08,2.87
Rapeseed &Mustard,2016,Whole Year,Assam,335502.13,949471.03,1478.94,146.18,2.79,2.83
Gram,2016,Kharif,Assam,339741.69,992045.73,1604.54,200.4,3.59,2.92
Gram,2016,Rabi,Assam,119946.34,367035.8,1873.3,200.26,2.33,3.06
Arhar/Tur,2016,Kharif,Assam,272127.05,770119.55,1966.55,120.62,2.29,2.83
Arhar/Tur,2016,Rabi,Assam,419130.26,1114886.49,1585.58,203.54,3.36,2.66
Moong(Green Gram),2016,Rabi,Assam,227633.68,364213.89,1224.29,63.42,3.83,1.6
Moong(Green Gram),2016,Kharif,Assam,353794.84,640368.66,1063.61,179.93,4.2,1.81
Potato,2016,Summer,Assam,230649.95,8425642.67,1487.1,98.76,3.96,36.53
Potato,2016,Rabi,Assam,286341.93,8243784.16,610.88,160.75,2.57,28.79
Onion,2016,Rabi,Assam,68354.18,1685614.08,547.03,91.86,4.44,24.66
Onion,2016,Whole Year,Assam,98619.51,2574955.41,808.09,120.43,0.61,26.11
Tomato,2016,Summer,Assam,42854.43,1298489.23,1415.29,106.3,1.07,30.3
Tomato,2016,Kharif,Assam,75471.32,3397718.83,1660.16,205.73,1.38,45.02
Banana,2016,Rabi,Assam,424585.59,28196729.03,1899.93,172.95,4.12,66.41
Banana,2016,Whole Year,Assam,113842.59,5840124.87,840.66,95.28,2.68,51.3
Rice,2016,Kharif,Bihar,82726.87,469061.35,541.72,227.95,1.53,5.67
Rice,2016,Whole Year,Bihar,441029.3,2774074.3,1756.17,52.15,3.86,6.29
Wheat,2016,Kharif,Bihar,438343.62,2993886.92,2084.58,164.81,0.28,6.83
Wheat,2016,Rabi,Bihar,175031.96,1037939.52,685.74,139.93,3.4,5.93
Maize,2016,Whole Year,Bihar,88034.22,470983.08,519.27,165.32,3.85,5.35
Maize,2016,Summer,Bihar,199419.38,1409895.02,2171.71,42.52,2.9,7.07
Cotton(lint),2016,Kharif,Bihar,350993.48,1161788.42,844.11,112.61,4.29,3.31
Cotton(lint),2016,Summer,Bihar,100287.83,449289.48,1165.55,192.55,3.73,4.48
Sugarcane,2016,Summer,Bihar,108997.73,10922662.52,1760.81,65.2,1.99,100.21
Sugarcane,2016,Whole Year,Bihar,444098.46,39502558.02,1933.67,86.59,1.79,88.95
Soybean,2016,Rabi,Bihar,118842.48,322063.12,1481.57,72.02,3.71,2.71
Soybean,2016,Kharif,Bihar,281513.12,999371.58,2101.06,47.24,0.67,3.55
Groundnut,2016,Whole Year,Bihar,191676.83,883630.19,1504.69,48.85,2.43,4.61
Groundnut,2016,Summer,Bihar,110468.21,339137.4,437.15,98.22,1.91,3.07
Rapeseed &Mustard,2016,Whole Year,Bihar,2348.87,6764.75,1796.97,36.57,3.47,2.88
Rapeseed &Mustard,2016,Kharif,Bihar,108813.7,297061.4,807.3,133.26,0.93,2.73
Gram,2016,Kharif,Bihar,145737.72,390577.09,1230.31,143.94,0.81,2.68
Gram,2016,Summer,Bihar,125455.12,306110.49,724.7,189.71,0.99,2.44
Arhar/Tur,2016,Rabi,Bihar,108268.26,249017.0,709.26,236.14,1.46,2.3
Arhar/Tur,2016,Summer,Bihar,35828.35,112142.74,1720.49,217.34,0.9,3.13
Moong(Green Gram),2016,Summer,Bihar,427826.78,569009.62,1196.4,63.84,2.34,1.33
Moong(Green Gram),2016,Whole Year,Bihar,282822.34,362012.6,714.52,109.9,3.94,1.28
Potato,2016,Rabi,Bihar,231499.76,6391708.37,564.33,231.07,1.25,27.61
Potato,2016,Summer,Bihar,386147.03,10862315.95,675.01,67.79,1.17,28.13
Onion,2016,Whole Year,Bihar,221891.46,6614584.42,1095.93,93.05,4.27,29.81
Onion,2016,Summer,Bihar,427190.61,13627380.46,1576.98,231.15,0.66,31.9
Tomato,2016,Rabi,Bihar,364814.14,13191679.3,1940.15,87.01,1.96,36.16
Tomato,2016,Kharif,Bihar,340112.32,12414099.68,598.85,222.04,1.39,36.5
Banana,2016,Rabi,Bihar,273564.58,15363386.81,2074.63,61.71,3.01,56.16
Banana,2016,Kharif,Bihar,226070.42,10686348.75,820.81,126.85,3.15,47.27
Rice,2016,Kharif,Gujarat,241985.74,1313982.57,695.63,80.0,0.49,5.43
Rice,2016,Whole Year,Gujarat,142638.82,710341.32,1016.92,57.7,2.67,4.98
Wheat,2016,Rabi,Gujarat,333786.03,2216339.24,1452.45,87.97,2.39,6.64
Wheat,2016,Summer,Gujarat,344990.39,2549478.98,1287.41,232.75,2.55,7.39
Maize,2016,Kharif,Gujarat,244913.67,2064622.24,1948.75,212.01,2.8,8.43
Maize,2016,Rabi,Gujarat,343082.09,1790888.51,1140.92,130.01,3.13,5.22
Cotton(lint),2016,Whole Year,Gujarat,350515.32,1437112.81,1690.58,115.85,3.84,4.1
Cotton(lint),2016,Summer,Gujarat,117103.13,412203.02,1231.19,51.72,2.66,3.52
Sugarcane,2016,Summer,Gujarat,402345.66,51797980.27,2199.66,145.55,2.86,128.74
Sugarcane,2016,Kharif,Gujarat,82518.71,9454168.6,1141.01,142.37,1.75,114.57
Soybean,2016,Whole Year,Gujarat,89881.46,263352.68,868.87,90.17,0.9,2.93
Soybean,2016,Summer,Gujarat,375719.28,1420218.88,1288.71,139.11,2.85,3.78
Groundnut,2016,Whole Year,Gujarat,436140.69,1356397.55,458.12,100.41,2.29,3.11
Groundnut,2016,Rabi,Gujarat,369236.62,1469561.75,900.37,168.1,3.73,3.98
Rapeseed &Mustard,2016,Summer,Gujarat,173662.12,508830.01,836.96,150.8,1.13,2.93
Rapeseed &Mustard,2016,Kharif,Gujarat,365802.36,1444919.32,1566.9,226.03,2.89,3.95
Gram,2016,Rabi,Gujarat,373239.65,1209296.47,1974.55,177.94,3.16,3.24
Gram,2016,Whole Year,Gujarat,160326.49,346305.22,661.54,70.98,3.53,2.16
Arhar/Tur,2016,Kharif,Gujarat,68676.28,181305.38,1620.27,182.94,1.76,2.64
Arhar/Tur,2016,Summer,Gujarat,311510.79,1006179.85,1713.94,233.42,1.2,3.23
Moong(Green Gram),2016,Kharif,Gujarat,343583.45,669987.73,1988.21,143.53,3.09,1.95
Moong(Green Gram),2016,Rabi,Gujarat,185559.15,365551.53,2041.15,64.48,1.27,1.97
Potato,2016,Whole Year,Gujarat,355056.53,12253000.85,1188.07,137.19,4.21,34.51
Potato,2016,Kharif,Gujarat,343358.1,13439036.03,1431.68,201.12,0.52,39.14
Onion,2016,Rabi,Gujarat,224504.74,6196330.82,1348.25,113.32,1.63,27.6
Onion,2016,Kharif,Gujarat,290518.19,8288483.96,1490.77,88.64,0.97,28.53
Tomato,2016,Whole Year,Gujarat,20712.45,834504.61,1040.69,162.59,4.13,40.29
Tomato,2016,Summer,Gujarat,140553.53,6174516.57,2041.18,114.55,2.93,43.93
Banana,2016,Kharif,Gujarat,327096.17,19772963.48,1666.02,92.96,1.37,60.45
Banana,2016,Whole Year,Gujarat,438627.21,29686289.57,1020.85,223.83,4.11,67.68
Rice,2016,Rabi,Haryana,346990.62,2043774.75,812.88,139.46,0.68,5.89
Rice,2016,Whole Year,Haryana,127906.1,1034760.35,1597.53,238.17,1.3,8.09
Wheat,2016,Kharif,Haryana,247779.48,2029313.94,1095.31,231.93,2.06,8.19
Wheat,2016,Summer,Haryana,445160.82,3120577.35,582.99,205.21,1.84,7.01
Maize,2016,Summer,Haryana,22137.89,165148.66,1816.54,146.68,3.32,7.46
Maize,2016,Rabi,Haryana,186442.95,1295778.5,1838.68,155.82,1.73,6.95
Cotton(lint),2016,Summer,Haryana,61204.08,243592.24,1385.52,68.0,3.5,3.98
Cotton(lint),2016,Kharif,Haryana,195995.59,785942.32,1158.69,89.91,3.61,4.01
Sugarcane,2016,Whole Year,Haryana,196549.54,22392889.09,1333.86,97.39,1.46,113.93
Sugarcane,2016,Rabi,Haryana,141176.9,16718168.5,1576.68,73.84,2.66,118.42
Soybean,2016,Kharif,Haryana,417893.2,1776046.1,2168.7,125.32,2.63,4.25
Soybean,2016,Whole Year,Haryana,387802.49,1648160.58,1465.46,182.36,0.54,4.25
Groundnut,2016,Whole Year,Haryana,101201.15,593038.74,1679.9,218.25,0.61,5.86
Groundnut,2016,Rabi,Haryana,160774.2,794224.55,1640.7,69.26,3.7,4.94
Rapeseed &Mustard,2016,Kharif,Haryana,389100.53,1315159.79,650.62,207.61,0.3,3.38
Rapeseed &Mustard,2016,Whole Year,Haryana,313677.11,1298623.24,1142.22,211.53,1.55,4.14
Gram,2016,Whole Year,Haryana,348576.55,1000414.7,1291.53,142.79,3.78,2.87
Gram,2016,Rabi,Haryana,247620.57,700766.21,626.83,212.39,3.8,2.83
Arhar/Tur,2016,Rabi,Haryana,217377.58,534748.85,889.2,129.4,0.28,2.46
Arhar/Tur,2016,Kharif,Haryana,105304.52,370671.91,1563.96,215.68,1.39,3.52
Moong(Green Gram),2016,Summer,Haryana,6548.39,11197.75,476.74,172.31,4.02,1.71
Moong(Green Gram),2016,Whole Year,Haryana,410099.44,980137.66,1653.34,180.43,1.51,2.39
Potato,2016,Whole Year,Haryana,222865.56,9502987.48,1781.89,182.5,1.07,42.64
Potato,2016,Kharif,Haryana,179647.06,7388883.58,1775.39,113.9,3.79,41.13
Onion,2016,Kharif,Haryana,426300.35,13492406.08,1619.19,75.87,1.8,31.65
Onion,2016,Summer,Haryana,76551.59,2494050.8,1647.56,184.82,2.26,32.58
Tomato,2016,Summer,Haryana,294515.25,14666859.45,921.51,237.33,4.29,49.8
Tomato,2016,Rabi,Haryana,118041.77,4733474.98,1148.87,68.63,2.44,40.1
Banana,2016,Rabi,Haryana,304771.97,26630974.74,1705.23,207.63,1.92,87.38
Banana,2016,Summer,Haryana,340918.47,20543747.0,1553.79,98.74,1.69,60.26
Rice,2016,Rabi,Karnataka,308160.77,1574701.53,655.21,104.32,1.58,5.11
Rice,2016,Summer,Karnataka,310864.44,1983315.13,1484.43,59.62,4.24,6.38
Wheat,2016,Rabi,Karnataka,370122.56,2131905.95,1704.14,56.9,0.73,5.76
Wheat,2016,Summer,Karnataka,404410.04,2038226.6,815.26,37.46,4.17,5.04
Maize,2016,Rabi,Karnataka,15796.65,102678.22,1351.18,167.26,3.47,6.5
Maize,2016,Kharif,Karnataka,110529.09,502907.36,525.52,99.88,3.05,4.55
Cotton(lint),2016,Kharif,Karnataka,299776.83,1369980.11,1646.66,172.16,2.57,4.57
Cotton(lint),2016,Whole Year,Karnataka,202510.71,646009.16,845.58,50.76,2.56,3.19
Sugarcane,2016,Rabi,Karnataka,156099.08,18493058.01,1086.84,184.44,0.92,118.47
Sugarcane,2016,Kharif,Karnataka,361038.13,42620551.25,1925.19,63.32,0.79,118.05
Soybean,2016,Rabi,Karnataka,317326.73,986886.13,1734.02,73.51,3.85,3.11
Soybean,2016,Whole Year,Karnataka,244367.72,1065443.26,1954.04,233.09,3.42,4.36
Groundnut,2016,Kharif,Karnataka,13810.98,57453.68,697.59,161.67,2.53,4.16
Groundnut,2016,Summer,Karnataka,204998.07,811792.36,478.98,190.33,3.69,3.96
Rapeseed &Mustard,2016,Whole Year,Karnataka,274864.58,846582.91,1287.37,205.96,4.07,3.08
Rapeseed &Mustard,2016,Rabi,Karnataka,425363.99,1535564.0,1723.07,164.43,3.41,3.61
Gram,2016,Rabi,Karnataka,45134.21,161580.47,1914.29,107.9,1.5,3.58
Gram,2016,Summer,Karnataka,17177.46,60979.98,2016.74,231.28,1.99,3.55
Arhar/Tur,2016,Summer,Karnataka,245017.33,539038.13,669.29,195.24,1.52,2.2
Arhar/Tur,2016,Whole Year,Karnataka,415229.49,905200.29,935.27,220.17,0.43,2.18
Moong(Green Gram),2016,Whole Year,Karnataka,298520.18,716448.43,2187.49,184.66,3.07,2.4
Moong(Green Gram),2016,Summer,Karnataka,425720.53,570465.51,698.07,35.39,3.2,1.34
Potato,2016,Kharif,Karnataka,397393.87,12847743.82,933.23,93.02,3.39,32.33
Potato,2016,Summer,Karnataka,240884.39,8546578.16,940.22,192.98,1.54,35.48
Onion,2016,Whole Year,Karnataka,51578.43,1399322.81,873.78,138.24,3.86,27.13
Onion,2016,Kharif,Karnataka,398173.09,8672209.9,476.25,74.59,3.18,21.78
Tomato,2016,Whole Year,Karnataka,185156.39,7506240.05,2162.04,105.6,3.45,40.54
Tomato,2016,Kharif,Karnataka,374958.94,16344460.19,1772.65,202.33,1.49,43.59
Banana,2016,Kharif,Karnataka,432065.99,31182202.5,1654.97,198.7,2.02,72.17
Banana,2016,Whole Year,Karnataka,5903.26,444043.22,2119.66,134.53,3.8,75.22
Rice,2016,Kharif,Madhya Pradesh,201533.45,1374458.13,1731.39,238.78,1.33,6.82
Rice,2016,Summer,Madhya Pradesh,246993.02,1916665.84,1973.47,102.99,0.51,7.76
Wheat,2016,Whole Year,Madhya Pradesh,22483.76,110395.26,555.62,34.55,3.16,4.91
Wheat,2016,Rabi,Madhya Pradesh,224590.54,1419412.21,799.28,199.08,1.47,6.32
Maize,2016,Summer,Madhya Pradesh,119372.31,663710.04,2140.47,94.78,1.76,5.56
Maize,2016,Kharif,Madhya Pradesh,367940.73,2126697.42,1977.17,32.32,3.02,5.78
Cotton(lint),2016,Summer,Madhya Pradesh,261063.84,1169566.0,1678.6,171.86,1.89,4.48
Cotton(lint),2016,Whole Year,Madhya Pradesh,400749.07,1254344.59,1243.7,71.09,0.6,3.13
Sugarcane,2016,Summer,Madhya Pradesh,334066.11,31442302.27,426.81,223.24,1.71,94.12
Sugarcane,2016,Whole Year,Madhya Pradesh,329917.26,32800373.99,1195.52,189.18,2.39,99.42
Soybean,2016,Summer,Madhya Pradesh,189785.93,478260.54,464.45,118.73,0.5,2.52
Soybean,2016,Rabi,Madhya Pradesh,290896.31,846508.26,919.96,77.42,3.24,2.91
Groundnut,2016,Summer,Madhya Pradesh,309026.17,1202111.8,844.03,122.37,4.34,3.89
Groundnut,2016,Rabi,Madhya Pradesh,325237.41,1600168.06,1704.4,154.29,0.81,4.92
Rapeseed &Mustard,2016,Kharif,Madhya Pradesh,168598.77,421496.92,869.77,43.2,3.6,2.5
Rapeseed &Mustard,2016,Summer,Madhya Pradesh,226689.29,999699.77,2172.98,232.13,1.37,4.41
Gram,2016,Rabi,Madhya Pradesh,114290.51,289154.99,802.46,231.12,1.76,2.53
Gram,2016,Summer,Madhya Pradesh,184296.88,582378.14,1952.12,105.06,2.64,3.16
Arhar/Tur,2016,Rabi,Madhya Pradesh,259296.49,500442.23,963.61,123.26,1.73,1.93
Arhar/Tur,2016,Summer,Madhya Pradesh,50806.16,130571.83,1522.65,173.65,2.94,2.57
Moong(Green Gram),2016,Kharif,Madhya Pradesh,294223.77,650234.53,1887.41,216.78,2.69,2.21
Moong(Green Gram),2016,Rabi,Madhya Pradesh,155828.66,254000.72,1371.95,71.23,4.3,1.63
Potato,2016,Whole Year,Madhya Pradesh,367333.11,10615926.88,1806.3,138.64,1.63,28.9
Potato,2016,Summer,Madhya Pradesh,414028.21,11526545.37,532.36,231.02,1.13,27.84
Onion,2016,Rabi,Madhya Pradesh,293994.11,7876102.21,1094.63,141.46,3.01,26.79
Onion,2016,Summer,Madhya Pradesh,207677.39,4606284.51,879.86,40.28,0.57,22.18
Tomato,2016,Whole Year,Madhya Pradesh,68303.48,2816835.52,2160.67,152.74,1.03,41.24
Tomato,2016,Rabi,Madhya Pradesh,390682.76,12169767.97,562.25,79.6,0.59,31.15
Banana,2016,Whole Year,Madhya Pradesh,428845.81,28239496.59,1225.64,141.32,3.66,65.85
Banana,2016,Summer,Madhya Pradesh,187932.52,15354086.88,1826.39,229.13,0.24,81.7
Rice,2016,Rabi,Maharashtra,350572.08,2625784.88,2003.5,135.49,3.55,7.49
Rice,2016,Whole Year,Maharashtra,286471.87,1443818.22,1283.2,54.54,3.36,5.04
Wheat,2016,Summer,Maharashtra,319447.27,1740987.62,945.79,49.6,1.54,5.45
Wheat,2016,Rabi,Maharashtra,410850.19,2506186.16,1081.96,108.23,1.95,6.1
Maize,2016,Summer,Maharashtra,27885.98,156719.21,639.23,229.7,2.09,5.62
Maize,2016,Kharif,Maharashtra,90271.47,427886.77,412.31,189.26,0.87,4.74
Cotton(lint),2016,Rabi,Maharashtra,246480.75,1121487.41,1564.41,223.05,1.81,4.55
Cotton(lint),2016,Summer,Maharashtra,181556.33,613660.4,1561.03,30.96,3.87,3.38
Sugarcane,2016,Rabi,Maharashtra,359807.61,32864827.1,977.6,137.56,3.4,91.34
Sugarcane,2016,Kharif,Maharashtra,305916.01,31157545.62,1870.89,32.69,2.62,101.85
Soybean,2016,Whole Year,Maharashtra,87687.79,323567.95,1159.48,177.15,2.98,3.69
Soybean,2016,Summer,Maharashtra,54903.17,206435.92,1339.89,182.35,2.94,3.76
Groundnut,2016,Rabi,Maharashtra,374224.52,1930998.52,1745.88,167.68,0.94,5.16
Groundnut,2016,Whole Year,Maharashtra,402914.16,1664035.48,832.63,196.93,1.06,4.13
Rapeseed &Mustard,2016,Rabi,Maharashtra,64387.88,245317.82,1952.01,134.41,0.3,3.81
Rapeseed &Mustard,2016,Kharif,Maharashtra,63883.83,194845.68,1624.2,70.31,1.26,3.05
Gram,2016,Kharif,Maharashtra,338877.2,593035.1,824.75,60.62,0.38,1.75
Gram,2016,Whole Year,Maharashtra,444033.86,1163368.71,849.7,211.97,1.56,2.62
Arhar/Tur,2016,Kharif,Maharashtra,215405.67,519127.66,1002.02,215.67,0.52,2.41
Arhar/Tur,2016,Rabi,Maharashtra,40315.66,70149.25,764.18,51.56,2.44,1.74
Moong(Green Gram),2016,Summer,Maharashtra,82996.94,148564.52,1051.69,118.42,1.64,1.79
Moong(Green Gram),2016,Rabi,Maharashtra,345337.85,849531.11,2027.43,154.98,2.84,2.46
Potato,2016,Rabi,Maharashtra,42554.71,1306004.05,605.8,92.61,3.73,30.69
Potato,2016,Kharif,Maharashtra,130346.94,4678151.68,1990.24,119.95,0.94,35.89
Onion,2016,Rabi,Maharashtra,385906.27,12129034.07,1792.41,170.95,1.86,31.43
Onion,2016,Summer,Maharashtra,47997.15,1355919.49,1300.27,202.26,4.49,28.25
Tomato,2016,Summer,Maharashtra,364992.06,14749329.14,1244.31,222.32,3.51,40.41
Tomato,2016,Kharif,Maharashtra,16626.07,574098.2,970.17,75.63,3.26,34.53
Banana,2016,Summer,Maharashtra,366451.6,16376722.0,418.75,77.03,3.24,44.69
Banana,2016,Rabi,Maharashtra,392591.16,27987823.8,2051.2,229.08,1.37,71.29
Rice,2016,Rabi,Odisha,166705.49,793518.13,699.21,169.86,2.84,4.76
Rice,2016,Summer,Odisha,111314.79,819276.85,1817.3,174.92,3.96,7.36
Wheat,2016,Rabi,Odisha,43348.97,227582.09,736.66,169.33,2.25,5.25
Wheat,2016,Whole Year,Odisha,296233.93,1730006.15,718.53,144.18,4.32,5.84
Maize,2016,Rabi,Odisha,340326.91,1950073.19,1586.98,106.69,2.4,5.73
Maize,2016,Kharif,Odisha,227355.56,1466443.36,1468.21,224.81,1.89,6.45
Cotton(lint),2016,Kharif,Odisha,397932.21,1500204.43,1276.63,122.14,1.95,3.77
Cotton(lint),2016,Whole Year,Odisha,272241.28,933787.59,1239.58,218.3,1.57,3.43
Sugarcane,2016,Summer,Odisha,303071.95,32537804.55,1447.92,225.87,2.89,107.36
Sugarcane,2016,Whole Year,Odisha,77900.96,7285297.78,873.47,143.99,0.74,93.52
Soybean,2016,Whole Year,Odisha,349918.85,1417171.34,1302.13,194.47,1.56,4.05
Soybean,2016,Rabi,Odisha,76048.88,231188.6,892.52,166.93,3.02,3.04
Groundnut,2016,Kharif,Odisha,217183.68,1272696.36,1986.38,184.54,1.55,5.86
Groundnut,2016,Summer,Odisha,402556.45,1300257.33,721.68,138.08,0.71,3.23
Rapeseed &Mustard,2016,Rabi,Odisha,222863.46,670819.01,633.85,236.31,0.24,3.01
Rapeseed &Mustard,2016,Summer,Odisha,140356.11,255448.12,525.61,32.22,1.42,1.82
Gram,2016,Summer,Odisha,45401.94,95798.09,1209.78,98.51,1.41,2.11
Gram,2016,Kharif,Odisha,217144.24,605832.43,558.66,198.49,2.27,2.79
Arhar/Tur,2016,Summer,Odisha,139819.36,306204.4,1785.36,34.67,2.26,2.19
Arhar/Tur,2016,Kharif,Odisha,81443.72,171031.81,1530.17,72.46,2.56,2.1
Moong(Green Gram),2016,Kharif,Odisha,29137.18,46036.74,984.7,108.06,2.27,1.58
Moong(Green Gram),2016,Summer,Odisha,196378.91,435961.18,2105.13,226.6,2.63,2.22
Potato,2016,Rabi,Odisha,374042.11,12608959.53,1708.11,56.58,3.06,33.71
Potato,2016,Kharif,Odisha,118778.16,4342529.53,1552.54,159.84,1.86,36.56
Onion,2016,Kharif,Odisha,120771.46,3788600.7,2004.85,207.58,1.93,31.37
Onion,2016,Summer,Odisha,81795.68,1792143.35,656.92,112.55,0.63,21.91
Tomato,2016,Kharif,Odisha,436363.36,14456718.12,1259.79,31.29,2.76,33.13
Tomato,2016,Whole Year,Odisha,90133.44,3303390.58,1343.79,123.9,3.06,36.65
Banana,2016,Summer,Odisha,97290.57,6929034.4,1205.03,235.09,3.73,71.22
Banana,2016,Rabi,Odisha,161852.93,11125770.41,2197.2,88.72,2.74,68.74
Rice,2016,Rabi,Punjab,351445.39,2597181.43,1324.02,197.05,0.26,7.39
Rice,2016,Summer,Punjab,207690.69,1636602.64,1196.65,213.36,4.35,7.88
Wheat,2016,Whole Year,Punjab,292909.54,2073799.54,1305.11,148.8,0.4,7.08
Wheat,2016,Kharif,Punjab,151054.08,1222027.51,811.04,228.65,0.93,8.09
Maize,2016,Rabi,Punjab,46105.09,260032.71,583.27,145.14,3.0,5.64
Maize,2016,Whole Year,Punjab,42916.02,286679.01,1483.78,209.57,3.37,6.68
Cotton(lint),2016,Rabi,Punjab,298489.27,1570053.56,1867.45,170.64,4.45,5.26
Cotton(lint),2016,Kharif,Punjab,165412.36,891572.62,1627.88,153.95,2.91,5.39
Sugarcane,2016,Whole Year,Punjab,251364.41,37443242.51,1910.71,190.21,0.71,148.96
Sugarcane,2016,Summer,Punjab,317870.64,37705815.32,2115.29,221.72,0.45,118.62
Soybean,2016,Summer,Punjab,432366.11,1876468.92,1653.06,69.18,0.88,4.34
Soybean,2016,Kharif,Punjab,374141.31,1747239.92,2025.98,112.43,3.83,4.67
Groundnut,2016,Kharif,Punjab,24129.52,121854.08,854.91,206.67,4.29,5.05
Groundnut,2016,Summer,Punjab,282282.98,1445288.86,1148.5,198.59,1.47,5.12
Rapeseed &Mustard,2016,Kharif,Punjab,176024.07,415416.81,644.65,44.06,3.59,2.36
Rapeseed &Mustard,2016,Whole Year,Punjab,403354.32,1657786.26,1139.54,179.16,4.11,4.11
Gram,2016,Summer,Punjab,382685.78,1083000.76,738.97,177.78,0.34,2.83
Gram,2016,Whole Year,Punjab,365944.85,1127110.14,1466.39,152.15,3.42,3.08
Arhar/Tur,2016,Kharif,Punjab,207353.18,574368.31,1598.61,65.96,0.44,2.77
Arhar/Tur,2016,Rabi,Punjab,16338.09,42315.65,1028.87,169.34,0.76,2.59
Moong(Green Gram),2016,Whole Year,Punjab,244844.25,472549.4,1080.85,200.93,3.63,1.93
Moong(Green Gram),2016,Kharif,Punjab,190382.22,373149.15,1554.37,69.94,3.52,1.96
Potato,2016,Whole Year,Punjab,158581.16,7835495.12,1486.5,185.28,3.72,49.41
Potato,2016,Summer,Punjab,412342.06,18110063.28,2057.48,177.85,2.94,43.92
Onion,2016,Summer,Punjab,56071.53,1756160.32,1274.28,63.48,2.68,31.32
Onion,2016,Whole Year,Punjab,16873.81,533887.35,503.91,53.8,0.86,31.64
Tomato,2016,Rabi,Punjab,212075.15,9352514.12,1923.93,48.7,1.88,44.1
Tomato,2016,Summer,Punjab,48201.21,1515446.04,584.79,117.45,0.34,31.44
Banana,2016,Rabi,Punjab,368026.8,26807072.11,596.68,117.22,2.04,72.84
Banana,2016,Kharif,Punjab,98566.01,6769513.57,585.26,159.74,0.95,68.68
Rice,2016,Summer,Rajasthan,17588.94,119077.12,2043.56,219.06,0.66,6.77
Rice,2016,Rabi,Rajasthan,307694.59,2030784.29,1485.43,56.11,3.04,6.6
Wheat,2016,Kharif,Rajasthan,337058.05,1981901.33,1898.36,80.68,4.47,5.88
Wheat,2016,Whole Year,Rajasthan,314367.81,2496080.41,1939.95,231.43,2.24,7.94
Maize,2016,Kharif,Rajasthan,204913.2,1239724.86,2016.74,133.02,2.15,6.05
Maize,2016,Rabi,Rajasthan,43233.4,236054.36,777.23,196.17,3.11,5.46
Cotton(lint),2016,Rabi,Rajasthan,152244.21,514585.43,1869.17,41.94,1.63,3.38
Cotton(lint),2016,Kharif,Rajasthan,392229.78,1537540.74,1329.53,92.02,3.3,3.92
Sugarcane,2016,Kharif,Rajasthan,148258.37,11449993.92,792.48,111.59,1.54,77.23
Sugarcane,2016,Whole Year,Rajasthan,252557.28,26377082.32,1220.39,198.22,2.04,104.44
Soybean,2016,Whole Year,Rajasthan,272373.94,623736.32,417.65,179.93,1.21,2.29
Soybean,2016,Summer,Rajasthan,380966.88,910510.84,583.77,170.05,4.42,2.39
Groundnut,2016,Whole Year,Rajasthan,380863.02,1694840.44,2025.86,76.79,0.46,4.45
Groundnut,2016,Summer,Rajasthan,342771.36,1347091.44,1317.99,125.67,2.71,3.93
Rapeseed &Mustard,2016,Kharif,Rajasthan,312778.5,1066574.69,2068.22,74.8,3.8,3.41
Rapeseed &Mustard,2016,Summer,Rajasthan,226328.95,547716.06,1350.29,78.71,3.1,2.42
Gram,2016,Kharif,Rajasthan,182320.16,320883.48,494.43,161.9,2.86,1.76
Gram,2016,Summer,Rajasthan,413924.88,852685.25,1135.57,122.98,1.29,2.06
Arhar/Tur,2016,Kharif,Rajasthan,316898.17,773231.53,1628.49,97.73,2.23,2.44
Arhar/Tur,2016,Whole Year,Rajasthan,379203.46,830455.58,2018.39,66.51,3.19,2.19
Moong(Green Gram),2016,Kharif,Rajasthan,332550.58,412362.72,653.6,103.0,2.95,1.24
Moong(Green Gram),2016,Whole Year,Rajasthan,39761.75,71571.15,1806.62,62.75,0.94,1.8
Potato,2016,Summer,Rajasthan,436436.46,10016216.76,422.62,105.35,0.53,22.95
Potato,2016,Rabi,Rajasthan,329958.3,11142691.79,1275.48,118.07,1.7,33.77
Onion,2016,Whole Year,Rajasthan,164360.25,3584697.05,721.59,99.61,4.29,21.81
Onion,2016,Kharif,Rajasthan,447311.4,14143986.47,1720.45,138.76,3.66,31.62
Tomato,2016,Rabi,Rajasthan,316420.56,13647218.75,2020.99,159.81,1.87,43.13
Tomato,2016,Kharif,Rajasthan,277668.08,13247544.1,1929.71,221.2,0.98,47.71
Banana,2016,Rabi,Rajasthan,310345.21,21854509.69,2167.35,110.88,3.26,70.42
Banana,2016,Kharif,Rajasthan,386183.86,22124473.34,2024.08,31.15,1.48,57.29
Rice,2016,Whole Year,Tamil Nadu,223204.61,1403957.0,860.63,181.92,1.36,6.29
Rice,2016,Summer,Tamil Nadu,165572.26,1225234.72,1520.03,157.12,0.54,7.4
Wheat,2016,Whole Year,Tamil Nadu,252856.35,1514609.54,951.85,38.76,1.47,5.99
Wheat,2016,Summer,Tamil Nadu,48248.05,309270.0,993.0,69.76,0.3,6.41
Maize,2016,Rabi,Tamil Nadu,153777.58,1057989.75,1634.94,130.34,0.55,6.88
Maize,2016,Whole Year,Tamil Nadu,148192.0,935091.52,1313.77,190.99,3.43,6.31
Cotton(lint),2016,Whole Year,Tamil Nadu,298862.27,1368789.2,1028.49,179.42,2.71,4.58
Cotton(lint),2016,Summer,Tamil Nadu,300842.31,1074007.05,409.75,211.68,1.91,3.57
Sugarcane,2016,Whole Year,Tamil Nadu,262659.93,29118479.84,620.52,216.76,2.87,110.86
Sugarcane,2016,Kharif,Tamil Nadu,282850.72,34340905.92,2072.13,90.11,1.23,121.41
Soybean,2016,Summer,Tamil Nadu,176822.8,694913.6,1953.18,166.81,4.03,3.93
Soybean,2016,Rabi,Tamil Nadu,376474.86,1498369.94,1719.13,71.74,4.24,3.98
Groundnut,2016,Summer,Tamil Nadu,370050.86,1990873.63,1821.31,198.04,0.61,5.38
Groundnut,2016,Whole Year,Tamil Nadu,12043.28,51424.81,791.93,130.65,3.39,4.27
Rapeseed &Mustard,2016,Rabi,Tamil Nadu,158511.37,370916.61,997.08,35.02,3.51,2.34
Rapeseed &Mustard,2016,Summer,Tamil Nadu,310063.69,954996.17,855.16,220.89,2.51,3.08
Gram,2016,Rabi,Tamil Nadu,58567.15,212013.08,1440.71,196.42,2.49,3.62
Gram,2016,Summer,Tamil Nadu,121922.58,342602.45,1028.44,238.38,2.94,2.81
Arhar/Tur,2016,Rabi,Tamil Nadu,256617.81,541463.58,917.54,95.34,3.78,2.11
Arhar/Tur,2016,Summer,Tamil Nadu,306676.81,653221.61,633.82,225.79,1.32,2.13
Moong(Green Gram),2016,Kharif,Tamil Nadu,429353.36,751368.38,808.94,94.02,0.36,1.75
Moong(Green Gram),2016,Rabi,Tamil Nadu,412130.41,638802.14,825.69,85.82,1.15,1.55
Potato,2016,Summer,Tamil Nadu,29928.46,1227066.86,2105.9,100.96,2.12,41.0
Potato,2016,Kharif,Tamil Nadu,131497.24,4155312.78,435.68,96.44,4.43,31.6
Onion,2016,Rabi,Tamil Nadu,21072.47,602672.64,590.07,122.5,2.25,28.6
Onion,2016,Kharif,Tamil Nadu,69417.42,2027682.84,807.06,89.99,0.73,29.21
Tomato,2016,Summer,Tamil Nadu,28159.35,1229437.22,1936.59,217.18,1.68,43.66
Tomato,2016,Rabi,Tamil Nadu,333852.68,15707768.59,703.96,151.8,4.03,47.05
Banana,2016,Whole Year,Tamil Nadu,248365.07,17549475.85,2111.44,84.33,3.89,70.66
Banana,2016,Rabi,Tamil Nadu,96372.76,5966437.57,1954.46,71.04,3.89,61.91
Rice,2016,Kharif,Telangana,299800.35,1618921.89,1274.3,32.51,0.68,5.4
Rice,2016,Summer,Telangana,389750.4,2069574.62,960.39,48.62,3.47,5.31
Wheat,2016,Whole Year,Telangana,207178.19,1112546.88,1774.15,48.71,0.45,5.37
Wheat,2016,Summer,Telangana,2705.83,14503.25,729.93,75.94,1.44,5.36
Maize,2016,Kharif,Telangana,305904.86,1563173.83,433.11,200.92,1.23,5.11
Maize,2016,Whole Year,Telangana,184656.96,1222429.08,1934.64,109.53,4.11,6.62
Cotton(lint),2016,Whole Year,Telangana,447049.46,2038545.54,1689.77,144.84,2.49,4.56
Cotton(lint),2016,Rabi,Telangana,45005.74,145368.54,774.1,68.62,2.43,3.23
Sugarcane,2016,Summer,Telangana,230458.11,24287980.21,1358.52,114.69,3.88,105.39
Sugarcane,2016,Kharif,Telangana,172645.02,19997472.67,1670.71,96.92,0.49,115.83
Soybean,2016,Rabi,Telangana,93615.95,255571.54,433.14,181.94,3.87,2.73
Soybean,2016,Kharif,Telangana,292055.25,788549.18,934.47,60.23,2.39,2.7
Groundnut,2016,Kharif,Telangana,92195.23,387219.97,1288.98,126.16,2.72,4.2
Groundnut,2016,Rabi,Telangana,72583.48,389047.45,1840.09,99.87,1.43,5.36
Rapeseed &Mustard,2016,Whole Year,Telangana,411775.1,1120028.27,647.4,135.66,0.6,2.72
Rapeseed &Mustard,2016,Rabi,Telangana,435548.82,1332779.39,1655.74,55.41,2.29,3.06
Gram,2016,Whole Year,Telangana,418157.1,794498.49,663.03,73.96,1.92,1.9
Gram,2016,Kharif,Telangana,236263.22,583570.15,1365.81,38.95,4.3,2.47
Arhar/Tur,2016,Summer,Telangana,379926.64,847236.41,1602.96,63.22,1.23,2.23
Arhar/Tur,2016,Kharif,Telangana,368577.8,969359.61,914.69,227.29,4.13,2.63
Moong(Green Gram),2016,Summer,Telangana,421576.06,758836.91,1194.78,141.72,2.91,1.8
Moong(Green Gram),2016,Rabi,Telangana,24628.9,51474.4,1958.06,76.17,2.71,2.09
Potato,2016,Summer,Telangana,292595.02,12739587.17,2015.48,126.49,0.24,43.54
Potato,2016,Rabi,Telangana,234912.0,9189757.44,1640.75,97.95,0.84,39.12
Onion,2016,Rabi,Telangana,209850.62,7384643.32,1469.88,226.53,2.21,35.19
Onion,2016,Whole Year,Telangana,409944.14,11527629.22,1038.35,154.32,4.34,28.12
Tomato,2016,Kharif,Telangana,142971.55,5514412.68,813.06,109.79,2.75,38.57
Tomato,2016,Whole Year,Telangana,388537.88,16198144.22,793.76,163.72,0.63,41.69
Banana,2016,Rabi,Telangana,13388.61,1117815.05,2149.24,235.93,1.31,83.49
Banana,2016,Summer,Telangana,134662.49,8404286.0,741.11,159.44,2.62,62.41
Rice,2016,Whole Year,Uttar Pradesh,145462.96,1022604.61,1117.36,204.1,2.01,7.03
Rice,2016,Kharif,Uttar Pradesh,176657.78,1029914.86,520.67,150.36,1.76,5.83
Wheat,2016,Kharif,Uttar Pradesh,208905.89,1516656.76,1753.77,113.62,0.85,7.26
Wheat,2016,Summer,Uttar Pradesh,360785.32,2060084.18,770.35,112.17,4.19,5.71
Maize,2016,Rabi,Uttar Pradesh,219928.91,1231601.9,1766.33,116.49,4.44,5.6
Maize,2016,Whole Year,Uttar Pradesh,392008.38,2234447.77,1111.91,212.89,0.32,5.7
Cotton(lint),2016,Kharif,Uttar Pradesh,194378.46,820277.1,1139.99,155.25,2.81,4.22
Cotton(lint),2016,Summer,Uttar Pradesh,259745.14,1132488.81,1763.73,185.53,3.87,4.36
Sugarcane,2016,Whole Year,Uttar Pradesh,60741.51,5118687.05,995.51,39.44,1.11,84.27
Sugarcane,2016,Kharif,Uttar Pradesh,400277.8,41600871.75,1678.56,35.82,3.97,103.93
Soybean,2016,Rabi,Uttar Pradesh,141917.5,370404.67,874.24,48.36,2.31,2.61
Soybean,2016,Whole Year,Uttar Pradesh,114020.52,356884.23,1257.58,117.86,1.51,3.13
Groundnut,2016,Summer,Uttar Pradesh,375244.45,1741134.25,1598.41,120.96,4.09,4.64
Groundnut,2016,Rabi,Uttar Pradesh,69608.75,238061.92,547.0,96.96,2.07,3.42
Rapeseed &Mustard,2016,Whole Year,Uttar Pradesh,8571.35,24685.49,1170.92,116.31,4.27,2.88
Rapeseed &Mustard,2016,Summer,Uttar Pradesh,64445.97,195271.29,1336.26,112.09,3.44,3.03
Gram,2016,Whole Year,Uttar Pradesh,281282.66,734147.74,1326.21,93.02,2.97,2.61
Gram,2016,Summer,Uttar Pradesh,428328.75,1250719.95,1449.06,126.96,3.61,2.92
Arhar/Tur,2016,Summer,Uttar Pradesh,210090.27,409676.03,937.23,107.97,0.54,1.95
Arhar/Tur,2016,Rabi,Uttar Pradesh,358252.75,623359.79,728.5,102.79,0.48,1.74
Moong(Green Gram),2016,Summer,Uttar Pradesh,200193.73,340329.34,890.48,90.35,3.21,1.7
Moong(Green Gram),2016,Kharif,Uttar Pradesh,546.02,1070.2,2065.32,41.23,0.93,1.96
Potato,2016,Kharif,Uttar Pradesh,424420.89,17380035.45,1910.27,164.35,1.0,40.95
Potato,2016,Whole Year,Uttar Pradesh,120448.07,5212992.47,1849.16,214.2,3.2,43.28
Onion,2016,Rabi,Uttar Pradesh,46752.53,1284759.52,516.58,182.17,2.95,27.48
Onion,2016,Whole Year,Uttar Pradesh,238745.98,7465586.79,1672.63,97.91,0.36,31.27
Tomato,2016,Summer,Uttar Pradesh,170527.2,5809861.7,881.38,131.09,3.79,34.07
Tomato,2016,Kharif,Uttar Pradesh,172508.29,7186695.36,1577.66,70.79,0.64,41.66
Banana,2016,Kharif,Uttar Pradesh,158716.92,12762427.54,2087.62,55.26,3.72,80.41
Banana,2016,Summer,Uttar Pradesh,76952.02,4405503.15,672.47,64.18,3.07,57.25
Rice,2016,Kharif,West Bengal,294568.09,1879344.41,1987.52,59.29,0.75,6.38
Rice,2016,Whole Year,West Bengal,50235.31,310454.22,1620.97,74.9,3.07,6.18
Wheat,2016,Rabi,West Bengal,46855.52,413265.69,2059.71,202.28,3.08,8.82
Wheat,2016,Whole Year,West Bengal,195141.27,932775.27,409.43,63.13,2.07,4.78
Maize,2016,Rabi,West Bengal,158774.85,879612.67,1478.95,130.65,1.12,5.54
Maize,2016,Whole Year,West Bengal,294345.57,1925020.03,1090.63,177.04,3.07,6.54
Cotton(lint),2016,Summer,West Bengal,173085.0,766766.55,1749.72,179.69,2.68,4.43
Cotton(lint),2016,Kharif,West Bengal,79124.41,311750.18,1362.54,103.1,0.28,3.94
Sugarcane,2016,Summer,West Bengal,111717.69,11041059.3,673.14,126.26,4.01,98.83
Sugarcane,2016,Rabi,West Bengal,432777.85,42377607.07,1546.81,122.39,3.28,97.92
Soybean,2016,Whole Year,West Bengal,382279.75,1169776.03,1157.66,196.1,3.86,3.06
Soybean,2016,Summer,West Bengal,316033.06,1400026.46,2028.04,234.15,1.45,4.43
Groundnut,2016,Summer,West Bengal,352824.95,2000517.47,1660.77,179.88,0.38,5.67
Groundnut,2016,Rabi,West Bengal,420336.21,1664531.39,813.04,151.63,3.66,3.96
Rapeseed &Mustard,2016,Rabi,West Bengal,172532.84,779848.44,1879.86,196.14,4.43,4.52
Rapeseed &Mustard,2016,Summer,West Bengal,385595.85,1106660.09,798.21,160.32,2.56,2.87
Gram,2016,Kharif,West Bengal,365850.28,735359.06,960.06,75.43,3.66,2.01
Gram,2016,Rabi,West Bengal,151899.93,340255.84,519.44,192.36,3.28,2.24
Arhar/Tur,2016,Whole Year,West Bengal,168223.36,435698.5,931.66,211.08,2.02,2.59
Arhar/Tur,2016,Summer,West Bengal,151474.4,239329.55,781.33,35.71,4.37,1.58
Moong(Green Gram),2016,Rabi,West Bengal,92163.19,155755.79,558.3,169.23,2.02,1.69
Moong(Green Gram),2016,Summer,West Bengal,93806.64,157595.16,1316.23,94.3,4.21,1.68
Potato,2016,Kharif,West Bengal,407967.31,14221740.43,1474.25,136.62,3.74,34.86
Potato,2016,Summer,West Bengal,352716.12,11452692.42,1196.23,115.94,4.01,32.47
Onion,2016,Kharif,West Bengal,276896.04,7091307.58,866.77,109.39,2.1,25.61
Onion,2016,Whole Year,West Bengal,285994.1,7713260.88,784.13,83.04,2.99,26.97
Tomato,2016,Summer,West Bengal,226658.03,9580834.93,2119.0,51.05,1.84,42.27
Tomato,2016,Kharif,West Bengal,227189.51,10166730.57,1795.5,187.35,2.64,44.75
Banana,2016,Summer,West Bengal,14348.5,1028500.48,2044.32,45.45,3.21,71.68
Banana,2016,Kharif,West Bengal,249236.33,17414142.38,1705.48,93.57,3.41,69.87
Rice,2017,Rabi,Andhra Pradesh,146770.97,880625.82,462.89,205.99,2.71,6.0
Rice,2017,Summer,Andhra Pradesh,55831.83,369048.4,1292.32,170.58,0.84,6.61
Wheat,2017,Kharif,Andhra Pradesh,298559.01,2484010.96,1169.61,228.73,1.32,8.32
Wheat,2017,Whole Year,Andhra Pradesh,127067.84,909805.73,1141.04,106.75,0.94,7.16
Maize,2017,Rabi,Andhra Pradesh,47226.74,361284.56,2076.11,149.39,4.46,7.65
Maize,2017,Whole Year,Andhra Pradesh,174062.07,1026966.21,863.57,155.63,3.98,5.9
Cotton(lint),2017,Kharif,Andhra Pradesh,239736.68,1002099.32,1520.94,114.74,3.63,4.18
Cotton(lint),2017,Whole Year,Andhra Pradesh,248817.36,895742.5,972.53,81.62,0.86,3.6
Sugarcane,2017,Summer,Andhra Pradesh,273593.04,32992584.69,2017.65,171.32,2.51,120.59
Sugarcane,2017,Whole Year,Andhra Pradesh,212920.35,23583057.97,1966.8,54.2,4.49,110.76
Soybean,2017,Rabi,Andhra Pradesh,137634.74,385377.27,885.03,54.78,2.77,2.8
Soybean,2017,Whole Year,Andhra Pradesh,413690.97,1551341.14,2077.37,52.66,2.6,3.75
Groundnut,2017,Kharif,Andhra Pradesh,400262.34,1729133.31,1319.69,182.27,1.21,4.32
Groundnut,2017,Summer,Andhra Pradesh,367334.53,1726472.29,1795.5,61.12,0.52,4.7
Rapeseed &Mustard,2017,Summer,Andhra Pradesh,247043.55,975822.02,1362.08,72.62,2.74,3.95
Rapeseed &Mustard,2017,Kharif,Andhra Pradesh,162185.14,591975.76,1909.17,47.72,2.09,3.65
Gram,2017,Kharif,Andhra Pradesh,197387.98,440175.2,736.01,59.11,1.1,2.23
Gram,2017,Summer,Andhra Pradesh,147126.53,389885.3,982.13,148.47,1.73,2.65
Arhar/Tur,2017,Summer,Andhra Pradesh,365804.84,1218130.12,1927.06,205.15,2.8,3.33
Arhar/Tur,2017,Whole Year,Andhra Pradesh,236388.65,437319.0,773.95,126.93,0.67,1.85
Moong(Green Gram),2017,Whole Year,Andhra Pradesh,106533.86,184303.58,882.9,63.08,2.27,1.73
Moong(Green Gram),2017,Kharif,Andhra Pradesh,99780.9,188585.9,1135.64,56.04,3.48,1.89
Potato,2017,Kharif,Andhra Pradesh,311402.62,12907638.6,1511.0,95.47,1.71,41.45
Potato,2017,Whole Year,Andhra Pradesh,183050.51,6428733.91,656.8,126.48,4.34,35.12
Onion,2017,Summer,Andhra Pradesh,75527.04,3071684.72,1866.21,217.72,3.24,40.67
Onion,2017,Kharif,Andhra Pradesh,316338.8,11584326.86,1828.27,222.7,1.76,36.62
Tomato,2017,Kharif,Andhra Pradesh,132475.24,5178457.13,1539.57,44.64,1.49,39.09
Tomato,2017,Rabi,Andhra Pradesh,175769.12,7171380.1,1700.63,170.93,3.64,40.8
Banana,2017,Summer,Andhra Pradesh,173878.8,12300186.31,2042.99,143.45,1.7,70.74
Banana,2017,Whole Year,Andhra Pradesh,267408.22,19066206.09,1447.9,198.0,1.07,71.3
Rice,2017,Whole Year,Assam,133256.32,824856.62,1170.58,232.45,3.01,6.19
Rice,2017,Kharif,Assam,65458.51,347584.69,862.1,83.86,2.71,5.31
Wheat,2017,Rabi,Assam,252486.52,1605814.27,1117.8,235.9,0.36,6.36
Wheat,2017,Summer,Assam,396643.48,2796336.53,2053.96,207.68,1.99,7.05
Maize,2017,Kharif,Assam,293769.4,1888937.24,2087.0,188.53,1.39,6.43
Maize,2017,Summer,Assam,50656.16,305963.21,1691.0,67.64,0.68,6.04
Cotton(lint),2017,Rabi,Assam,87303.3,395483.95,1299.75,238.73,3.13,4.53
Cotton(lint),2017,Whole Year,Assam,77254.57,213995.16,446.23,84.58,4.14,2.77
Sugarcane,2017,Rabi,Assam,64824.74,6665279.77,1069.24,178.2,2.71,102.82
Sugarcane,2017,Kharif,Assam,188235.07,18049860.86,1282.36,115.17,3.31,95.89
Soybean,2017,Whole Year,Assam,152668.41,497699.02,1901.56,41.57,0.36,3.26
Soybean,2017,Summer,Assam,17417.09,39885.14,528.91,94.27,0.63,2.29
Groundnut,2017,Kharif,Assam,245594.33,717135.44,472.56,59.24,2.41,2.92
Groundnut,2017,Rabi,Assam,248939.65,993269.2,1633.65,174.43,3.6,3.99
Rapeseed &Mustard,2017,Whole Year,Assam,31992.89,101737.39,1257.09,223.11,2.3,3.18
Rapeseed &Mustard,2017,Summer,Assam,190943.23,593833.45,992.37,201.19,0.67,3.11
Gram,2017,Kharif,Assam,145506.68,410328.84,2134.21,126.39,1.58,2.82
Gram,2017,Rabi,Assam,431539.13,1018432.35,778.8,141.19,3.36,2.36
Arhar/Tur,2017,Rabi,Assam,250175.11,723006.07,2079.78,171.89,0.32,2.89
Arhar/Tur,2017,Kharif,Assam,249778.22,467085.27,628.87,158.95,3.68,1.87
Moong(Green Gram),2017,Summer,Assam,47425.48,89159.9,1850.1,87.4,1.75,1.88
Moong(Green Gram),2017,Rabi,Assam,445847.83,762399.79,1114.72,170.63,0.72,1.71
Potato,2017,Whole Year,Assam,116900.76,4926198.03,1927.58,198.56,0.63,42.14
Potato,2017,Summer,Assam,322264.39,10902204.31,1701.66,65.59,1.55,33.83
Onion,2017,Rabi,Assam,256483.6,5355377.57,467.66,63.82,1.31,20.88
Onion,2017,Whole Year,Assam,281228.52,7677538.6,1412.79,142.72,1.71,27.3
Tomato,2017,Kharif,Assam,421434.74,18125908.17,2081.93,214.65,3.04,43.01
Tomato,2017,Whole Year,Assam,226995.42,8696194.54,2187.86,121.44,2.46,38.31
Banana,2017,Summer,Assam,398722.1,26431288.01,1780.13,204.21,0.42,66.29
Banana,2017,Whole Year,Assam,305628.77,19966727.54,1741.58,137.99,0.54,65.33
Rice,2017,Summer,Bihar,386995.15,2867634.06,1074.66,238.49,3.13,7.41
Rice,2017,Rabi,Bihar,234995.17,1198475.37,600.95,197.13,2.63,5.1
Wheat,2017,Kharif,Bihar,242491.54,1787162.65,1779.92,237.54,4.0,7.37
Wheat,2017,Whole Year,Bihar,377174.08,1893413.88,704.71,71.6,0.67,5.02
Maize,2017,Summer,Bihar,251986.29,1227173.23,439.77,161.98,2.19,4.87
Maize,2017,Whole Year,Bihar,422510.76,3058977.9,2197.02,145.42,2.61,7.24
Cotton(lint),2017,Rabi,Bihar,128166.78,613918.88,1922.79,236.06,0.72,4.79
Cotton(lint),2017,Kharif,Bihar,177706.93,764139.8,2049.88,168.36,0.37,4.3
Sugarcane,2017,Rabi,Bihar,284492.58,24443602.47,431.11,66.32,1.7,85.92
Sugarcane,2017,Summer,Bihar,155096.24,14931115.02,1174.51,220.11,0.48,96.27
Soybean,2017,Rabi,Bihar,10557.49,43285.71,1787.62,164.66,3.21,4.1
Soybean,2017,Whole Year,Bihar,184596.07,636856.44,1325.35,176.01,2.44,3.45
Groundnut,2017,Kharif,Bihar,436309.98,2308079.79,1877.01,176.71,1.04,5.29
Groundnut,2017,Whole Year,Bihar,446415.96,1758878.88,639.39,180.21,4.41,3.94
Rapeseed &Mustard,2017,Summer,Bihar,438929.11,1246558.67,1385.47,176.8,0.29,2.84
Rapeseed &Mustard,2017,Kharif,Bihar,59494.47,170154.18,1675.48,38.21,4.09,2.86
Gram,2017,Summer,Bihar,127212.57,274779.15,2082.75,35.45,1.13,2.16
Gram,2017,Kharif,Bihar,283311.79,495795.63,746.9,44.81,1.79,1.75
Arhar/Tur,2017,Whole Year,Bihar,317560.65,501745.83,645.85,137.32,1.04,1.58
Arhar/Tur,2017,Kharif,Bihar,24539.11,48832.83,1306.68,68.18,0.89,1.99
Moong(Green Gram),2017,Summer,Bihar,447396.49,841105.4,1043.46,161.68,4.02,1.88
Moong(Green Gram),2017,Rabi,Bihar,256368.64,587084.19,1293.63,199.59,0.42,2.29
Potato,2017,Summer,Bihar,335577.88,10731780.6,610.58,223.89,4.26,31.98
Potato,2017,Whole Year,Bihar,8052.39,292623.85,2086.04,102.23,1.53,36.34
Onion,2017,Kharif,Bihar,330681.7,10766996.15,2034.21,195.07,3.1,32.56
Onion,2017,Summer,Bihar,107016.74,1920950.48,600.71,55.26,2.8,17.95
Tomato,2017,Rabi,Bihar,447962.18,13756918.55,668.96,119.73,3.5,30.71
Tomato,2017,Kharif,Bihar,130283.85,4363206.14,1187.03,105.59,3.53,33.49
Banana,2017,Whole Year,Bihar,382880.07,17937931.28,817.53,130.73,2.98,46.85
Banana,2017,Kharif,Bihar,101690.16,5753629.25,2175.99,129.79,2.49,56.58
Rice,2017,Kharif,Gujarat,97534.75,763697.09,1466.1,230.07,0.55,7.83
Rice,2017,Rabi,Gujarat,444023.22,2655258.86,1002.56,104.67,1.19,5.98
Wheat,2017,Whole Year,Gujarat,1470.97,10693.95,722.04,203.01,3.65,7.27
Wheat,2017,Rabi,Gujarat,228508.74,1387048.05,2028.52,41.85,3.7,6.07
Maize,2017,Rabi,Gujarat,332647.34,2544752.15,1688.42,174.77,1.39,7.65
Maize,2017,Kharif,Gujarat,287097.58,2092941.36,1847.75,174.46,1.38,7.29
Cotton(lint),2017,Rabi,Gujarat,311280.33,1366520.65,1676.97,94.84,3.05,4.39
Cotton(lint),2017,Summer,Gujarat,154843.18,699891.17,1485.43,187.53,4.1,4.52
Sugarcane,2017,Whole Year,Gujarat,91095.78,10725617.14,1600.56,212.05,1.66,117.74
Sugarcane,2017,Summer,Gujarat,325706.61,31547942.24,1067.51,146.5,0.32,96.86
Soybean,2017,Kharif,Gujarat,47984.81,163628.2,1456.09,56.01,0.84,3.41
Soybean,2017,Summer,Gujarat,379326.36,1020387.91,590.32,71.61,3.78,2.69
Groundnut,2017,Summer,Gujarat,445390.68,2703521.43,1955.98,139.3,1.54,6.07
Groundnut,2017,Whole Year,Gujarat,151222.81,740991.77,1787.69,49.48,3.55,4.9
Rapeseed &Mustard,2017,Whole Year,Gujarat,131371.24,525484.96,2101.14,64.0,3.44,4.0
Rapeseed &Mustard,2017,Summer,Gujarat,414170.0,1946599.0,1841.97,190.36,3.59,4.7
Gram,2017,Summer,Gujarat,352091.44,767559.34,808.53,56.94,2.28,2.18
Gram,2017,Kharif,Gujarat,259246.09,650707.69,1733.99,43.32,4.35,2.51
Arhar/Tur,2017,Kharif,Gujarat,305995.84,511013.05,481.26,47.5,0.53,1.67
Arhar/Tur,2017,Whole Year,Gujarat,250168.92,605408.79,1486.43,102.66,0.28,2.42
Moong(Green Gram),2017,Kharif,Gujarat,306326.41,781132.35,2133.82,103.26,1.48,2.55
Moong(Green Gram),2017,Summer,Gujarat,432716.86,904378.24,1365.77,200.61,2.2,2.09
Potato,2017,Whole Year,Gujarat,127779.59,5454910.7,2198.15,98.74,2.02,42.69
Potato,2017,Summer,Gujarat,140712.7,4507027.78,820.81,118.87,3.21,32.03
Onion,2017,Summer,Gujarat,156137.08,4513922.98,840.67,167.4,1.45,28.91
Onion,2017,Rabi,Gujarat,98126.85,2972262.29,879.82,65.83,0.44,30.29
Tomato,2017,Rabi,Gujarat,414610.59,18993311.13,2182.31,177.22,2.41,45.81
Tomato,2017,Whole Year,Gujarat,257819.27,9889947.2,2199.66,56.67,3.61,38.36
Banana,2017,Summer,Gujarat,170672.4,9916066.44,659.41,133.57,0.51,58.1
Banana,2017,Rabi,Gujarat,328010.84,21596233.71,1278.35,126.38,1.04,65.84
Rice,2017,Summer,Haryana,6022.38,48419.94,1277.68,135.93,1.46,8.04
Rice,2017,Kharif,Haryana,302903.78,1968874.57,558.14,198.52,4.2,6.5
Wheat,2017,Rabi,Haryana,243517.23,2116164.73,1978.71,204.06,2.49,8.69
Wheat,2017,Kharif,Haryana,160188.02,1138936.82,1372.2,165.9,2.97,7.11
Maize,2017,Whole Year,Haryana,250073.99,1903063.06,1718.22,118.95,0.37,7.61
Maize,2017,Kharif,Haryana,32606.9,202162.78,707.59,129.99,2.12,6.2
Cotton(lint),2017,Whole Year,Haryana,16224.08,46725.35,466.67,49.93,2.68,2.88
Cotton(lint),2017,Kharif,Haryana,15755.95,84924.57,1675.53,209.62,0.79,5.39
Sugarcane,2017,Whole Year,Haryana,48307.67,6263089.42,1566.7,233.18,3.12,129.65
Sugarcane,2017,Kharif,Haryana,404092.47,42934824.94,769.15,54.76,3.22,106.25
Soybean,2017,Summer,Haryana,114889.91,341223.03,452.87,116.22,0.32,2.97
Soybean,2017,Kharif,Haryana,134338.97,530638.93,2074.04,183.13,1.79,3.95
Groundnut,2017,Kharif,Haryana,259650.28,1368356.98,1386.97,87.51,3.18,5.27
Groundnut,2017,Rabi,Haryana,264102.62,805512.99,435.16,74.22,0.47,3.05
Rapeseed &Mustard,2017,Rabi,Haryana,72304.1,221973.59,999.42,99.26,3.73,3.07
Rapeseed &Mustard,2017,Summer,Haryana,352429.51,1279319.12,1893.24,169.98,1.49,3.63
Gram,2017,Kharif,Haryana,317158.88,640660.94,521.2,39.09,3.19,2.02
Gram,2017,Summer,Haryana,137411.47,502925.98,1619.93,179.51,3.1,3.66
Arhar/Tur,2017,Summer,Haryana,276495.34,707828.07,1798.09,38.72,0.54,2.56
Arhar/Tur,2017,Kharif,Haryana,249920.72,609806.56,1425.13,180.69,1.89,2.44
Moong(Green Gram),2017,Rabi,Haryana,330367.74,789578.9,2130.33,124.21,2.47,2.39
Moong(Green Gram),2017,Whole Year,Haryana,134314.88,283404.4,1095.72,222.72,1.78,2.11
Potato,2017,Rabi,Haryana,84350.35,3241583.95,706.17,198.95,1.28,38.43
Potato,2017,Whole Year,Haryana,399823.93,15297263.56,904.57,175.96,1.9,38.26
Onion,2017,Whole Year,Haryana,320689.28,10749504.67,2176.56,109.19,2.19,33.52
Onion,2017,Rabi,Haryana,327211.19,8199912.42,791.33,68.23,1.82,25.06
Tomato,2017,Kharif,Haryana,430931.93,19878889.93,2028.17,61.74,0.38,46.13
Tomato,2017,Summer,Haryana,232248.99,6656256.05,641.39,56.21,0.4,28.66
Banana,2017,Whole Year,Haryana,421604.76,29955018.2,1439.12,49.45,1.15,71.05
Banana,2017,Summer,Haryana,25843.6,1592224.2,735.56,30.5,0.67,61.61
Rice,2017,Rabi,Karnataka,359473.18,2084944.44,1002.07,109.29,3.25,5.8
Rice,2017,Summer,Karnataka,349249.33,2423790.35,1751.4,97.41,3.45,6.94
Wheat,2017,Kharif,Karnataka,68906.4,461672.88,1918.63,51.29,0.34,6.7
Wheat,2017,Rabi,Karnataka,446903.18,2533941.03,1463.14,56.11,0.99,5.67
Maize,2017,Summer,Karnataka,408939.16,2142841.2,463.83,203.57,2.38,5.24
Maize,2017,Kharif,Karnataka,393941.42,2804862.91,1783.97,207.03,0.96,7.12
Cotton(lint),2017,Kharif,Karnataka,334221.52,1052797.79,676.56,68.27,3.98,3.15
Cotton(lint),2017,Whole Year,Karnataka,63140.19,229830.29,1118.16,89.46,0.24,3.64
Sugarcane,2017,Rabi,Karnataka,300461.46,33258079.01,737.86,229.87,1.01,110.69
Sugarcane,2017,Kharif,Karnataka,168779.51,16018863.29,681.23,64.84,4.44,94.91
Soybean,2017,Whole Year,Karnataka,200505.89,573446.85,405.46,179.31,2.63,2.86
Soybean,2017,Kharif,Karnataka,446788.81,2095439.52,1936.87,230.26,1.61,4.69
Groundnut,2017,Rabi,Karnataka,279252.57,1457698.42,2057.26,79.36,4.41,5.22
Groundnut,2017,Whole Year,Karnataka,35612.86,162394.64,1216.77,181.95,0.34,4.56
Rapeseed &Mustard,2017,Rabi,Karnataka,152300.61,530006.12,1563.97,222.41,0.96,3.48
Rapeseed &Mustard,2017,Kharif,Karnataka,223746.08,807723.35,1372.76,228.28,1.97,3.61
Gram,2017,Summer,Karnataka,168154.55,595267.11,2004.67,196.43,0.53,3.54
Gram,2017,Whole Year,Karnataka,47087.95,136555.05,1416.93,70.43,3.25,2.9
Arhar/Tur,2017,Kharif,Karnataka,88295.18,265768.49,2091.0,196.83,3.68,3.01
Arhar/Tur,2017,Rabi,Karnataka,267212.77,638638.52,1821.58,208.3,0.54,2.39
Moong(Green Gram),2017,Whole Year,Karnataka,167976.98,235167.77,424.62,115.46,1.21,1.4
Moong(Green Gram),2017,Summer,Karnataka,316202.65,543868.56,2133.81,60.24,3.12,1.72
Potato,2017,Rabi,Karnataka,403740.54,15774142.9,667.69,174.17,1.49,39.07
Potato,2017,Whole Year,Karnataka,188107.49,7501726.7,2154.94,57.68,1.88,39.88
Onion,2017,Whole Year,Karnataka,183563.26,5046154.02,574.66,228.96,1.99,27.49
Onion,2017,Summer,Karnataka,97859.76,1908265.32,580.4,61.2,0.92,19.5
Tomato,2017,Kharif,Karnataka,241161.11,9308818.85,1105.54,195.22,2.63,38.6
Tomato,2017,Rabi,Karnataka,263852.92,9802135.98,941.28,133.59,1.15,37.15
Banana,2017,Kharif,Karnataka,147030.57,9546694.91,1283.5,154.85,2.61,64.93
Banana,2017,Rabi,Karnataka,415347.71,28019356.52,1970.26,154.06,2.66,67.46
Rice,2017,Summer,Madhya Pradesh,314976.17,2044195.34,858.69,135.37,0.78,6.49
Rice,2017,Whole Year,Madhya Pradesh,32782.61,240296.53,1867.76,226.86,1.03,7.33
Wheat,2017,Rabi,Madhya Pradesh,103075.03,635972.94,536.85,148.29,0.43,6.17
Wheat,2017,Whole Year,Madhya Pradesh,148527.54,1097618.52,1279.03,225.04,2.23,7.39
Maize,2017,Whole Year,Madhya Pradesh,424355.24,2321223.16,1648.27,135.12,1.04,5.47
Maize,2017,Rabi,Madhya Pradesh,431313.76,2104811.15,612.61,216.93,2.16,4.88
Cotton(lint),2017,Kharif,Madhya Pradesh,380432.05,1734770.15,1093.7,222.11,1.25,4.56
Cotton(lint),2017,Rabi,Madhya Pradesh,123646.33,378357.77,448.55,106.7,0.39,3.06
Sugarcane,2017,Summer,Madhya Pradesh,172034.54,16157484.0,1363.19,32.82,3.56,93.92
Sugarcane,2017,Whole Year,Madhya Pradesh,366405.19,36219153.03,1019.41,218.38,4.01,98.85
Soybean,2017,Whole Year,Madhya Pradesh,197245.77,424078.41,790.63,65.91,3.4,2.15
Soybean,2017,Rabi,Madhya Pradesh,221706.48,775972.68,1389.35,80.28,1.83,3.5
Groundnut,2017,Kharif,Madhya Pradesh,225502.71,807299.7,712.04,112.64,1.86,3.58
Groundnut,2017,Whole Year,Madhya Pradesh,78910.15,412700.08,1911.14,221.98,1.93,5.23
Rapeseed &Mustard,2017,Whole Year,Madhya Pradesh,224124.54,748575.96,1872.55,80.64,3.9,3.34
Rapeseed &Mustard,2017,Rabi,Madhya Pradesh,153958.3,403370.75,692.6,129.79,1.32,2.62
Gram,2017,Summer,Madhya Pradesh,27499.21,59673.29,640.84,137.08,1.21,2.17
Gram,2017,Kharif,Madhya Pradesh,9545.12,28539.91,1205.61,237.09,2.93,2.99
Arhar/Tur,2017,Rabi,Madhya Pradesh,218484.32,452262.54,771.64,166.03,2.71,2.07
Arhar/Tur,2017,Whole Year,Madhya Pradesh,339881.13,904083.81,1453.84,206.85,1.32,2.66
Moong(Green Gram),2017,Whole Year,Madhya Pradesh,62918.87,141567.46,1927.28,227.26,0.44,2.25
Moong(Green Gram),2017,Summer,Madhya Pradesh,164248.47,395838.81,1556.8,200.15,1.38,2.41
Potato,2017,Summer,Madhya Pradesh,203997.62,7225595.7,1926.36,91.89,0.36,35.42
Potato,2017,Kharif,Madhya Pradesh,165268.93,5397683.25,733.81,171.86,0.54,32.66
Onion,2017,Summer,Madhya Pradesh,269260.4,6061051.6,448.98,162.14,3.09,22.51
Onion,2017,Whole Year,Madhya Pradesh,46076.58,1192922.66,963.93,127.69,2.96,25.89
Tomato,2017,Summer,Madhya Pradesh,316294.4,10219472.06,847.02,113.48,4.19,32.31
Tomato,2017,Rabi,Madhya Pradesh,269110.32,12247210.66,1598.45,219.05,2.55,45.51
Banana,2017,Kharif,Madhya Pradesh,198673.01,12870037.59,1525.18,65.74,3.93,64.78
Banana,2017,Rabi,Madhya Pradesh,1682.92,107925.66,1533.98,116.62,2.37,64.13
Rice,2017,Rabi,Maharashtra,258053.73,1540580.77,1593.33,43.21,2.88,5.97
Rice,2017,Whole Year,Maharashtra,48467.24,249606.29,554.7,89.17,3.44,5.15
Wheat,2017,Rabi,Maharashtra,400209.09,2309206.45,1192.34,101.93,0.64,5.77
Wheat,2017,Kharif,Maharashtra,361367.68,2475368.61,1852.61,117.62,1.32,6.85
Maize,2017,Kharif,Maharashtra,185968.66,970756.41,1472.11,42.65,0.95,5.22
Maize,2017,Summer,Maharashtra,167290.36,895003.43,1699.97,84.43,0.45,5.35
Cotton(lint),2017,Summer,Maharashtra,301288.85,1072588.31,764.72,216.39,1.44,3.56
Cotton(lint),2017,Whole Year,Maharashtra,114585.5,319693.54,533.44,91.9,3.9,2.79
Sugarcane,2017,Whole Year,Maharashtra,321211.0,32137160.55,1606.57,36.44,0.99,100.05
Sugarcane,2017,Kharif,Maharashtra,351736.26,38596019.81,1100.79,190.51,0.71,109.73
Soybean,2017,Summer,Maharashtra,124708.95,354173.42,947.56,114.1,1.94,2.84
Soybean,2017,Rabi,Maharashtra,71404.41,269194.63,1527.86,150.07,0.86,3.77
Groundnut,2017,Summer,Maharashtra,421985.01,1890492.84,1789.29,190.51,4.12,4.48
Groundnut,2017,Kharif,Maharashtra,216565.29,1269072.6,1799.03,191.43,2.82,5.86
Rapeseed &Mustard,2017,Rabi,Maharashtra,331872.86,667064.45,440.03,42.64,4.17,2.01
Rapeseed &Mustard,2017,Whole Year,Maharashtra,222264.15,773479.24,1862.36,59.07,3.01,3.48
Gram,2017,Kharif,Maharashtra,408036.61,942564.57,861.44,158.41,0.89,2.31
Gram,2017,Whole Year,Maharashtra,260997.93,712524.35,1022.58,208.95,0.98,2.73
Arhar/Tur,2017,Summer,Maharashtra,34191.53,77614.77,1404.26,54.15,0.32,2.27
Arhar/Tur,2017,Rabi,Maharashtra,270495.79,703289.05,1946.6,46.98,0.65,2.6
Moong(Green Gram),2017,Kharif,Maharashtra,123237.24,272354.3,1728.68,217.82,3.17,2.21
Moong(Green Gram),2017,Rabi,Maharashtra,130304.52,317943.03,1955.42,159.12,1.21,2.44
Potato,2017,Kharif,Maharashtra,93103.34,2402066.17,655.54,64.08,4.45,25.8
Potato,2017,Rabi,Maharashtra,112415.52,3388203.77,501.95,57.71,4.11,30.14
Onion,2017,Kharif,Maharashtra,153963.64,3842932.45,1433.79,62.62,2.27,24.96
Onion,2017,Summer,Maharashtra,47949.59,1108594.52,591.69,232.46,4.41,23.12
Tomato,2017,Rabi,Maharashtra,86509.44,3109149.27,1054.29,154.28,1.63,35.94
Tomato,2017,Whole Year,Maharashtra,279081.13,10085992.04,1582.66,50.87,3.58,36.14
Banana,2017,Summer,Maharashtra,150130.13,9737440.23,787.02,150.07,3.17,64.86
Banana,2017,Whole Year,Maharashtra,432274.68,27207368.36,1424.91,125.88,3.82,62.94
Rice,2017,Kharif,Odisha,380623.12,2691005.46,1717.65,117.39,4.02,7.07
Rice,2017,Rabi,Odisha,285633.34,1193947.36,731.8,89.82,4.14,4.18
Wheat,2017,Kharif,Odisha,172589.88,902645.07,756.77,91.42,2.33,5.23
Wheat,2017,Rabi,Odisha,354576.89,1999813.66,1083.87,81.85,0.3,5.64
Maize,2017,Summer,Odisha,260214.94,1707010.01,2181.22,175.1,3.38,6.56
Maize,2017,Rabi,Odisha,148448.56,789746.34,1066.27,187.14,3.93,5.32
Cotton(lint),2017,Whole Year,Odisha,125289.32,462317.59,1040.98,194.95,4.45,3.69
Cotton(lint),2017,Rabi,Odisha,126450.6,298423.42,479.32,76.04,4.08,2.36
Sugarcane,2017,Kharif,Odisha,384194.39,38258077.36,1535.79,226.15,2.74,99.58
Sugarcane,2017,Whole Year,Odisha,250348.4,23405071.92,2031.67,45.2,2.8,93.49
Soybean,2017,Rabi,Odisha,266322.29,1009361.48,1455.93,212.74,3.88,3.79
Soybean,2017,Whole Year,Odisha,293582.9,1036347.64,1795.98,49.25,1.49,3.53
Groundnut,2017,Summer,Odisha,396299.48,1830903.6,2123.74,111.65,3.97,4.62
Groundnut,2017,Rabi,Odisha,48413.67,213988.42,1628.72,58.65,1.46,4.42
Rapeseed &Mustard,2017,Summer,Odisha,416839.33,1304707.1,1467.83,171.0,1.53,3.13
Rapeseed &Mustard,2017,Rabi,Odisha,385690.57,1234209.82,1106.41,128.34,2.06,3.2
Gram,2017,Summer,Odisha,147610.7,364598.43,1255.05,178.24,4.05,2.47
Gram,2017,Rabi,Odisha,166217.79,418868.83,1390.65,117.68,1.0,2.52
Arhar/Tur,2017,Whole Year,Odisha,166255.0,410649.85,844.98,232.47,1.34,2.47
Arhar/Tur,2017,Summer,Odisha,233819.46,462962.53,991.27,157.32,2.56,1.98
Moong(Green Gram),2017,Whole Year,Odisha,324417.1,395788.86,714.6,63.19,2.59,1.22
Moong(Green Gram),2017,Rabi,Odisha,378591.61,844259.29,1854.32,151.61,2.98,2.23
Potato,2017,Summer,Odisha,226839.4,6587416.18,798.56,109.39,3.87,29.04
Potato,2017,Kharif,Odisha,194560.83,5848498.55,503.85,157.71,1.11,30.06
Onion,2017,Whole Year,Odisha,219885.48,4819889.72,1052.49,108.74,2.05,21.92
Onion,2017,Rabi,Odisha,350553.79,7568456.33,894.07,50.56,1.21,21.59
Tomato,2017,Kharif,Odisha,434838.62,18493686.51,2193.42,157.29,3.57,42.53
Tomato,2017,Whole Year,Odisha,372891.15,14210881.73,1373.3,141.41,4.06,38.11
Banana,2017,Kharif,Odisha,372937.4,19855187.18,512.11,172.93,1.44,53.24
Banana,2017,Summer,Odisha,71589.93,4440723.36,1726.61,185.66,3.82,62.03
Rice,2017,Summer,Punjab,335124.74,2620675.47,1351.43,122.84,0.76,7.82
Rice,2017,Rabi,Punjab,261855.32,1466389.79,563.76,99.78,4.41,5.6
Wheat,2017,Rabi,Punjab,151532.28,959199.33,1713.83,60.92,0.87,6.33
Wheat,2017,Whole Year,Punjab,22674.77,174595.73,2067.64,41.76,3.28,7.7
Maize,2017,Summer,Punjab,222474.36,1826514.5,1054.89,223.88,1.63,8.21
Maize,2017,Whole Year,Punjab,237597.04,1658427.34,1259.65,100.78,4.11,6.98
Cotton(lint),2017,Whole Year,Punjab,153043.97,589219.28,1249.09,93.13,1.32,3.85
Cotton(lint),2017,Summer,Punjab,184081.66,719759.29,894.2,80.11,2.9,3.91
Sugarcane,2017,Kharif,Punjab,46666.93,4828160.58,436.05,50.11,1.57,103.46
Sugarcane,2017,Summer,Punjab,142786.77,16873112.61,1725.48,39.64,1.13,118.17
Soybean,2017,Whole Year,Punjab,138387.44,437304.31,830.4,122.42,1.46,3.16
Soybean,2017,Rabi,Punjab,12054.05,35679.99,1122.54,76.55,1.34,2.96
Groundnut,2017,Summer,Punjab,236392.18,910109.89,615.7,79.34,3.57,3.85
Groundnut,2017,Kharif,Punjab,238918.45,1079911.39,1639.68,37.87,2.72,4.52
Rapeseed &Mustard,2017,Rabi,Punjab,437550.96,1531428.36,1238.71,172.39,2.32,3.5
Rapeseed &Mustard,2017,Kharif,Punjab,386653.77,974367.5,674.79,50.35,1.12,2.52
Gram,2017,Rabi,Punjab,407158.23,936463.93,565.9,124.98,1.82,2.3
Gram,2017,Kharif,Punjab,373145.34,1369443.4,1281.4,213.29,1.35,3.67
Arhar/Tur,2017,Kharif,Punjab,242547.02,519050.62,924.36,60.9,4.48,2.14
Arhar/Tur,2017,Summer,Punjab,401248.52,1376282.42,2083.83,171.98,2.43,3.43
Moong(Green Gram),2017,Rabi,Punjab,398115.74,585230.14,417.14,69.34,2.02,1.47
Moong(Green Gram),2017,Whole Year,Punjab,83720.58,168278.37,656.04,205.29,2.53,2.01
Potato,2017,Rabi,Punjab,371522.92,12390289.38,858.47,187.45,1.07,33.35
Potato,2017,Summer,Punjab,250635.9,10205893.85,643.96,105.86,3.07,40.72
Onion,2017,Rabi,Punjab,351942.56,9252569.9,479.64,54.97,2.42,26.29
Onion,2017,Summer,Punjab,425633.44,13245712.65,671.3,185.99,0.2,31.12
Tomato,2017,Rabi,Punjab,399463.54,19310067.52,1973.47,211.12,1.88,48.34
Tomato,2017,Kharif,Punjab,393356.54,19608823.52,2175.44,201.5,3.34,49.85
Banana,2017,Summer,Punjab,308077.93,23549476.97,1305.0,101.37,1.62,76.44
Banana,2017,Kharif,Punjab,178538.74,15032961.91,1448.44,131.87,1.38,84.2
Rice,2017,Rabi,Rajasthan,172496.08,1336844.62,2157.84,170.74,3.04,7.75
Rice,2017,Summer,Rajasthan,73462.61,357028.28,1222.68,51.04,2.88,4.86
Wheat,2017,Kharif,Rajasthan,198399.96,1089215.78,2000.58,82.32,3.65,5.49
Wheat,2017,Summer,Rajasthan,237518.55,1092585.33,751.79,52.72,3.8,4.6
Maize,2017,Whole Year,Rajasthan,159730.76,1031860.71,1843.04,79.72,2.32,6.46
Maize,2017,Summer,Rajasthan,327875.54,2206602.38,1958.76,112.5,3.24,6.73
Cotton(lint),2017,Rabi,Rajasthan,190433.35,803628.74,1645.9,234.35,0.32,4.22
Cotton(lint),2017,Whole Year,Rajasthan,186705.76,664672.51,1528.41,137.89,0.28,3.56
Sugarcane,2017,Whole Year,Rajasthan,330280.66,33767894.68,1513.11,48.03,1.52,102.24
Sugarcane,2017,Rabi,Rajasthan,334734.32,28666647.16,1282.98,54.56,1.46,85.64
Soybean,2017,Summer,Rajasthan,135155.78,248686.64,646.48,65.46,4.22,1.84
Soybean,2017,Whole Year,Rajasthan,31470.95,108260.07,1719.98,175.88,1.82,3.44
Groundnut,2017,Whole Year,Rajasthan,200844.91,807396.54,1149.72,126.7,3.04,4.02
Groundnut,2017,Kharif,Rajasthan,205566.73,935328.62,1054.07,236.5,1.2,4.55
Rapeseed &Mustard,2017,Rabi,Rajasthan,81893.16,189173.2,461.94,132.62,4.45,2.31
Rapeseed &Mustard,2017,Whole Year,Rajasthan,302105.19,788494.55,1270.62,136.46,3.04,2.61
Gram,2017,Kharif,Rajasthan,404724.22,1032046.76,1272.82,168.99,0.66,2.55
Gram,2017,Rabi,Rajasthan,176265.62,401885.61,498.07,218.37,3.09,2.28
Arhar/Tur,2017,Kharif,Rajasthan,383428.03,908724.43,1971.47,104.93,1.82,2.37
Arhar/Tur,2017,Summer,Rajasthan,448097.85,914119.61,1046.53,128.88,3.45,2.04
Moong(Green Gram),2017,Summer,Rajasthan,253511.0,494346.45,1608.69,149.61,3.02,1.95
Moong(Green Gram),2017,Kharif,Rajasthan,160979.88,281714.79,2152.06,40.42,1.48,1.75
Potato,2017,Whole Year,Rajasthan,92050.8,2899600.2,1502.83,165.21,2.37,31.5
Potato,2017,Kharif,Rajasthan,271829.22,8568057.01,1548.86,125.24,3.3,31.52
Onion,2017,Kharif,Rajasthan,117522.19,2766472.35,1281.17,42.88,0.61,23.54
Onion,2017,Whole Year,Rajasthan,408831.96,9260043.89,1238.75,59.85,0.97,22.65
Tomato,2017,Rabi,Rajasthan,79601.47,2746250.71,1765.35,33.28,0.69,34.5
Tomato,2017,Kharif,Rajasthan,125838.71,3713500.33,614.43,87.32,2.98,29.51
Banana,2017,Rabi,Rajasthan,286089.66,15497476.88,1252.97,131.95,3.36,54.17
Banana,2017,Kharif,Rajasthan,29885.42,1629950.81,949.02,120.35,1.38,54.54
Rice,2017,Summer,Tamil Nadu,140290.95,822104.97,669.5,235.35,0.25,5.86
Rice,2017,Kharif,Tamil Nadu,295989.43,1645701.23,501.48,200.23,2.21,5.56
Wheat,2017,Summer,Tamil Nadu,215483.74,1631211.91,1698.11,199.93,2.45,7.57
Wheat,2017,Kharif,Tamil Nadu,72646.16,491088.04,1960.48,55.95,1.85,6.76
Maize,2017,Rabi,Tamil Nadu,123856.18,735705.71,1018.4,74.14,2.18,5.94
Maize,2017,Kharif,Tamil Nadu,354023.58,2379038.46,1681.45,32.47,1.53,6.72
Cotton(lint),2017,Kharif,Tamil Nadu,215956.62,697539.88,492.01,172.93,2.53,3.23
Cotton(lint),2017,Whole Year,Tamil Nadu,125732.04,673923.73,1842.45,180.9,2.69,5.36
Sugarcane,2017,Rabi,Tamil Nadu,47366.02,5780075.42,872.04,185.83,0.51,122.03
Sugarcane,2017,Whole Year,Tamil Nadu,120932.2,13595197.92,943.37,215.68,3.0,112.42
Soybean,2017,Kharif,Tamil Nadu,448552.4,1839064.84,653.61,232.01,4.08,4.1
Soybean,2017,Summer,Tamil Nadu,348884.02,1273426.67,952.21,140.77,4.08,3.65
Groundnut,2017,Kharif,Tamil Nadu,288175.16,1527328.35,810.26,209.09,3.42,5.3
Groundnut,2017,Whole Year,Tamil Nadu,256343.28,1781585.8,1890.9,185.87,3.88,6.95
Rapeseed &Mustard,2017,Kharif,Tamil Nadu,224696.4,723522.41,1001.98,165.61,4.02,3.22
Rapeseed &Mustard,2017,Whole Year,Tamil Nadu,190725.62,535938.99,982.83,130.84,3.99,2.81
Gram,2017,Summer,Tamil Nadu,398586.31,1000451.64,1546.56,80.72,3.91,2.51
Gram,2017,Kharif,Tamil Nadu,163069.11,580526.03,1821.94,185.18,2.68,3.56
Arhar/Tur,2017,Whole Year,Tamil Nadu,185815.03,375346.36,1202.3,93.41,1.67,2.02
Arhar/Tur,2017,Summer,Tamil Nadu,362610.27,993552.14,1367.75,196.71,0.75,2.74
Moong(Green Gram),2017,Rabi,Tamil Nadu,411141.94,756501.17,814.68,153.43,0.54,1.84
Moong(Green Gram),2017,Whole Year,Tamil Nadu,219217.96,442820.28,1765.0,119.39,0.75,2.02
Potato,2017,Summer,Tamil Nadu,123896.16,6257995.04,2188.18,168.17,3.65,50.51
Potato,2017,Kharif,Tamil Nadu,192721.61,8460478.68,1865.97,138.62,3.75,43.9
Onion,2017,Summer,Tamil Nadu,279834.42,9659884.18,1764.1,147.78,0.88,34.52
Onion,2017,Kharif,Tamil Nadu,8666.44,236247.15,1187.23,188.72,0.91,27.26
Tomato,2017,Whole Year,Tamil Nadu,277964.6,10354181.35,717.84,199.32,3.03,37.25
Tomato,2017,Summer,Tamil Nadu,70571.73,2807343.42,1903.46,136.89,2.6,39.78
Banana,2017,Rabi,Tamil Nadu,168241.57,14492328.84,1124.82,205.93,0.32,86.14
Banana,2017,Summer,Tamil Nadu,281198.73,18123258.15,1716.05,69.84,1.33,64.45
Rice,2017,Summer,Telangana,40687.94,337303.02,2196.67,188.57,2.87,8.29
Rice,2017,Rabi,Telangana,116213.63,811171.14,807.5,145.4,0.5,6.98
Wheat,2017,Rabi,Telangana,291630.28,1653543.69,936.05,162.93,4.13,5.67
Wheat,2017,Summer,Telangana,289970.55,2116785.01,2024.96,58.78,2.27,7.3
Maize,2017,Kharif,Telangana,178595.93,921555.0,1109.14,74.19,1.94,5.16
Maize,2017,Rabi,Telangana,445156.73,2515135.52,932.7,160.97,1.42,5.65
Cotton(lint),2017,Kharif,Telangana,61014.54,291649.5,1794.96,135.87,4.19,4.78
Cotton(lint),2017,Summer,Telangana,445161.95,1549163.59,1597.69,44.44,2.73,3.48
Sugarcane,2017,Summer,Telangana,217568.14,23177533.95,1770.88,122.2,4.29,106.53
Sugarcane,2017,Rabi,Telangana,272200.08,30932817.09,2013.27,171.09,3.1,113.64
Soybean,2017,Summer,Telangana,341826.79,1175884.16,1959.03,31.66,4.01,3.44
Soybean,2017,Kharif,Telangana,420280.57,1113743.51,597.54,186.51,1.89,2.65
Groundnut,2017,Summer,Telangana,245203.27,978361.05,751.78,163.4,0.39,3.99
Groundnut,2017,Rabi,Telangana,374315.6,1437371.9,862.94,129.11,0.28,3.84
Rapeseed &Mustard,2017,Kharif,Telangana,331454.01,722569.74,736.71,51.44,0.64,2.18
Rapeseed &Mustard,2017,Summer,Telangana,241270.89,820321.03,1186.67,217.54,3.28,3.4
Gram,2017,Kharif,Telangana,319265.56,1059961.66,1922.49,177.21,2.97,3.32
Gram,2017,Summer,Telangana,326370.28,656004.26,748.07,130.07,0.7,2.01
Arhar/Tur,2017,Rabi,Telangana,97979.08,273361.63,2066.11,138.11,2.27,2.79
Arhar/Tur,2017,Kharif,Telangana,439041.24,816616.71,1166.61,30.47,2.35,1.86
Moong(Green Gram),2017,Kharif,Telangana,135339.64,273386.07,1738.27,145.37,3.55,2.02
Moong(Green Gram),2017,Summer,Telangana,278510.25,615507.65,1402.67,230.26,0.9,2.21
Potato,2017,Rabi,Telangana,361080.28,10478549.73,646.3,67.08,2.25,29.02
Potato,2017,Summer,Telangana,423041.92,12018620.95,1583.3,90.96,0.94,28.41
Onion,2017,Rabi,Telangana,248382.07,6753508.48,1400.46,137.3,1.77,27.19
Onion,2017,Kharif,Telangana,375611.55,12556694.12,2000.58,190.92,2.71,33.43
Tomato,2017,Whole Year,Telangana,104490.36,4853577.22,1090.85,237.88,0.83,46.45
Tomato,2017,Summer,Telangana,204124.26,8989632.41,1490.1,203.84,2.55,44.04
Banana,2017,Summer,Telangana,41463.95,3043453.93,1469.17,223.03,4.28,73.4
Banana,2017,Rabi,Telangana,293656.24,18849794.05,796.76,183.44,4.41,64.19
Rice,2017,Kharif,Uttar Pradesh,104290.39,878125.08,1820.47,229.06,4.15,8.42
Rice,2017,Rabi,Uttar Pradesh,246312.67,1564085.45,1705.19,132.26,2.22,6.35
Wheat,2017,Rabi,Uttar Pradesh,354524.55,2751110.51,1668.81,172.46,0.44,7.76
Wheat,2017,Kharif,Uttar Pradesh,136433.92,1189703.78,1876.18,204.81,4.21,8.72
Maize,2017,Whole Year,Uttar Pradesh,184370.39,765137.12,595.33,66.34,3.69,4.15
Maize,2017,Kharif,Uttar Pradesh,418250.96,2229277.62,1583.74,54.0,0.82,5.33
Cotton(lint),2017,Rabi,Uttar Pradesh,298018.62,1373865.84,672.29,236.72,0.9,4.61
Cotton(lint),2017,Kharif,Uttar Pradesh,368863.54,1733658.64,1226.67,226.1,2.27,4.7
Sugarcane,2017,Kharif,Uttar Pradesh,296273.51,35247659.48,1313.3,183.97,2.01,118.97
Sugarcane,2017,Whole Year,Uttar Pradesh,48137.75,4796445.41,1378.04,87.75,3.32,99.64
Soybean,2017,Whole Year,Uttar Pradesh,264946.78,1046539.78,1593.05,136.19,3.72,3.95
Soybean,2017,Kharif,Uttar Pradesh,218799.02,838000.25,1823.19,115.55,2.07,3.83
Groundnut,2017,Summer,Uttar Pradesh,224602.56,983759.21,1445.27,128.45,0.4,4.38
Groundnut,2017,Whole Year,Uttar Pradesh,53578.66,169844.35,567.08,63.2,3.7,3.17
Rapeseed &Mustard,2017,Whole Year,Uttar Pradesh,329649.75,1292227.02,2130.2,117.71,1.78,3.92
Rapeseed &Mustard,2017,Rabi,Uttar Pradesh,228400.29,867921.1,1391.07,166.94,1.82,3.8
Gram,2017,Summer,Uttar Pradesh,134928.86,296843.49,1121.13,113.22,2.55,2.2
Gram,2017,Kharif,Uttar Pradesh,357216.12,853746.53,1293.75,31.48,2.74,2.39
Arhar/Tur,2017,Rabi,Uttar Pradesh,17523.02,53620.44,1852.92,235.02,0.53,3.06
Arhar/Tur,2017,Whole Year,Uttar Pradesh,423677.1,1271031.3,1567.91,216.95,3.58,3.0
Moong(Green Gram),2017,Rabi,Uttar Pradesh,236822.2,362337.97,633.31,126.82,4.3,1.53
Moong(Green Gram),2017,Summer,Uttar Pradesh,173224.7,268498.29,1533.69,70.71,1.32,1.55
Potato,2017,Whole Year,Uttar Pradesh,274979.99,8914851.28,402.24,120.99,2.48,32.42
Potato,2017,Rabi,Uttar Pradesh,18869.2,662875.0,1578.87,95.91,2.61,35.13
Onion,2017,Kharif,Uttar Pradesh,163012.42,5069686.26,1670.06,137.55,4.15,31.1
Onion,2017,Summer,Uttar Pradesh,302742.4,8982367.01,2111.13,108.03,1.51,29.67
Tomato,2017,Summer,Uttar Pradesh,226099.9,8831462.09,1907.88,89.7,0.88,39.06
Tomato,2017,Rabi,Uttar Pradesh,417049.59,16832121.45,1970.72,94.78,1.26,40.36
Banana,2017,Kharif,Uttar Pradesh,270459.6,19619139.38,2048.81,136.8,0.21,72.54
Banana,2017,Summer,Uttar Pradesh,355490.25,24827439.06,1908.56,130.3,1.2,69.84
Rice,2017,Whole Year,West Bengal,41824.02,283148.62,1746.07,109.06,4.16,6.77
Rice,2017,Summer,West Bengal,336099.93,1502366.69,863.57,68.17,0.21,4.47
Wheat,2017,Kharif,West Bengal,122551.17,756140.72,1088.25,159.45,0.48,6.17
Wheat,2017,Whole Year,West Bengal,240281.59,1460912.07,1275.67,180.81,2.24,6.08
Maize,2017,Rabi,West Bengal,360290.63,2298654.22,1765.21,71.66,4.11,6.38
Maize,2017,Whole Year,West Bengal,189529.91,1057576.9,729.43,227.0,4.34,5.58
Cotton(lint),2017,Rabi,West Bengal,356218.57,1610107.94,1591.54,123.68,2.68,4.52
Cotton(lint),2017,Whole Year,West Bengal,83802.11,310905.83,941.65,103.13,1.01,3.71
Sugarcane,2017,Whole Year,West Bengal,363805.83,35874892.9,1382.66,101.75,2.82,98.61
Sugarcane,2017,Rabi,West Bengal,210000.64,22375568.19,515.58,155.39,1.73,106.55
Soybean,2017,Summer,West Bengal,284767.98,1059336.89,1430.44,118.64,0.27,3.72
Soybean,2017,Rabi,West Bengal,346413.43,1361404.78,2166.91,59.21,1.16,3.93
Groundnut,2017,Rabi,West Bengal,16030.13,67486.85,1124.12,90.41,1.33,4.21
Groundnut,2017,Whole Year,West Bengal,58704.04,265929.3,795.56,186.94,1.38,4.53
Rapeseed &Mustard,2017,Rabi,West Bengal,75416.83,249629.71,1383.4,145.9,4.16,3.31
Rapeseed &Mustard,2017,Whole Year,West Bengal,140900.5,381840.35,1427.9,31.96,3.26,2.71
Gram,2017,Summer,West Bengal,261162.01,838330.05,1668.99,200.71,1.7,3.21
Gram,2017,Rabi,West Bengal,45963.45,163170.25,1923.35,145.0,2.79,3.55
Arhar/Tur,2017,Summer,West Bengal,412409.69,969162.77,1843.27,59.45,0.4,2.35
Arhar/Tur,2017,Kharif,West Bengal,365205.88,675630.88,978.47,68.99,1.9,1.85
Moong(Green Gram),2017,Summer,West Bengal,255968.85,522176.45,1799.66,180.18,2.52,2.04
Moong(Green Gram),2017,Kharif,West Bengal,195194.28,318166.68,1027.92,176.81,0.74,1.63
Potato,2017,Rabi,West Bengal,99192.06,2616686.54,1183.67,46.68,3.28,26.38
Potato,2017,Whole Year,West Bengal,233660.97,10951689.66,1580.45,238.91,3.53,46.87
Onion,2017,Kharif,West Bengal,214113.29,5549816.48,959.64,85.01,1.92,25.92
Onion,2017,Whole Year,West Bengal,413913.21,11593709.01,1493.54,134.01,3.39,28.01
Tomato,2017,Kharif,West Bengal,28043.58,1149786.78,1564.03,202.83,4.1,41.0
Tomato,2017,Summer,West Bengal,270428.1,9289205.23,654.53,54.58,2.95,34.35
Banana,2017,Whole Year,West Bengal,289825.74,19624100.86,555.61,186.11,1.1,67.71
Banana,2017,Rabi,West Bengal,424969.0,27287259.49,1407.65,139.07,2.37,64.21
Rice,2018,Kharif,Andhra Pradesh,398747.4,2544008.41,1078.67,209.01,2.23,6.38
Rice,2018,Rabi,Andhra Pradesh,255666.71,1475196.92,542.22,225.31,1.37,5.77
Wheat,2018,Rabi,Andhra Pradesh,217167.16,1576633.58,1538.27,95.17,2.95,7.26
Wheat,2018,Summer,Andhra Pradesh,328851.4,2160553.7,975.59,124.67,0.72,6.57
Maize,2018,Summer,Andhra Pradesh,161506.95,1011033.51,542.46,156.99,0.31,6.26
Maize,2018,Whole Year,Andhra Pradesh,329769.42,2318279.02,2184.4,84.62,1.59,7.03
Cotton(lint),2018,Whole Year,Andhra Pradesh,193682.29,586857.34,565.52,31.11,3.36,3.03
Cotton(lint),2018,Summer,Andhra Pradesh,138512.15,578980.79,2171.54,96.24,2.8,4.18
Sugarcane,2018,Kharif,Andhra Pradesh,350548.63,39328050.8,1537.05,77.11,3.39,112.19
Sugarcane,2018,Rabi,Andhra Pradesh,357475.36,41184736.23,2150.64,61.56,4.1,115.21
Soybean,2018,Summer,Andhra Pradesh,344283.86,1098265.51,460.26,175.92,2.07,3.19
Soybean,2018,Whole Year,Andhra Pradesh,386951.51,1126028.89,503.56,159.85,2.07,2.91
Groundnut,2018,Summer,Andhra Pradesh,215757.17,1279440.02,1752.35,128.16,0.27,5.93
Groundnut,2018,Kharif,Andhra Pradesh,441552.73,1730886.7,473.43,137.54,0.62,3.92
Rapeseed &Mustard,2018,Whole Year,Andhra Pradesh,98745.87,238965.01,569.99,84.75,3.07,2.42
Rapeseed &Mustard,2018,Summer,Andhra Pradesh,231712.12,947702.57,2133.67,207.2,4.14,4.09
Gram,2018,Kharif,Andhra Pradesh,113782.5,265113.23,754.0,161.48,3.74,2.33
Gram,2018,Rabi,Andhra Pradesh,52412.54,106921.58,675.09,149.35,0.64,2.04
Arhar/Tur,2018,Kharif,Andhra Pradesh,439516.1,742782.21,852.51,70.8,1.67,1.69
Arhar/Tur,2018,Rabi,Andhra Pradesh,371300.57,1009937.55,1641.5,205.95,1.85,2.72
Moong(Green Gram),2018,Whole Year,Andhra Pradesh,124754.74,259489.86,1756.05,81.45,3.1,2.08
Moong(Green Gram),2018,Kharif,Andhra Pradesh,107829.1,184387.76,1430.44,66.22,3.32,1.71
Potato,2018,Kharif,Andhra Pradesh,232194.46,10471970.15,2146.33,63.75,1.28,45.1
Potato,2018,Summer,Andhra Pradesh,270312.37,10144823.25,1338.16,184.83,3.84,37.53
Onion,2018,Rabi,Andhra Pradesh,168674.44,4530595.46,663.07,62.1,1.76,26.86
Onion,2018,Whole Year,Andhra Pradesh,84470.59,2166670.63,1203.75,39.27,0.37,25.65
Tomato,2018,Summer,Andhra Pradesh,376023.08,14161029.19,2049.6,75.12,3.3,37.66
Tomato,2018,Kharif,Andhra Pradesh,370734.13,16338253.11,1246.79,177.07,1.5,44.07
Banana,2018,Summer,Andhra Pradesh,406209.93,29259301.26,2186.35,145.68,1.68,72.03
Banana,2018,Whole Year,Andhra Pradesh,273185.08,23589531.66,2049.87,229.54,0.22,86.35
Rice,2018,Summer,Assam,266576.95,1487499.38,1585.8,145.11,1.37,5.58
Rice,2018,Whole Year,Assam,101602.02,747790.87,2101.95,96.12,1.64,7.36
Wheat,2018,Summer,Assam,434262.85,2853106.92,1520.91,214.42,0.65,6.57
Wheat,2018,Kharif,Assam,136618.56,751402.08,709.35,212.32,2.0,5.5
Maize,2018,Whole Year,Assam,62708.39,422027.46,1382.63,238.64,2.63,6.73
Maize,2018,Kharif,Assam,232028.53,1007003.82,985.78,89.35,4.19,4.34
Cotton(lint),2018,Whole Year,Assam,175652.91,560332.78,1918.56,37.78,1.77,3.19
Cotton(lint),2018,Kharif,Assam,221873.22,925211.33,1359.12,207.71,2.53,4.17
Sugarcane,2018,Kharif,Assam,435866.88,41219930.84,469.15,178.44,1.8,94.57
Sugarcane,2018,Whole Year,Assam,148881.98,17675268.67,2175.99,104.99,2.92,118.72
Soybean,2018,Kharif,Assam,133069.3,420498.99,1482.17,76.44,2.59,3.16
Soybean,2018,Rabi,Assam,271269.44,729714.79,1153.12,110.38,1.26,2.69
Groundnut,2018,Rabi,Assam,213737.11,510831.69,427.19,45.51,0.9,2.39
Groundnut,2018,Kharif,Assam,190808.82,959768.36,1518.54,204.42,2.56,5.03
Rapeseed &Mustard,2018,Rabi,Assam,310629.29,944313.04,1943.97,60.4,0.52,3.04
Rapeseed &Mustard,2018,Kharif,Assam,177838.37,473050.06,1714.82,95.09,2.5,2.66
Gram,2018,Whole Year,Assam,427091.12,1264189.72,1666.81,193.72,1.52,2.96
Gram,2018,Rabi,Assam,181493.07,546294.14,1641.79,227.27,3.68,3.01
Arhar/Tur,2018,Summer,Assam,328820.15,828626.78,1634.87,164.42,1.35,2.52
Arhar/Tur,2018,Kharif,Assam,68927.82,210919.13,2176.96,186.71,1.98,3.06
Moong(Green Gram),2018,Whole Year,Assam,435956.02,579821.51,944.48,70.24,4.42,1.33
Moong(Green Gram),2018,Kharif,Assam,409229.79,732521.32,560.61,216.6,0.21,1.79
Potato,2018,Summer,Assam,231771.29,6688919.43,1474.19,36.89,1.98,28.86
Potato,2018,Kharif,Assam,76544.34,2909450.36,2118.75,85.92,3.63,38.01
Onion,2018,Kharif,Assam,440462.06,12905538.36,666.13,204.42,1.05,29.3
Onion,2018,Whole Year,Assam,425441.52,8300364.06,435.61,84.76,3.49,19.51
Tomato,2018,Kharif,Assam,369737.11,10877665.78,469.73,134.13,1.9,29.42
Tomato,2018,Rabi,Assam,442582.13,14437029.08,1701.84,92.9,2.8,32.62
Banana,2018,Kharif,Assam,284528.6,17726131.78,2149.51,211.48,1.73,62.3
Banana,2018,Summer,Assam,387025.45,24192960.88,2188.89,203.44,2.6,62.51
Rice,2018,Kharif,Bihar,380373.16,2198556.86,906.18,120.73,2.63,5.78
Rice,2018,Rabi,Bihar,12667.3,73090.32,776.52,215.16,0.45,5.77
Wheat,2018,Whole Year,Bihar,337957.88,2318391.06,1408.33,230.47,1.18,6.86
Wheat,2018,Summer,Bihar,110851.47,616334.17,1297.08,44.95,1.85,5.56
Maize,2018,Whole Year,Bihar,25473.09,124308.68,1132.44,79.85,2.66,4.88
Maize,2018,Summer,Bihar,150463.34,668057.23,674.6,35.63,3.11,4.44
Cotton(lint),2018,Whole Year,Bihar,216833.76,1006108.65,1992.65,179.96,3.94,4.64
Cotton(lint),2018,Rabi,Bihar,435618.99,1781681.67,2052.43,56.58,0.68,4.09
Sugarcane,2018,Kharif,Bihar,447630.58,38124696.5,775.87,57.4,2.76,85.17
Sugarcane,2018,Whole Year,Bihar,156735.59,19870938.1,2158.57,238.96,3.51,126.78
Soybean,2018,Rabi,Bihar,140185.79,409342.51,1080.03,96.3,4.15,2.92
Soybean,2018,Whole Year,Bihar,410553.44,1941917.77,1995.54,224.82,1.15,4.73
Groundnut,2018,Summer,Bihar,100140.03,566792.57,2104.51,203.71,4.34,5.66
Groundnut,2018,Kharif,Bihar,252348.39,933689.04,984.99,130.73,4.26,3.7
Rapeseed &Mustard,2018,Whole Year,Bihar,338755.64,1111118.5,1938.95,80.18,2.59,3.28
Rapeseed &Mustard,2018,Summer,Bihar,129690.52,282725.33,587.48,78.89,4.27,2.18
Gram,2018,Summer,Bihar,6381.41,12571.38,491.83,170.43,2.74,1.97
Gram,2018,Whole Year,Bihar,158751.5,431804.08,1862.24,66.73,4.0,2.72
Arhar/Tur,2018,Kharif,Bihar,351992.66,735664.66,1008.66,125.28,2.9,2.09
Arhar/Tur,2018,Whole Year,Bihar,148149.38,475559.51,1605.86,205.8,0.86,3.21
Moong(Green Gram),2018,Summer,Bihar,340221.08,677039.95,1806.63,167.19,2.26,1.99
Moong(Green Gram),2018,Rabi,Bihar,93888.67,236599.45,2069.56,223.66,3.31,2.52
Potato,2018,Whole Year,Bihar,104820.91,3177121.78,655.97,132.21,3.79,30.31
Potato,2018,Summer,Bihar,175345.67,6024877.22,598.05,237.9,3.02,34.36
Onion,2018,Rabi,Bihar,178139.25,5034215.21,844.93,236.55,1.29,28.26
Onion,2018,Summer,Bihar,169984.2,4227507.05,870.49,163.27,1.77,24.87
Tomato,2018,Summer,Bihar,267973.44,9317436.51,1590.24,88.94,1.9,34.77
Tomato,2018,Kharif,Bihar,399031.61,11025243.38,599.92,39.99,1.12,27.63
Banana,2018,Summer,Bihar,332977.03,18976360.94,1268.04,125.4,3.59,56.99
Banana,2018,Kharif,Bihar,299280.43,17663530.98,1137.11,179.1,1.3,59.02
Rice,2018,Whole Year,Gujarat,370008.86,1616938.72,447.46,42.51,3.26,4.37
Rice,2018,Summer,Gujarat,83282.88,370608.82,718.73,52.91,2.76,4.45
Wheat,2018,Summer,Gujarat,166261.61,1140554.64,712.38,167.14,1.03,6.86
Wheat,2018,Whole Year,Gujarat,58588.57,305832.34,632.24,77.12,2.57,5.22
Maize,2018,Whole Year,Gujarat,392757.41,2482226.83,2113.49,147.71,1.52,6.32
Maize,2018,Rabi,Gujarat,76072.5,474692.4,1288.36,184.7,1.16,6.24
Cotton(lint),2018,Whole Year,Gujarat,251506.0,993448.7,1797.49,74.81,1.47,3.95
Cotton(lint),2018,Rabi,Gujarat,373642.0,1352584.04,1424.82,41.61,2.14,3.62
Sugarcane,2018,Summer,Gujarat,164385.27,16012769.15,1027.61,57.69,4.13,97.41
Sugarcane,2018,Kharif,Gujarat,441154.51,46731497.24,1587.5,104.64,0.83,105.93
Soybean,2018,Whole Year,Gujarat,321263.2,1294690.7,1507.24,186.46,3.59,4.03
Soybean,2018,Summer,Gujarat,388969.75,1361394.12,812.15,221.85,1.75,3.5
Groundnut,2018,Summer,Gujarat,96308.67,275442.8,541.77,52.4,0.27,2.86
Groundnut,2018,Kharif,Gujarat,385135.59,1917975.24,1750.07,150.37,2.3,4.98
Rapeseed &Mustard,2018,Summer,Gujarat,297174.54,953930.27,1360.49,112.13,1.71,3.21
Rapeseed &Mustard,2018,Rabi,Gujarat,370570.53,1211765.63,1325.33,94.48,0.59,3.27
Gram,2018,Summer,Gujarat,50316.09,94091.09,729.21,50.44,1.24,1.87
Gram,2018,Kharif,Gujarat,95312.62,295469.12,1723.76,201.9,1.61,3.1
Arhar/Tur,2018,Whole Year,Gujarat,237151.82,514619.45,870.36,152.61,0.52,2.17
Arhar/Tur,2018,Summer,Gujarat,368674.44,988047.5,1588.0,139.83,4.2,2.68
Moong(Green Gram),2018,Kharif,Gujarat,145176.13,316483.96,1894.4,37.39,1.23,2.18
Moong(Green Gram),2018,Summer,Gujarat,135041.22,228219.66,1206.6,100.74,0.6,1.69
Potato,2018,Summer,Gujarat,151887.02,6505321.07,1579.95,236.79,3.7,42.83
Potato,2018,Rabi,Gujarat,30352.07,847733.32,844.45,66.17,1.64,27.93
Onion,2018,Kharif,Gujarat,169044.73,5848947.66,911.99,223.01,0.75,34.6
Onion,2018,Whole Year,Gujarat,67087.62,2127348.43,2079.27,140.51,2.37,31.71
Tomato,2018,Kharif,Gujarat,385075.66,15861266.44,457.78,232.52,2.0,41.19
Tomato,2018,Rabi,Gujarat,60244.39,2051923.92,529.86,203.83,2.03,34.06
Banana,2018,Summer,Gujarat,28110.2,2023934.4,1062.0,136.29,3.49,72.0
Banana,2018,Kharif,Gujarat,52387.03,2850378.3,515.13,63.36,3.52,54.41
Rice,2018,Kharif,Haryana,240428.02,1295907.03,947.51,138.75,3.41,5.39
Rice,2018,Whole Year,Haryana,380292.47,2700076.54,917.4,131.11,4.41,7.1
Wheat,2018,Summer,Haryana,436330.4,3215755.05,2042.65,123.59,0.79,7.37
Wheat,2018,Kharif,Haryana,76248.75,568053.19,1086.75,141.27,0.62,7.45
Maize,2018,Kharif,Haryana,445114.66,3057937.71,2175.34,158.08,3.14,6.87
Maize,2018,Rabi,Haryana,87079.79,604333.74,1124.97,173.38,0.44,6.94
Cotton(lint),2018,Rabi,Haryana,182888.12,881520.74,2113.23,84.31,2.32,4.82
Cotton(lint),2018,Summer,Haryana,388687.99,1671358.36,505.78,230.14,1.01,4.3
Sugarcane,2018,Summer,Haryana,424991.85,61776815.32,2044.49,216.22,0.36,145.36
Sugarcane,2018,Rabi,Haryana,339929.39,40597767.05,1221.99,192.38,1.1,119.43
Soybean,2018,Kharif,Haryana,258309.39,1232135.79,1699.23,229.46,1.34,4.77
Soybean,2018,Rabi,Haryana,312967.71,1389576.63,1172.06,228.36,2.26,4.44
Groundnut,2018,Kharif,Haryana,58426.67,221437.08,980.82,77.88,2.52,3.79
Groundnut,2018,Summer,Haryana,355971.06,1612548.9,1243.28,125.43,4.01,4.53
Rapeseed &Mustard,2018,Rabi,Haryana,46831.6,127381.95,998.84,63.84,3.56,2.72
Rapeseed &Mustard,2018,Kharif,Haryana,279812.74,1192002.27,1973.44,176.45,2.4,4.26
Gram,2018,Summer,Haryana,110898.93,365966.47,1602.9,215.8,1.53,3.3
Gram,2018,Whole Year,Haryana,369594.0,776147.4,492.07,31.52,0.69,2.1
Arhar/Tur,2018,Kharif,Haryana,225976.86,463252.56,450.77,129.24,4.07,2.05
Arhar/Tur,2018,Rabi,Haryana,143701.46,326202.31,1288.88,146.99,0.36,2.27
Moong(Green Gram),2018,Whole Year,Haryana,84275.52,183720.63,1050.39,187.64,3.67,2.18
Moong(Green Gram),2018,Summer,Haryana,244044.64,624754.28,1391.13,230.21,3.97,2.56
Potato,2018,Summer,Haryana,420513.11,16257036.83,1760.06,87.39,0.23,38.66
Potato,2018,Rabi,Haryana,289248.78,11046410.91,916.55,60.0,3.1,38.19
Onion,2018,Rabi,Haryana,437437.38,11718947.41,1139.73,96.43,2.46,26.79
Onion,2018,Whole Year,Haryana,73199.63,2272116.52,1049.72,150.41,1.99,31.04
Tomato,2018,Summer,Haryana,336945.7,13936074.15,1121.72,180.57,0.81,41.36
Tomato,2018,Whole Year,Haryana,110225.48,5117769.04,1449.74,185.49,0.61,46.43
Banana,2018,Whole Year,Haryana,152277.11,8690454.67,911.27,47.9,3.19,57.07
Banana,2018,Rabi,Haryana,284987.76,21060595.46,1346.37,148.64,4.48,73.9
Rice,2018,Whole Year,Karnataka,378929.9,2614616.31,1147.62,215.0,2.99,6.9
Rice,2018,Rabi,Karnataka,97659.08,631854.25,1437.2,67.6,0.81,6.47
Wheat,2018,Whole Year,Karnataka,362137.78,2031592.95,879.45,44.57,1.55,5.61
Wheat,2018,Summer,Karnataka,15223.14,97580.33,965.57,182.63,1.15,6.41
Maize,2018,Summer,Karnataka,356770.9,1826667.01,774.98,70.37,4.42,5.12
Maize,2018,Kharif,Karnataka,129141.49,872996.47,1995.66,39.33,1.38,6.76
Cotton(lint),2018,Kharif,Karnataka,322049.82,1020897.93,1362.52,31.1,3.96,3.17
Cotton(lint),2018,Summer,Karnataka,439904.25,1231731.9,507.54,87.95,3.39,2.8
Sugarcane,2018,Whole Year,Karnataka,316334.25,35056161.59,1803.96,204.42,1.35,110.82
Sugarcane,2018,Summer,Karnataka,230073.73,24360206.53,1503.2,63.96,0.53,105.88
Soybean,2018,Rabi,Karnataka,399584.52,1454487.65,1357.45,187.18,0.95,3.64
Soybean,2018,Whole Year,Karnataka,141589.25,533791.47,1386.58,215.06,2.03,3.77
Groundnut,2018,Kharif,Karnataka,143415.06,655406.82,1113.27,175.04,0.37,4.57
Groundnut,2018,Rabi,Karnataka,124122.76,630543.62,1585.02,142.75,1.65,5.08
Rapeseed &Mustard,2018,Kharif,Karnataka,37440.59,135909.34,1858.32,48.59,2.04,3.63
Rapeseed &Mustard,2018,Rabi,Karnataka,18258.8,37430.54,766.9,71.9,2.78,2.05
Gram,2018,Summer,Karnataka,299743.39,683414.93,531.99,168.61,4.2,2.28
Gram,2018,Whole Year,Karnataka,328380.53,827518.94,1601.9,77.57,0.9,2.52
Arhar/Tur,2018,Whole Year,Karnataka,17713.42,27810.07,515.13,72.0,1.4,1.57
Arhar/Tur,2018,Kharif,Karnataka,84033.91,143697.99,671.34,91.53,1.91,1.71
Moong(Green Gram),2018,Summer,Karnataka,143554.18,226815.6,478.36,235.86,3.07,1.58
Moong(Green Gram),2018,Rabi,Karnataka,83156.03,155501.78,1327.34,157.28,2.23,1.87
Potato,2018,Kharif,Karnataka,68922.9,2728657.61,1845.03,69.13,3.68,39.59
Potato,2018,Rabi,Karnataka,121734.1,4249737.43,1989.0,189.57,1.72,34.91
Onion,2018,Whole Year,Karnataka,112718.14,2640986.02,1695.39,36.36,0.77,23.43
Onion,2018,Rabi,Karnataka,359318.7,10100448.66,2075.93,30.91,1.2,28.11
Tomato,2018,Whole Year,Karnataka,345048.25,13760524.21,1979.14,184.91,0.63,39.88
Tomato,2018,Kharif,Karnataka,143147.88,5066003.47,1243.76,76.52,2.42,35.39
Banana,2018,Summer,Karnataka,285902.63,21322618.15,1641.28,194.97,2.75,74.58
Banana,2018,Rabi,Karnataka,365092.78,22398442.05,688.09,203.57,4.38,61.35
Rice,2018,Whole Year,Madhya Pradesh,353303.52,2543785.34,1934.2,185.7,2.52,7.2
Rice,2018,Kharif,Madhya Pradesh,351200.62,2321436.1,1162.26,187.57,1.18,6.61
Wheat,2018,Kharif,Madhya Pradesh,5892.51,46609.75,2144.45,141.79,3.53,7.91
Wheat,2018,Whole Year,Madhya Pradesh,255443.14,1675707.0,1163.46,233.84,2.32,6.56
Maize,2018,Whole Year,Madhya Pradesh,38398.51,299124.39,2038.03,219.58,3.76,7.79
Maize,2018,Summer,Madhya Pradesh,265575.6,1274762.88,492.22,218.91,4.49,4.8
Cotton(lint),2018,Kharif,Madhya Pradesh,434863.66,1078461.88,600.36,52.1,0.39,2.48
Cotton(lint),2018,Whole Year,Madhya Pradesh,42984.78,152595.97,1388.44,152.49,3.43,3.55
Sugarcane,2018,Rabi,Madhya Pradesh,50687.04,4597821.4,559.34,193.28,3.0,90.71
Sugarcane,2018,Whole Year,Madhya Pradesh,337733.05,33239686.78,1419.08,152.85,1.1,98.42
Soybean,2018,Whole Year,Madhya Pradesh,93723.18,255864.28,1135.66,138.22,1.72,2.73
Soybean,2018,Summer,Madhya Pradesh,305458.31,1151577.83,1320.17,178.07,2.05,3.77
Groundnut,2018,Summer,Madhya Pradesh,264046.79,868713.94,461.12,113.19,4.23,3.29
Groundnut,2018,Kharif,Madhya Pradesh,232194.49,951997.41,859.64,229.21,2.86,4.1
Rapeseed &Mustard,2018,Summer,Madhya Pradesh,250582.03,566315.39,477.13,116.35,4.39,2.26
Rapeseed &Mustard,2018,Rabi,Madhya Pradesh,304518.6,806974.29,479.16,202.34,1.06,2.65
Gram,2018,Kharif,Madhya Pradesh,122591.75,375130.76,1514.43,186.52,3.43,3.06
Gram,2018,Rabi,Madhya Pradesh,170954.25,581244.45,1835.4,102.21,1.19,3.4
Arhar/Tur,2018,Kharif,Madhya Pradesh,250513.53,465955.17,902.82,85.4,1.22,1.86
Arhar/Tur,2018,Whole Year,Madhya Pradesh,142932.96,275860.61,1153.24,54.32,1.04,1.93
Moong(Green Gram),2018,Whole Year,Madhya Pradesh,165140.11,293949.4,590.4,237.41,0.57,1.78
Moong(Green Gram),2018,Kharif,Madhya Pradesh,389439.69,658153.08,1040.59,191.41,3.11,1.69
Potato,2018,Kharif,Madhya Pradesh,245736.0,8974278.72,542.3,197.97,4.17,36.52
Potato,2018,Whole Year,Madhya Pradesh,247201.21,6535999.99,824.82,44.24,1.26,26.44
Onion,2018,Summer,Madhya Pradesh,61708.82,1715505.2,494.52,192.84,4.09,27.8
Onion,2018,Kharif,Madhya Pradesh,268231.94,8494905.54,1997.94,134.31,4.45,31.67
Tomato,2018,Summer,Madhya Pradesh,447704.91,14510116.13,724.5,40.24,1.97,32.41
Tomato,2018,Rabi,Madhya Pradesh,79884.12,2701680.94,649.87,166.35,4.11,33.82
Banana,2018,Rabi,Madhya Pradesh,38680.3,2749782.53,1861.89,220.95,2.9,71.09
Banana,2018,Whole Year,Madhya Pradesh,33303.25,1810031.64,723.41,87.5,3.47,54.35
Rice,2018,Whole Year,Maharashtra,77748.07,338981.59,490.48,39.58,1.0,4.36
Rice,2018,Rabi,Maharashtra,161461.51,944549.83,1200.9,154.75,3.03,5.85
Wheat,2018,Kharif,Maharashtra,364427.35,2434374.7,2051.88,96.35,0.27,6.68
Wheat,2018,Summer,Maharashtra,411604.68,2881232.76,790.14,210.84,0.5,7.0
Maize,2018,Kharif,Maharashtra,94946.48,572527.27,1597.98,138.58,1.18,6.03
Maize,2018,Whole Year,Maharashtra,310212.07,2298671.44,1640.34,129.29,1.88,7.41
Cotton(lint),2018,Kharif,Maharashtra,161795.78,930325.73,1924.42,182.0,4.09,5.75
Cotton(lint),2018,Summer,Maharashtra,74150.1,279545.88,496.02,212.23,2.5,3.77
Sugarcane,2018,Summer,Maharashtra,239599.09,26789574.25,1182.65,156.48,1.86,111.81
Sugarcane,2018,Whole Year,Maharashtra,392452.05,36529436.81,918.44,178.45,2.07,93.08
Soybean,2018,Summer,Maharashtra,169477.55,733837.79,1790.95,151.93,1.93,4.33
Soybean,2018,Whole Year,Maharashtra,10793.78,26228.89,561.75,49.84,1.2,2.43
Groundnut,2018,Kharif,Maharashtra,158319.02,555699.76,431.46,131.51,4.49,3.51
Groundnut,2018,Summer,Maharashtra,46054.64,183758.01,711.58,182.07,2.36,3.99
Rapeseed &Mustard,2018,Kharif,Maharashtra,29815.36,104353.76,1480.13,212.39,2.4,3.5
Rapeseed &Mustard,2018,Rabi,Maharashtra,162484.62,443583.01,1212.94,118.31,3.09,2.73
Gram,2018,Rabi,Maharashtra,344744.58,665357.04,981.9,80.21,2.99,1.93
Gram,2018,Kharif,Maharashtra,156551.04,295881.47,595.4,105.78,3.63,1.89
Arhar/Tur,2018,Summer,Maharashtra,290440.69,810329.53,1599.07,202.31,3.16,2.79
Arhar/Tur,2018,Kharif,Maharashtra,23091.14,60036.96,1109.25,206.37,0.77,2.6
Moong(Green Gram),2018,Summer,Maharashtra,409156.76,695566.49,825.2,198.84,1.96,1.7
Moong(Green Gram),2018,Whole Year,Maharashtra,242580.14,392979.83,627.91,142.6,1.25,1.62
Potato,2018,Whole Year,Maharashtra,376169.57,13252453.95,1546.67,126.07,0.9,35.23
Potato,2018,Rabi,Maharashtra,45972.1,1653616.44,1415.46,115.32,2.74,35.97
Onion,2018,Kharif,Maharashtra,360503.5,8071673.37,1086.14,65.01,3.55,22.39
Onion,2018,Whole Year,Maharashtra,289724.19,8526582.91,1468.31,222.98,3.49,29.43
Tomato,2018,Kharif,Maharashtra,388025.54,13600295.18,1576.39,63.27,0.81,35.05
Tomato,2018,Whole Year,Maharashtra,177392.16,6143090.5,1118.22,71.23,1.49,34.63
Banana,2018,Kharif,Maharashtra,208506.61,11442842.76,761.23,82.86,3.04,54.88
Banana,2018,Rabi,Maharashtra,237851.53,11994852.66,478.79,56.65,3.91,50.43
Rice,2018,Summer,Odisha,302606.83,1930631.58,1668.64,205.79,4.39,6.38
Rice,2018,Kharif,Odisha,35428.82,216824.38,1941.77,91.46,0.41,6.12
Wheat,2018,Rabi,Odisha,400911.16,2930660.58,1600.7,209.91,0.57,7.31
Wheat,2018,Kharif,Odisha,398559.95,2399330.9,1539.0,169.47,0.65,6.02
Maize,2018,Whole Year,Odisha,58733.16,318333.73,1859.27,176.12,4.3,5.42
Maize,2018,Rabi,Odisha,433296.63,2192480.95,1369.2,33.34,2.24,5.06
Cotton(lint),2018,Kharif,Odisha,284608.99,1124205.51,966.18,194.48,2.34,3.95
Cotton(lint),2018,Whole Year,Odisha,60072.86,197639.71,720.68,189.34,3.51,3.29
Sugarcane,2018,Summer,Odisha,344179.88,34228689.07,1555.06,94.43,4.22,99.45
Sugarcane,2018,Kharif,Odisha,313236.87,26045645.74,618.01,146.57,4.2,83.15
Soybean,2018,Rabi,Odisha,251953.1,609726.5,1061.69,54.52,1.13,2.42
Soybean,2018,Summer,Odisha,1512.75,6020.74,2194.63,74.24,3.02,3.98
Groundnut,2018,Kharif,Odisha,359664.26,1945783.65,2157.47,210.68,2.6,5.41
Groundnut,2018,Rabi,Odisha,378900.86,1636851.72,1936.04,207.63,2.77,4.32
Rapeseed &Mustard,2018,Whole Year,Odisha,238328.78,579138.94,1023.98,60.33,3.65,2.43
Rapeseed &Mustard,2018,Kharif,Odisha,267668.94,594225.05,1002.68,58.44,3.64,2.22
Gram,2018,Kharif,Odisha,303535.53,865076.26,2012.54,122.0,3.17,2.85
Gram,2018,Rabi,Odisha,192138.75,455368.84,907.18,123.66,0.22,2.37
Arhar/Tur,2018,Summer,Odisha,249345.12,546065.81,413.2,206.1,1.71,2.19
Arhar/Tur,2018,Rabi,Odisha,84597.32,165810.75,418.13,220.86,2.37,1.96
Moong(Green Gram),2018,Kharif,Odisha,371327.54,653536.47,1312.64,115.78,4.2,1.76
Moong(Green Gram),2018,Whole Year,Odisha,154313.83,175917.77,527.48,74.89,2.9,1.14
Potato,2018,Whole Year,Odisha,430604.26,11755496.3,1831.17,102.58,0.79,27.3
Potato,2018,Summer,Odisha,437293.97,14714942.09,2181.76,116.22,0.84,33.65
Onion,2018,Rabi,Odisha,140732.1,3069367.1,1124.19,50.95,0.84,21.81
Onion,2018,Whole Year,Odisha,171293.03,3211744.31,757.65,46.89,1.57,18.75
Tomato,2018,Kharif,Odisha,284253.32,7251302.19,906.1,48.49,2.37,25.51
Tomato,2018,Rabi,Odisha,206386.98,8897342.71,1461.37,140.53,0.77,43.11
Banana,2018,Summer,Odisha,194396.76,12223668.27,1980.35,220.15,0.41,62.88
Banana,2018,Rabi,Odisha,380295.17,24578476.84,1238.64,205.92,2.59,64.63
Rice,2018,Summer,Punjab,155871.74,967963.51,1018.01,228.3,4.13,6.21
Rice,2018,Rabi,Punjab,389767.69,2514001.6,982.14,62.26,2.95,6.45
Wheat,2018,Rabi,Punjab,236997.78,1429096.61,994.62,41.49,3.01,6.03
Wheat,2018,Kharif,Punjab,157597.51,1021231.86,671.81,170.01,0.95,6.48
Maize,2018,Summer,Punjab,276831.74,2178665.79,1583.79,187.69,3.07,7.87
Maize,2018,Rabi,Punjab,216460.13,1443789.07,642.88,194.94,0.33,6.67
Cotton(lint),2018,Kharif,Punjab,118275.6,564174.61,1289.83,195.42,2.97,4.77
Cotton(lint),2018,Whole Year,Punjab,445938.8,1739161.32,1035.63,122.55,1.44,3.9
Sugarcane,2018,Whole Year,Punjab,243172.57,26245615.48,847.1,84.81,3.46,107.93
Sugarcane,2018,Summer,Punjab,154982.94,20147782.2,1549.43,200.94,4.34,130.0
Soybean,2018,Rabi,Punjab,299449.53,1060051.34,500.6,189.89,0.75,3.54
Soybean,2018,Whole Year,Punjab,76498.44,366427.53,2185.0,180.53,0.62,4.79
Groundnut,2018,Kharif,Punjab,29229.33,120424.84,716.58,53.74,1.69,4.12
Groundnut,2018,Whole Year,Punjab,101946.51,415941.76,555.5,156.74,3.16,4.08
Rapeseed &Mustard,2018,Kharif,Punjab,47406.08,175876.56,1043.19,206.93,3.61,3.71
Rapeseed &Mustard,2018,Whole Year,Punjab,262299.44,826243.24,1410.79,32.71,3.31,3.15
Gram,2018,Kharif,Punjab,343619.48,804069.58,520.94,116.69,1.47,2.34
Gram,2018,Summer,Punjab,277469.98,635406.25,721.3,94.06,2.95,2.29
Arhar/Tur,2018,Rabi,Punjab,443948.74,1065476.98,525.48,149.6,1.32,2.4
Arhar/Tur,2018,Whole Year,Punjab,378110.22,1096519.64,1862.1,126.39,4.05,2.9
Moong(Green Gram),2018,Kharif,Punjab,142008.39,342240.22,1164.79,206.05,4.04,2.41
Moong(Green Gram),2018,Rabi,Punjab,35477.49,64569.03,1137.23,132.2,3.49,1.82
Potato,2018,Kharif,Punjab,272378.6,11448072.56,1813.44,114.8,0.59,42.03
Potato,2018,Whole Year,Punjab,118830.92,4980203.86,527.54,164.44,0.38,41.91
Onion,2018,Kharif,Punjab,391617.68,15128190.98,1468.74,237.82,0.31,38.63
Onion,2018,Rabi,Punjab,60217.2,2173840.92,1003.55,215.81,2.43,36.1
Tomato,2018,Summer,Punjab,382041.85,18769716.09,2193.79,237.1,1.22,49.13
Tomato,2018,Rabi,Punjab,90255.96,3435141.84,670.24,137.47,3.95,38.06
Banana,2018,Kharif,Punjab,202635.45,16022385.03,2177.0,34.89,1.84,79.07
Banana,2018,Rabi,Punjab,109820.69,8265105.13,1727.46,215.19,1.11,75.26
Rice,2018,Kharif,Rajasthan,295799.22,1520407.99,1540.1,53.14,2.67,5.14
Rice,2018,Summer,Rajasthan,43101.21,251280.05,1544.56,152.6,1.15,5.83
Wheat,2018,Kharif,Rajasthan,420546.03,1884046.21,1339.48,66.43,1.37,4.48
Wheat,2018,Rabi,Rajasthan,433716.17,2580611.21,708.4,196.72,1.56,5.95
Maize,2018,Rabi,Rajasthan,374260.47,2088373.42,1533.32,88.62,3.46,5.58
Maize,2018,Summer,Rajasthan,445273.93,1651966.28,670.04,59.81,2.21,3.71
Cotton(lint),2018,Whole Year,Rajasthan,225102.07,634787.84,549.71,80.68,3.26,2.82
Cotton(lint),2018,Summer,Rajasthan,29783.28,132237.76,1816.17,120.76,2.24,4.44
Sugarcane,2018,Whole Year,Rajasthan,8995.88,707256.09,831.72,116.73,2.71,78.62
Sugarcane,2018,Kharif,Rajasthan,376596.88,41809785.62,1922.29,163.35,4.16,111.02
Soybean,2018,Rabi,Rajasthan,10130.6,22996.46,1124.21,100.37,3.11,2.27
Soybean,2018,Kharif,Rajasthan,103685.24,352529.82,1891.26,82.16,0.44,3.4
Groundnut,2018,Kharif,Rajasthan,315119.52,1351862.74,1290.17,155.09,3.84,4.29
Groundnut,2018,Rabi,Rajasthan,4311.63,14832.01,1637.39,71.03,2.27,3.44
Rapeseed &Mustard,2018,Whole Year,Rajasthan,316105.51,960960.75,1429.27,126.04,3.49,3.04
Rapeseed &Mustard,2018,Kharif,Rajasthan,397234.06,1163895.8,1107.72,152.11,1.37,2.93
Gram,2018,Whole Year,Rajasthan,241496.55,697925.03,1956.22,197.43,1.58,2.89
Gram,2018,Summer,Rajasthan,17720.59,34023.53,1177.72,52.23,1.15,1.92
Arhar/Tur,2018,Kharif,Rajasthan,205088.24,461448.54,1846.71,83.72,3.18,2.25
Arhar/Tur,2018,Rabi,Rajasthan,186147.21,362987.06,1390.04,61.87,0.99,1.95
Moong(Green Gram),2018,Whole Year,Rajasthan,198612.87,291960.92,1229.49,59.42,0.98,1.47
Moong(Green Gram),2018,Kharif,Rajasthan,299828.49,605653.55,1153.35,233.33,0.48,2.02
Potato,2018,Kharif,Rajasthan,102060.39,2893412.06,502.25,145.51,1.33,28.35
Potato,2018,Whole Year,Rajasthan,434633.72,16416115.6,1814.04,181.85,3.77,37.77
Onion,2018,Kharif,Rajasthan,217416.09,4163518.12,640.94,85.59,0.39,19.15
Onion,2018,Whole Year,Rajasthan,172255.48,4547544.67,1444.61,183.79,2.8,26.4
Tomato,2018,Rabi,Rajasthan,393284.09,11495693.95,1949.29,62.17,1.28,29.23
Tomato,2018,Whole Year,Rajasthan,59685.2,2228645.37,917.95,234.84,1.69,37.34
Banana,2018,Kharif,Rajasthan,323876.99,17690161.19,1144.39,51.66,4.36,54.62
Banana,2018,Whole Year,Rajasthan,431063.61,27333743.51,1133.46,180.89,1.09,63.41
Rice,2018,Rabi,Tamil Nadu,344692.31,2516253.86,754.45,211.99,0.3,7.3
Rice,2018,Summer,Tamil Nadu,107457.82,833872.68,1673.6,181.38,2.94,7.76
Wheat,2018,Summer,Tamil Nadu,282980.96,2082739.87,1462.7,202.02,1.25,7.36
Wheat,2018,Rabi,Tamil Nadu,33373.31,190227.87,1007.31,115.32,2.33,5.7
Maize,2018,Summer,Tamil Nadu,443213.65,3226595.37,1884.9,163.22,0.46,7.28
Maize,2018,Kharif,Tamil Nadu,128636.46,805264.24,1521.02,155.62,3.81,6.26
Cotton(lint),2018,Whole Year,Tamil Nadu,349924.81,1455687.21,1283.39,204.44,0.76,4.16
Cotton(lint),2018,Rabi,Tamil Nadu,38055.58,151461.21,1554.69,146.01,0.37,3.98
Sugarcane,2018,Rabi,Tamil Nadu,408250.26,52574468.48,1382.32,125.04,3.97,128.78
Sugarcane,2018,Whole Year,Tamil Nadu,277105.33,25986937.85,1069.89,48.25,0.29,93.78
Soybean,2018,Rabi,Tamil Nadu,37724.43,91670.36,456.56,52.65,2.74,2.43
Soybean,2018,Whole Year,Tamil Nadu,293817.19,834440.82,665.64,132.57,4.34,2.84
Groundnut,2018,Summer,Tamil Nadu,105960.43,503312.04,599.31,229.31,2.88,4.75
Groundnut,2018,Whole Year,Tamil Nadu,31234.46,171789.53,803.77,225.1,2.66,5.5
Rapeseed &Mustard,2018,Summer,Tamil Nadu,16167.62,58365.11,1256.45,211.05,4.4,3.61
Rapeseed &Mustard,2018,Rabi,Tamil Nadu,70178.43,207026.37,1107.96,77.34,3.11,2.95
Gram,2018,Whole Year,Tamil Nadu,244433.82,652638.3,1116.72,184.93,0.31,2.67
Gram,2018,Summer,Tamil Nadu,196485.75,575703.25,1824.03,59.92,4.22,2.93
Arhar/Tur,2018,Summer,Tamil Nadu,3185.69,11022.49,1821.54,214.99,0.95,3.46
Arhar/Tur,2018,Rabi,Tamil Nadu,200504.12,473189.72,1415.28,97.17,0.89,2.36
Moong(Green Gram),2018,Summer,Tamil Nadu,192353.64,369318.99,869.71,217.71,3.16,1.92
Moong(Green Gram),2018,Kharif,Tamil Nadu,270294.18,535182.48,1301.44,65.16,0.41,1.98
Potato,2018,Whole Year,Tamil Nadu,78578.27,2930969.47,483.16,128.41,2.72,37.3
Potato,2018,Rabi,Tamil Nadu,282790.13,10556555.55,588.48,216.38,4.15,37.33
Onion,2018,Summer,Tamil Nadu,221801.05,7179699.99,2095.64,136.84,4.33,32.37
Onion,2018,Rabi,Tamil Nadu,351714.69,11029772.68,1810.5,183.76,3.9,31.36
Tomato,2018,Whole Year,Tamil Nadu,407573.94,20007804.71,1439.74,174.12,3.72,49.09
Tomato,2018,Kharif,Tamil Nadu,328464.84,12948083.99,494.03,110.26,4.34,39.42
Banana,2018,Summer,Tamil Nadu,182929.08,10265979.97,611.41,57.49,3.64,56.12
Banana,2018,Rabi,Tamil Nadu,300671.79,22739807.48,1496.76,179.81,2.24,75.63
Rice,2018,Summer,Telangana,167425.16,785224.0,794.12,115.81,3.48,4.69
Rice,2018,Rabi,Telangana,374424.94,2699603.82,1986.96,120.98,1.81,7.21
Wheat,2018,Kharif,Telangana,311249.76,2194310.81,1808.12,113.46,0.95,7.05
Wheat,2018,Rabi,Telangana,121412.54,749115.37,1235.0,111.13,0.95,6.17
Maize,2018,Whole Year,Telangana,191887.29,1479451.01,1980.74,173.45,2.94,7.71
Maize,2018,Summer,Telangana,222096.03,1510253.0,1154.75,220.95,2.34,6.8
Cotton(lint),2018,Summer,Telangana,374443.53,1344252.27,478.12,202.38,4.07,3.59
Cotton(lint),2018,Kharif,Telangana,241706.34,821801.56,818.95,138.5,4.01,3.4
Sugarcane,2018,Summer,Telangana,261244.19,25654179.46,837.5,153.74,1.92,98.2
Sugarcane,2018,Kharif,Telangana,292126.23,29049032.31,766.24,49.04,0.37,99.44
Soybean,2018,Summer,Telangana,201830.69,777048.16,2111.04,128.18,0.54,3.85
Soybean,2018,Kharif,Telangana,43242.0,165616.86,1932.66,90.78,3.12,3.83
Groundnut,2018,Kharif,Telangana,165562.72,889071.81,2195.53,163.38,3.19,5.37
Groundnut,2018,Rabi,Telangana,398536.94,1414806.14,1144.11,30.86,1.47,3.55
Rapeseed &Mustard,2018,Summer,Telangana,340377.36,1051766.04,1295.5,69.04,0.45,3.09
Rapeseed &Mustard,2018,Kharif,Telangana,189071.33,421629.07,854.05,34.35,2.33,2.23
Gram,2018,Rabi,Telangana,65964.53,223619.76,1396.31,235.26,3.58,3.39
Gram,2018,Kharif,Telangana,156884.95,359266.54,705.31,77.16,0.23,2.29
Arhar/Tur,2018,Summer,Telangana,121375.65,189346.01,565.33,100.5,1.46,1.56
Arhar/Tur,2018,Whole Year,Telangana,153209.85,401409.81,2033.6,100.32,3.58,2.62
Moong(Green Gram),2018,Kharif,Telangana,79805.53,134871.35,1398.95,40.16,0.36,1.69
Moong(Green Gram),2018,Rabi,Telangana,183440.59,317352.22,1289.41,102.11,1.29,1.73
Potato,2018,Whole Year,Telangana,252221.14,10288100.3,931.23,225.87,2.88,40.79
Potato,2018,Summer,Telangana,152535.86,5900087.06,1707.79,168.11,0.85,38.68
Onion,2018,Whole Year,Telangana,61144.87,1529844.65,797.91,173.31,1.25,25.02
Onion,2018,Rabi,Telangana,164667.95,5506496.25,2001.5,135.08,2.78,33.44
Tomato,2018,Rabi,Telangana,409053.09,15441754.15,1281.39,84.13,1.89,37.75
Tomato,2018,Kharif,Telangana,260413.09,10835788.67,1453.9,193.68,1.16,41.61
Banana,2018,Kharif,Telangana,42983.3,2351616.34,589.14,58.66,2.84,54.71
Banana,2018,Summer,Telangana,264939.53,18291425.15,2027.01,161.54,4.44,69.04
Rice,2018,Kharif,Uttar Pradesh,288398.19,2321605.43,2044.38,104.86,2.04,8.05
Rice,2018,Rabi,Uttar Pradesh,390854.62,2012901.29,1043.5,59.89,2.32,5.15
Wheat,2018,Kharif,Uttar Pradesh,203674.42,1384986.06,888.5,223.76,2.57,6.8
Wheat,2018,Summer,Uttar Pradesh,293924.5,1816453.41,951.43,137.82,2.48,6.18
Maize,2018,Kharif,Uttar Pradesh,413525.82,1972518.16,419.11,237.73,2.26,4.77
Maize,2018,Summer,Uttar Pradesh,383710.74,2682138.07,1411.58,169.19,2.99,6.99
Cotton(lint),2018,Kharif,Uttar Pradesh,362626.87,1526659.12,1404.04,122.05,2.34,4.21
Cotton(lint),2018,Whole Year,Uttar Pradesh,92969.87,414645.62,1496.84,114.98,0.46,4.46
Sugarcane,2018,Summer,Uttar Pradesh,185172.86,17561794.04,1948.81,76.3,0.32,94.84
Sugarcane,2018,Rabi,Uttar Pradesh,443015.67,41173876.37,588.02,39.93,0.39,92.94
Soybean,2018,Rabi,Uttar Pradesh,322494.53,957808.75,1067.09,62.03,0.8,2.97
Soybean,2018,Summer,Uttar Pradesh,327749.85,1196286.95,1278.86,126.04,1.11,3.65
Groundnut,2018,Summer,Uttar Pradesh,446309.0,2111041.57,1877.61,161.49,1.12,4.73
Groundnut,2018,Rabi,Uttar Pradesh,215214.2,931877.49,1159.59,226.17,3.3,4.33
Rapeseed &Mustard,2018,Rabi,Uttar Pradesh,60266.7,235642.8,902.84,231.37,3.23,3.91
Rapeseed &Mustard,2018,Kharif,Uttar Pradesh,225127.29,524546.59,525.59,138.26,0.76,2.33
Gram,2018,Rabi,Uttar Pradesh,343277.07,1153410.96,1798.67,182.42,0.37,3.36
Gram,2018,Whole Year,Uttar Pradesh,158569.4,450337.1,698.28,215.68,4.45,2.84
Arhar/Tur,2018,Whole Year,Uttar Pradesh,89744.98,241414.0,1271.76,159.39,0.63,2.69
Arhar/Tur,2018,Kharif,Uttar Pradesh,421481.0,838747.19,900.99,90.64,1.36,1.99
Moong(Green Gram),2018,Kharif,Uttar Pradesh,205237.08,416631.27,1297.04,130.46,3.68,2.03
Moong(Green Gram),2018,Whole Year,Uttar Pradesh,231626.38,333541.99,804.49,57.19,3.93,1.44
Potato,2018,Kharif,Uttar Pradesh,406323.08,14891740.88,1798.55,76.55,4.2,36.65
Potato,2018,Rabi,Uttar Pradesh,276991.53,9201658.63,1601.28,52.96,0.48,33.22
Onion,2018,Rabi,Uttar Pradesh,381278.13,9318437.5,1015.0,104.82,4.14,24.44
Onion,2018,Whole Year,Uttar Pradesh,428854.19,13774796.58,1977.93,80.56,2.3,32.12
Tomato,2018,Whole Year,Uttar Pradesh,319639.85,12459561.35,1510.84,67.56,2.54,38.98
Tomato,2018,Rabi,Uttar Pradesh,56913.84,1926533.48,817.54,199.83,1.94,33.85
Banana,2018,Kharif,Uttar Pradesh,161939.36,9573854.96,1419.01,45.26,4.26,59.12
Banana,2018,Summer,Uttar Pradesh,76692.17,4070053.46,571.85,67.51,1.99,53.07
Rice,2018,Rabi,West Bengal,196449.02,1384965.59,2071.76,92.12,3.62,7.05
Rice,2018,Summer,West Bengal,205540.72,1274352.46,821.38,219.64,0.42,6.2
Wheat,2018,Kharif,West Bengal,441348.45,2533340.1,1361.33,48.73,1.78,5.74
Wheat,2018,Summer,West Bengal,205325.97,1320245.99,1141.55,79.43,0.51,6.43
Maize,2018,Summer,West Bengal,6374.86,26710.66,416.09,90.55,0.26,4.19
Maize,2018,Whole Year,West Bengal,18143.59,124827.9,1604.89,220.44,1.96,6.88
Cotton(lint),2018,Whole Year,West Bengal,316279.28,1116465.86,1120.92,90.48,2.12,3.53
Cotton(lint),2018,Summer,West Bengal,141957.54,559312.71,1840.34,66.72,3.45,3.94
Sugarcane,2018,Whole Year,West Bengal,214833.16,20308178.61,1572.14,32.92,2.87,94.53
Sugarcane,2018,Kharif,West Bengal,194267.85,25266476.57,2135.8,215.68,1.97,130.06
Soybean,2018,Whole Year,West Bengal,16317.49,56132.17,935.43,227.46,4.32,3.44
Soybean,2018,Kharif,West Bengal,65060.08,265445.13,1471.96,165.77,2.03,4.08
Groundnut,2018,Kharif,West Bengal,104303.81,430774.74,1064.03,89.87,2.59,4.13
Groundnut,2018,Rabi,West Bengal,280663.56,1131074.15,1307.66,70.07,2.6,4.03
Rapeseed &Mustard,2018,Kharif,West Bengal,92224.45,319096.6,1404.06,103.4,2.97,3.46
Rapeseed &Mustard,2018,Summer,West Bengal,194485.8,591236.83,1430.23,97.43,3.23,3.04
Gram,2018,Summer,West Bengal,284848.12,994119.94,1644.91,228.08,2.42,3.49
Gram,2018,Rabi,West Bengal,31512.85,69013.14,786.29,101.67,3.56,2.19
Arhar/Tur,2018,Kharif,West Bengal,112809.09,316993.54,1650.08,223.87,3.82,2.81
Arhar/Tur,2018,Whole Year,West Bengal,232837.86,472660.86,1428.89,70.7,1.19,2.03
Moong(Green Gram),2018,Summer,West Bengal,377724.36,842325.32,2079.27,94.73,3.9,2.23
Moong(Green Gram),2018,Whole Year,West Bengal,122797.33,227175.06,885.41,177.9,4.19,1.85
Potato,2018,Rabi,West Bengal,174595.48,6858110.45,1691.98,198.23,3.44,39.28
Potato,2018,Kharif,West Bengal,297041.86,11840088.54,1260.93,231.93,2.81,39.86
Onion,2018,Rabi,West Bengal,42567.71,1290652.97,897.37,167.78,1.56,30.32
Onion,2018,Kharif,West Bengal,260919.58,6306426.25,585.16,95.28,0.53,24.17
Tomato,2018,Kharif,West Bengal,293683.31,11485954.25,527.35,234.44,3.46,39.11
Tomato,2018,Whole Year,West Bengal,7600.61,276738.21,1338.32,55.45,3.12,36.41
Banana,2018,Whole Year,West Bengal,143781.06,7092719.69,540.33,68.0,4.28,49.33
Banana,2018,Summer,West Bengal,303767.59,16728481.18,733.55,40.46,3.75,55.07
Rice,2019,Whole Year,Andhra Pradesh,199599.43,1451087.86,1578.91,86.53,3.29,7.27
Rice,2019,Kharif,Andhra Pradesh,73200.99,585607.92,1762.74,225.84,3.39,8.0
Wheat,2019,Rabi,Andhra Pradesh,199971.6,1049850.9,721.23,107.34,3.1,5.25
Wheat,2019,Kharif,Andhra Pradesh,445842.45,2938101.75,1693.87,137.91,2.69,6.59
Maize,2019,Whole Year,Andhra Pradesh,95134.77,728732.34,2162.47,193.99,0.89,7.66
Maize,2019,Kharif,Andhra Pradesh,64323.26,367929.05,486.09,234.56,2.34,5.72
Cotton(lint),2019,Rabi,Andhra Pradesh,210492.61,835655.66,1801.84,76.18,1.91,3.97
Cotton(lint),2019,Kharif,Andhra Pradesh,9712.73,29041.06,885.69,39.76,0.87,2.99
Sugarcane,2019,Whole Year,Andhra Pradesh,304537.49,40439533.3,1411.43,208.48,3.76,132.79
Sugarcane,2019,Kharif,Andhra Pradesh,125535.04,16812907.91,2124.23,46.14,1.91,133.93
Soybean,2019,Rabi,Andhra Pradesh,225937.63,919566.15,2012.65,52.01,2.49,4.07
Soybean,2019,Kharif,Andhra Pradesh,200525.17,577512.49,1255.45,43.6,2.08,2.88
Groundnut,2019,Summer,Andhra Pradesh,398286.4,1617042.78,1261.94,184.84,0.26,4.06
Groundnut,2019,Rabi,Andhra Pradesh,14133.91,72082.94,1796.21,137.71,1.63,5.1
Rapeseed &Mustard,2019,Kharif,Andhra Pradesh,134112.41,497557.04,1761.51,111.3,2.41,3.71
Rapeseed &Mustard,2019,Whole Year,Andhra Pradesh,69572.56,277594.51,2089.4,148.02,4.47,3.99
Gram,2019,Rabi,Andhra Pradesh,53149.0,160509.98,1312.82,142.77,3.11,3.02
Gram,2019,Summer,Andhra Pradesh,380512.79,1034994.79,801.23,149.65,1.75,2.72
Arhar/Tur,2019,Rabi,Andhra Pradesh,143288.38,442761.09,1543.23,191.84,1.13,3.09
Arhar/Tur,2019,Whole Year,Andhra Pradesh,185351.72,413334.34,1429.13,46.49,3.77,2.23
Moong(Green Gram),2019,Rabi,Andhra Pradesh,307543.25,655067.12,1073.94,212.79,3.56,2.13
Moong(Green Gram),2019,Whole Year,Andhra Pradesh,311650.16,576552.8,1422.65,137.95,1.18,1.85
Potato,2019,Rabi,Andhra Pradesh,204623.65,7757282.57,1399.27,225.86,2.49,37.91
Potato,2019,Whole Year,Andhra Pradesh,401450.8,14937984.27,2176.11,82.88,3.3,37.21
Onion,2019,Summer,Andhra Pradesh,362570.05,10228101.11,871.18,118.13,2.59,28.21
Onion,2019,Rabi,Andhra Pradesh,18271.25,583949.15,1581.01,164.3,1.85,31.96
Tomato,2019,Whole Year,Andhra Pradesh,33823.76,1655334.81,1665.68,200.79,0.9,48.94
Tomato,2019,Summer,Andhra Pradesh,185189.88,8485400.3,696.98,230.52,2.2,45.82
Banana,2019,Whole Year,Andhra Pradesh,273750.13,25061824.4,1869.16,239.18,0.39,91.55
Banana,2019,Summer,Andhra Pradesh,198779.18,13886713.51,1042.19,176.26,4.45,69.86
Rice,2019,Kharif,Assam,19481.98,129360.35,1558.13,145.09,0.87,6.64
Rice,2019,Rabi,Assam,284089.65,1812491.97,1208.45,203.78,1.12,6.38
Wheat,2019,Kharif,Assam,157915.69,1083301.63,2193.55,107.29,1.97,6.86
Wheat,2019,Rabi,Assam,343644.41,2161523.34,1328.07,167.98,2.59,6.29
Maize,2019,Summer,Assam,262845.5,1947685.16,2147.45,201.77,0.93,7.41
Maize,2019,Rabi,Assam,310967.0,1865802.0,1583.02,122.58,2.96,6.0
Cotton(lint),2019,Whole Year,Assam,116169.82,467002.68,749.35,206.65,3.12,4.02
Cotton(lint),2019,Summer,Assam,322693.21,1261730.45,2044.47,46.13,2.39,3.91
Sugarcane,2019,Summer,Assam,49237.48,4707103.09,1523.92,143.0,3.54,95.6
Sugarcane,2019,Rabi,Assam,131491.66,12009133.31,1066.71,178.38,0.52,91.33
Soybean,2019,Rabi,Assam,447961.62,1285649.85,1051.15,62.34,1.55,2.87
Soybean,2019,Summer,Assam,223522.45,768917.23,1783.23,177.27,1.28,3.44
Groundnut,2019,Kharif,Assam,269476.39,1468646.33,2069.8,194.42,2.76,5.45
Groundnut,2019,Summer,Assam,234775.41,1089357.9,1041.27,215.4,0.73,4.64
Rapeseed &Mustard,2019,Rabi,Assam,324440.66,1216652.47,2117.26,139.13,1.43,3.75
Rapeseed &Mustard,2019,Summer,Assam,249291.3,555919.6,739.43,38.52,2.18,2.23
Gram,2019,Whole Year,Assam,1627.69,4101.78,1470.86,158.85,2.5,2.52
Gram,2019,Summer,Assam,308309.28,733776.09,1004.42,124.93,1.63,2.38
Arhar/Tur,2019,Rabi,Assam,170017.31,438644.66,2105.02,45.12,3.54,2.58
Arhar/Tur,2019,Kharif,Assam,222961.1,550713.92,1876.9,128.04,1.93,2.47
Moong(Green Gram),2019,Kharif,Assam,158998.19,201927.7,487.02,152.53,0.96,1.27
Moong(Green Gram),2019,Summer,Assam,283860.29,584752.2,1930.62,162.99,2.53,2.06
Potato,2019,Rabi,Assam,118019.54,4632266.94,924.28,226.84,2.28,39.25
Potato,2019,Whole Year,Assam,418877.48,10019549.32,955.01,67.97,2.76,23.92
Onion,2019,Whole Year,Assam,361778.47,10918474.22,2023.79,140.87,3.59,30.18
Onion,2019,Summer,Assam,18606.75,444701.32,439.33,142.22,4.49,23.9
Tomato,2019,Rabi,Assam,130544.49,5006381.19,1675.1,133.46,2.85,38.35
Tomato,2019,Summer,Assam,383445.86,12231922.93,1260.85,34.24,4.46,31.9
Banana,2019,Summer,Assam,390436.1,22219718.45,1504.33,168.52,2.84,56.91
Banana,2019,Whole Year,Assam,151387.1,9463207.62,1647.6,119.35,1.95,62.51
Rice,2019,Kharif,Bihar,369295.19,2123447.34,1233.53,180.22,3.0,5.75
Rice,2019,Rabi,Bihar,57040.59,215613.43,442.99,47.06,1.3,3.78
Wheat,2019,Rabi,Bihar,288062.23,1457594.88,741.27,88.21,0.54,5.06
Wheat,2019,Summer,Bihar,432200.62,2670999.83,1744.86,133.28,1.24,6.18
Maize,2019,Whole Year,Bihar,244738.98,1666672.45,1673.98,198.68,4.17,6.81
Maize,2019,Summer,Bihar,277821.16,1594693.46,1101.27,216.33,2.69,5.74
Cotton(lint),2019,Kharif,Bihar,429046.93,1518826.13,1894.3,53.91,3.97,3.54
Cotton(lint),2019,Rabi,Bihar,392127.12,1890052.72,1476.44,208.22,2.22,4.82
Sugarcane,2019,Kharif,Bihar,437751.89,41196830.37,895.04,194.99,1.44,94.11
Sugarcane,2019,Rabi,Bihar,54134.64,5298698.56,1339.54,151.14,3.71,97.88
Soybean,2019,Summer,Bihar,336746.27,966461.79,712.93,112.19,3.47,2.87
Soybean,2019,Kharif,Bihar,21460.92,59446.75,914.48,108.02,4.39,2.77
Groundnut,2019,Kharif,Bihar,269920.89,1400889.42,1459.46,226.28,4.31,5.19
Groundnut,2019,Whole Year,Bihar,279549.25,1120992.49,1135.92,169.78,4.31,4.01
Rapeseed &Mustard,2019,Summer,Bihar,363205.42,711882.62,639.76,57.51,4.2,1.96
Rapeseed &Mustard,2019,Kharif,Bihar,388434.9,1371175.2,2060.85,131.31,2.03,3.53
Gram,2019,Rabi,Bihar,284811.63,834498.08,2094.52,114.47,4.05,2.93
Gram,2019,Summer,Bihar,354382.29,1070234.52,1330.07,222.91,1.01,3.02
Arhar/Tur,2019,Rabi,Bihar,17941.96,44137.22,1487.83,165.08,1.47,2.46
Arhar/Tur,2019,Summer,Bihar,145754.75,339608.57,2063.25,122.42,1.96,2.33
Moong(Green Gram),2019,Whole Year,Bihar,397315.32,667489.74,1884.03,42.71,2.57,1.68
Moong(Green Gram),2019,Kharif,Bihar,140536.62,240317.62,1868.6,42.15,2.99,1.71
Potato,2019,Whole Year,Bihar,434207.27,12348854.76,1246.42,101.35,2.43,28.44
Potato,2019,Kharif,Bihar,302476.7,8977508.46,648.12,136.58,0.6,29.68
Onion,2019,Summer,Bihar,374030.64,12002643.24,1839.9,239.68,1.31,32.09
Onion,2019,Kharif,Bihar,37989.8,893899.99,721.3,155.43,2.75,23.53
Tomato,2019,Summer,Bihar,205366.88,5210157.75,939.59,82.32,2.73,25.37
Tomato,2019,Whole Year,Bihar,312626.13,9016137.59,1127.48,37.71,3.81,28.84
Banana,2019,Rabi,Bihar,286325.13,20286135.46,2070.72,207.37,0.5,70.85
Banana,2019,Whole Year,Bihar,157890.5,11849682.03,1610.3,229.54,0.6,75.05
Rice,2019,Kharif,Gujarat,233380.06,1911382.69,1725.82,222.56,2.02,8.19
Rice,2019,Summer,Gujarat,83929.69,470006.26,599.74,156.3,1.84,5.6
Wheat,2019,Rabi,Gujarat,67930.9,497254.19,1801.21,105.48,4.44,7.32
Wheat,2019,Kharif,Gujarat,103636.1,764834.42,2121.57,36.91,1.16,7.38
Maize,2019,Summer,Gujarat,392216.56,2894558.21,2113.79,180.16,0.32,7.38
Maize,2019,Kharif,Gujarat,166006.29,904734.28,911.44,90.23,3.64,5.45
Cotton(lint),2019,Kharif,Gujarat,268942.88,769176.64,1386.29,157.66,2.86,2.86
Cotton(lint),2019,Summer,Gujarat,415912.42,1796741.65,1360.99,159.63,1.35,4.32
Sugarcane,2019,Whole Year,Gujarat,173040.71,18702239.94,1487.03,105.64,3.29,108.08
Sugarcane,2019,Summer,Gujarat,374152.99,34283638.47,850.36,41.08,2.34,91.63
Soybean,2019,Summer,Gujarat,130192.32,376255.8,836.15,86.42,0.77,2.89
Soybean,2019,Whole Year,Gujarat,131839.91,384972.54,1119.43,116.51,0.67,2.92
Groundnut,2019,Whole Year,Gujarat,118962.06,479417.1,929.94,175.56,0.55,4.03
Groundnut,2019,Summer,Gujarat,145807.49,629888.36,653.52,165.73,3.62,4.32
Rapeseed &Mustard,2019,Summer,Gujarat,279720.82,965036.83,1146.99,147.15,0.9,3.45
Rapeseed &Mustard,2019,Kharif,Gujarat,388712.09,1166136.27,1270.1,79.51,3.8,3.0
Gram,2019,Kharif,Gujarat,105011.47,277230.28,1194.88,122.35,1.86,2.64
Gram,2019,Whole Year,Gujarat,33228.99,104006.74,1843.45,175.17,1.72,3.13
Arhar/Tur,2019,Kharif,Gujarat,252347.32,595539.68,526.6,225.38,0.77,2.36
Arhar/Tur,2019,Summer,Gujarat,286547.31,659058.81,1456.33,57.54,2.35,2.3
Moong(Green Gram),2019,Rabi,Gujarat,99364.58,148053.22,416.47,172.91,0.69,1.49
Moong(Green Gram),2019,Kharif,Gujarat,336187.54,564795.07,1526.61,68.7,2.77,1.68
Potato,2019,Rabi,Gujarat,442831.41,14237029.83,968.44,57.67,4.23,32.15
Potato,2019,Whole Year,Gujarat,15068.47,574259.39,1752.3,63.78,4.25,38.11
Onion,2019,Kharif,Gujarat,174171.23,5721524.91,1742.86,148.6,3.25,32.85
Onion,2019,Rabi,Gujarat,207956.88,4716462.04,460.78,79.24,0.31,22.68
Tomato,2019,Whole Year,Gujarat,28767.97,1046578.75,1203.08,100.69,4.29,36.38
Tomato,2019,Summer,Gujarat,339698.09,16770894.7,1801.79,130.9,0.53,49.37
Banana,2019,Whole Year,Gujarat,44388.79,3817435.94,1692.41,223.51,0.9,86.0
Banana,2019,Rabi,Gujarat,129434.43,10049289.15,2057.38,216.58,0.65,77.64
Rice,2019,Summer,Haryana,32783.99,243912.89,1684.34,113.69,2.27,7.44
Rice,2019,Rabi,Haryana,30691.19,197958.18,596.01,204.16,0.29,6.45
Wheat,2019,Whole Year,Haryana,229041.35,1653678.55,1279.63,190.23,3.92,7.22
Wheat,2019,Kharif,Haryana,211944.99,1286506.09,983.6,186.11,2.45,6.07
Maize,2019,Rabi,Haryana,134339.44,913508.19,1670.38,111.81,3.55,6.8
Maize,2019,Whole Year,Haryana,152139.05,893056.22,848.29,168.99,3.03,5.87
Cotton(lint),2019,Rabi,Haryana,139477.94,656941.1,1087.64,134.6,2.78,4.71
Cotton(lint),2019,Whole Year,Haryana,380124.18,2204720.24,1996.09,184.82,0.54,5.8
Sugarcane,2019,Rabi,Haryana,141128.85,16986268.39,1375.59,166.7,2.41,120.36
Sugarcane,2019,Summer,Haryana,238593.41,35404876.11,2093.4,111.72,3.45,148.39
Soybean,2019,Rabi,Haryana,345118.3,997391.89,1002.47,46.0,3.72,2.89
Soybean,2019,Whole Year,Haryana,318410.72,1343693.24,1870.57,211.1,2.48,4.22
Groundnut,2019,Whole Year,Haryana,245255.7,961402.34,1095.0,45.42,2.2,3.92
Groundnut,2019,Kharif,Haryana,301839.64,1663136.42,2159.21,109.57,1.48,5.51
Rapeseed &Mustard,2019,Rabi,Haryana,128595.03,407646.25,1019.52,163.13,0.69,3.17
Rapeseed &Mustard,2019,Whole Year,Haryana,287637.09,1176435.7,1466.49,186.03,3.89,4.09
Gram,2019,Summer,Haryana,140352.12,364915.51,1035.54,198.79,2.78,2.6
Gram,2019,Kharif,Haryana,303422.15,955779.77,1707.96,127.48,1.19,3.15
Arhar/Tur,2019,Kharif,Haryana,423029.24,1146409.24,1531.99,91.31,1.13,2.71
Arhar/Tur,2019,Rabi,Haryana,268910.94,801354.6,1505.74,156.81,1.75,2.98
Moong(Green Gram),2019,Rabi,Haryana,248937.76,609897.51,1430.59,218.66,3.23,2.45
Moong(Green Gram),2019,Whole Year,Haryana,124852.63,212249.47,770.44,84.28,0.83,1.7
Potato,2019,Whole Year,Haryana,112017.27,3345955.85,407.82,35.58,1.74,29.87
Potato,2019,Summer,Haryana,226653.6,7819549.2,722.94,39.81,3.4,34.5
Onion,2019,Summer,Haryana,95711.66,3212083.31,1249.98,234.14,1.36,33.56
Onion,2019,Whole Year,Haryana,318808.54,9621641.74,2046.43,45.79,3.42,30.18
Tomato,2019,Kharif,Haryana,273755.15,12702238.96,1771.96,124.23,1.8,46.4
Tomato,2019,Whole Year,Haryana,62444.1,2879921.89,1376.79,173.56,0.56,46.12
Banana,2019,Rabi,Haryana,2608.01,196800.43,531.4,173.04,1.45,75.46
Banana,2019,Kharif,Haryana,50850.51,3384101.44,1898.88,60.33,3.35,66.55
Rice,2019,Kharif,Karnataka,369658.48,2210557.71,1393.96,73.15,0.21,5.98
Rice,2019,Summer,Karnataka,179141.55,1074849.3,490.57,217.82,0.8,6.0
Wheat,2019,Kharif,Karnataka,17106.64,98705.31,473.8,168.13,4.29,5.77
Wheat,2019,Summer,Karnataka,25613.9,141132.59,481.04,63.16,4.4,5.51
Maize,2019,Rabi,Karnataka,222453.79,965449.45,529.71,52.27,1.25,4.34
Maize,2019,Whole Year,Karnataka,361118.65,1892261.73,598.09,180.62,3.69,5.24
Cotton(lint),2019,Rabi,Karnataka,411429.34,1267202.37,433.15,162.51,2.8,3.08
Cotton(lint),2019,Kharif,Karnataka,383667.43,2137027.59,1586.8,194.19,0.7,5.57
Sugarcane,2019,Rabi,Karnataka,413260.85,47553926.01,1458.44,164.01,3.23,115.07
Sugarcane,2019,Kharif,Karnataka,135300.39,12117502.93,1164.1,32.94,3.83,89.56
Soybean,2019,Whole Year,Karnataka,321524.63,1083538.0,2117.09,35.21,4.16,3.37
Soybean,2019,Rabi,Karnataka,97102.62,392294.58,1933.89,136.28,4.43,4.04
Groundnut,2019,Rabi,Karnataka,322704.01,1536071.09,1716.82,149.47,3.98,4.76
Groundnut,2019,Whole Year,Karnataka,27612.12,105478.3,1154.36,72.11,3.6,3.82
Rapeseed &Mustard,2019,Whole Year,Karnataka,53818.91,214199.26,1633.29,232.42,2.96,3.98
Rapeseed &Mustard,2019,Summer,Karnataka,438753.72,1167084.9,1350.54,108.44,1.85,2.66
Gram,2019,Rabi,Karnataka,377891.58,1228147.64,1164.75,204.28,4.21,3.25
Gram,2019,Kharif,Karnataka,432617.12,1168066.22,1152.01,174.58,2.93,2.7
Arhar/Tur,2019,Whole Year,Karnataka,266582.01,597143.7,1767.89,70.67,1.75,2.24
Arhar/Tur,2019,Summer,Karnataka,346793.71,648504.24,640.19,98.14,1.22,1.87
Moong(Green Gram),2019,Summer,Karnataka,321938.88,676071.65,1401.87,200.43,3.83,2.1
Moong(Green Gram),2019,Whole Year,Karnataka,285864.06,611749.09,2161.19,173.36,4.06,2.14
Potato,2019,Summer,Karnataka,431865.47,13871518.9,476.55,199.37,3.32,32.12
Potato,2019,Rabi,Karnataka,383642.53,13105228.82,1623.3,91.09,0.27,34.16
Onion,2019,Rabi,Karnataka,242808.32,7769866.24,1704.33,126.03,1.02,32.0
Onion,2019,Whole Year,Karnataka,110619.01,3777639.19,1899.25,158.87,1.22,34.15
Tomato,2019,Whole Year,Karnataka,386114.96,15749629.22,1277.23,131.21,2.86,40.79
Tomato,2019,Rabi,Karnataka,282141.71,11926130.08,1069.01,162.32,0.64,42.27
Banana,2019,Whole Year,Karnataka,109350.02,6763298.74,1057.84,184.17,1.5,61.85
Banana,2019,Kharif,Karnataka,88802.01,6413281.16,1721.31,35.68,1.46,72.22
Rice,2019,Kharif,Madhya Pradesh,306101.22,1998840.97,1226.93,154.81,2.76,6.53
Rice,2019,Rabi,Madhya Pradesh,430156.3,2408875.28,1447.33,45.06,2.31,5.6
Wheat,2019,Summer,Madhya Pradesh,118443.16,778171.56,1773.52,221.49,3.47,6.57
Wheat,2019,Rabi,Madhya Pradesh,389423.36,1923751.4,519.18,146.78,4.35,4.94
Maize,2019,Summer,Madhya Pradesh,374073.76,1750665.2,748.16,77.55,0.56,4.68
Maize,2019,Rabi,Madhya Pradesh,202439.1,1151878.48,1823.7,99.72,4.37,5.69
Cotton(lint),2019,Whole Year,Madhya Pradesh,364328.58,1501033.75,1112.08,167.07,1.68,4.12
Cotton(lint),2019,Kharif,Madhya Pradesh,315781.22,1465224.86,1608.54,189.06,2.35,4.64
Sugarcane,2019,Rabi,Madhya Pradesh,315549.26,30939604.94,873.86,152.91,0.84,98.05
Sugarcane,2019,Summer,Madhya Pradesh,312338.78,31024611.02,1782.27,62.02,4.13,99.33
Soybean,2019,Summer,Madhya Pradesh,66804.59,267886.41,1972.0,118.36,1.7,4.01
Soybean,2019,Rabi,Madhya Pradesh,356713.92,963127.58,1091.79,65.57,4.29,2.7
Groundnut,2019,Kharif,Madhya Pradesh,445882.19,1560587.67,737.34,139.88,3.63,3.5
Groundnut,2019,Rabi,Madhya Pradesh,123750.41,678152.25,2140.27,217.31,1.12,5.48
Rapeseed &Mustard,2019,Summer,Madhya Pradesh,100834.87,330738.37,1426.99,218.07,2.89,3.28
Rapeseed &Mustard,2019,Rabi,Madhya Pradesh,76439.31,229317.93,1271.84,127.26,2.45,3.0
Gram,2019,Whole Year,Madhya Pradesh,18341.04,44201.91,1162.67,233.53,3.62,2.41
Gram,2019,Summer,Madhya Pradesh,156359.42,417479.65,1471.26,141.43,3.02,2.67
Arhar/Tur,2019,Kharif,Madhya Pradesh,357035.05,803328.86,1579.59,103.15,4.15,2.25
Arhar/Tur,2019,Whole Year,Madhya Pradesh,168991.06,444446.49,1566.03,228.75,2.75,2.63
Moong(Green Gram),2019,Kharif,Madhya Pradesh,210175.44,357298.25,1250.38,82.5,2.79,1.7
Moong(Green Gram),2019,Summer,Madhya Pradesh,401857.25,811751.65,1769.41,166.33,3.81,2.02
Potato,2019,Rabi,Madhya Pradesh,208312.88,6124398.67,1945.28,69.33,1.69,29.4
Potato,2019,Summer,Madhya Pradesh,281773.63,9433781.13,861.88,192.19,2.37,33.48
Onion,2019,Whole Year,Madhya Pradesh,79856.25,2157715.88,1765.53,153.57,3.26,27.02
Onion,2019,Rabi,Madhya Pradesh,387350.12,8049135.49,430.57,58.4,1.27,20.78
Tomato,2019,Kharif,Madhya Pradesh,175181.24,5299232.51,685.66,97.54,3.4,30.25
Tomato,2019,Rabi,Madhya Pradesh,274077.39,8882848.21,2043.2,82.52,2.13,32.41
Banana,2019,Rabi,Madhya Pradesh,394017.38,27864909.11,2038.36,164.41,1.07,70.72
Banana,2019,Summer,Madhya Pradesh,219389.31,12623660.9,439.56,220.45,1.43,57.54
Rice,2019,Summer,Maharashtra,446075.69,2779051.55,839.24,213.29,4.12,6.23
Rice,2019,Whole Year,Maharashtra,384423.8,2717876.27,1594.8,172.97,3.58,7.07
Wheat,2019,Summer,Maharashtra,258932.01,1372339.65,595.62,171.71,2.28,5.3
Wheat,2019,Kharif,Maharashtra,19056.63,133396.41,1500.29,168.35,2.34,7.0
Maize,2019,Whole Year,Maharashtra,385546.11,1734957.49,901.37,72.8,3.78,4.5
Maize,2019,Kharif,Maharashtra,357271.67,1872103.55,1544.04,122.76,1.27,5.24
Cotton(lint),2019,Kharif,Maharashtra,229720.33,1008472.25,2091.02,88.71,1.59,4.39
Cotton(lint),2019,Summer,Maharashtra,377006.92,1323294.29,910.11,83.5,2.55,3.51
Sugarcane,2019,Whole Year,Maharashtra,385502.14,41233308.89,2081.12,60.24,3.2,106.96
Sugarcane,2019,Rabi,Maharashtra,329500.9,29786881.36,1022.75,95.81,0.7,90.4
Soybean,2019,Whole Year,Maharashtra,394025.91,1249062.13,420.16,175.5,3.51,3.17
Soybean,2019,Kharif,Maharashtra,293695.22,975068.13,1220.01,110.37,4.25,3.32
Groundnut,2019,Summer,Maharashtra,48112.14,176571.55,450.78,230.66,3.58,3.67
Groundnut,2019,Whole Year,Maharashtra,27213.08,82999.89,684.25,95.4,1.87,3.05
Rapeseed &Mustard,2019,Rabi,Maharashtra,51730.98,95185.0,606.03,37.49,4.11,1.84
Rapeseed &Mustard,2019,Summer,Maharashtra,354606.09,1347503.14,1526.95,160.22,2.29,3.8
Gram,2019,Kharif,Maharashtra,173800.6,378885.31,628.55,111.4,3.79,2.18
Gram,2019,Rabi,Maharashtra,115936.01,268971.54,832.63,88.37,2.35,2.32
Arhar/Tur,2019,Kharif,Maharashtra,348294.28,578168.5,672.08,57.78,4.03,1.66
Arhar/Tur,2019,Whole Year,Maharashtra,391635.93,951675.31,1601.43,68.85,1.61,2.43
Moong(Green Gram),2019,Rabi,Maharashtra,419674.05,830954.62,1802.23,160.23,2.52,1.98
Moong(Green Gram),2019,Summer,Maharashtra,28604.95,41191.13,742.26,103.82,2.44,1.44
Potato,2019,Whole Year,Maharashtra,338314.49,11884988.03,557.29,137.71,0.82,35.13
Potato,2019,Summer,Maharashtra,107007.86,3990323.1,1929.06,100.31,1.02,37.29
Onion,2019,Rabi,Maharashtra,31485.41,872775.57,989.63,167.16,1.74,27.72
Onion,2019,Kharif,Maharashtra,369521.24,10014025.6,2142.47,38.35,2.65,27.1
Tomato,2019,Summer,Maharashtra,127440.99,5161360.1,1558.59,136.99,1.2,40.5
Tomato,2019,Kharif,Maharashtra,187063.04,6704339.35,1346.72,108.5,2.24,35.84
Banana,2019,Kharif,Maharashtra,136263.67,8282105.86,1606.6,40.58,1.85,60.78
Banana,2019,Rabi,Maharashtra,39881.46,2526490.49,1011.35,206.0,2.84,63.35
Rice,2019,Whole Year,Odisha,415110.57,2096308.38,1374.09,51.9,4.21,5.05
Rice,2019,Summer,Odisha,388913.9,1645105.8,567.19,66.63,1.99,4.23
Wheat,2019,Kharif,Odisha,280370.02,1724275.62,1804.7,55.93,2.98,6.15
Wheat,2019,Summer,Odisha,381061.28,2362579.94,2000.13,97.97,1.36,6.2
Maize,2019,Whole Year,Odisha,424329.08,2422919.05,1237.6,125.79,2.36,5.71
Maize,2019,Rabi,Odisha,100664.31,555666.99,515.01,229.34,1.32,5.52
Cotton(lint),2019,Kharif,Odisha,232945.52,642929.64,813.4,46.03,1.14,2.76
Cotton(lint),2019,Summer,Odisha,85939.56,258678.08,428.76,105.1,1.74,3.01
Sugarcane,2019,Rabi,Odisha,140748.82,11707486.85,1801.82,31.15,3.42,83.18
Sugarcane,2019,Whole Year,Odisha,192542.01,23983032.77,2145.52,215.05,2.19,124.56
Soybean,2019,Kharif,Odisha,280798.32,1235512.61,2120.46,177.11,0.73,4.4
Soybean,2019,Rabi,Odisha,285672.97,805597.78,664.87,182.16,1.72,2.82
Groundnut,2019,Whole Year,Odisha,180557.9,550701.59,1071.92,36.65,2.19,3.05
Groundnut,2019,Kharif,Odisha,208495.57,888191.13,794.92,192.29,0.46,4.26
Rapeseed &Mustard,2019,Kharif,Odisha,19197.43,71414.44,1936.25,132.42,2.78,3.72
Rapeseed &Mustard,2019,Rabi,Odisha,329020.16,1250276.61,1772.11,153.72,1.77,3.8
Gram,2019,Kharif,Odisha,12808.85,32534.48,2160.57,109.7,4.01,2.54
Gram,2019,Summer,Odisha,5530.18,10286.13,494.39,170.97,4.23,1.86
Arhar/Tur,2019,Whole Year,Odisha,96628.74,169100.3,782.18,91.56,0.61,1.75
Arhar/Tur,2019,Kharif,Odisha,400653.55,973588.13,969.35,239.35,1.48,2.43
Moong(Green Gram),2019,Kharif,Odisha,408660.38,988958.12,1722.71,234.19,4.04,2.42
Moong(Green Gram),2019,Summer,Odisha,22330.07,44883.44,1872.1,156.33,4.31,2.01
Potato,2019,Rabi,Odisha,216853.91,7175695.88,555.66,192.27,3.25,33.09
Potato,2019,Kharif,Odisha,410250.75,12725978.27,1629.84,53.54,0.61,31.02
Onion,2019,Whole Year,Odisha,144746.2,3122175.53,1976.27,112.93,1.53,21.57
Onion,2019,Rabi,Odisha,411253.04,10351239.02,1242.86,88.24,3.82,25.17
Tomato,2019,Whole Year,Odisha,113082.39,3714756.51,829.87,42.12,0.53,32.85
Tomato,2019,Kharif,Odisha,382734.47,11857113.88,708.29,121.93,1.28,30.98
Banana,2019,Summer,Odisha,237815.79,14138148.72,1068.17,152.98,1.2,59.45
Banana,2019,Whole Year,Odisha,357370.12,20445144.57,1324.3,117.48,3.67,57.21
Rice,2019,Kharif,Punjab,232194.23,1367624.01,818.88,72.41,4.45,5.89
Rice,2019,Summer,Punjab,232110.06,2014715.32,1888.95,182.43,0.63,8.68
Wheat,2019,Whole Year,Punjab,235543.14,1366150.21,528.57,61.36,3.85,5.8
Wheat,2019,Kharif,Punjab,364633.69,3143142.41,1529.65,231.4,1.22,8.62
Maize,2019,Rabi,Punjab,244001.33,1490848.13,883.94,134.53,2.89,6.11
Maize,2019,Whole Year,Punjab,318082.07,2312456.65,1984.82,119.43,0.47,7.27
Cotton(lint),2019,Kharif,Punjab,291527.34,1005769.32,484.84,108.54,0.56,3.45
Cotton(lint),2019,Rabi,Punjab,107910.65,620486.24,2039.98,223.84,3.87,5.75
Sugarcane,2019,Whole Year,Punjab,40253.3,6133395.32,2013.92,213.92,2.07,152.37
Sugarcane,2019,Summer,Punjab,363241.08,42259467.25,1717.03,159.28,1.2,116.34
Soybean,2019,Whole Year,Punjab,122710.87,322729.59,478.61,48.39,1.08,2.63
Soybean,2019,Kharif,Punjab,379753.63,1317745.1,554.56,206.89,2.51,3.47
Groundnut,2019,Whole Year,Punjab,378985.82,2054103.14,1921.81,92.9,0.89,5.42
Groundnut,2019,Rabi,Punjab,41596.93,216304.04,1625.07,172.41,2.84,5.2
Rapeseed &Mustard,2019,Summer,Punjab,17097.95,49242.1,602.96,116.56,2.75,2.88
Rapeseed &Mustard,2019,Rabi,Punjab,138675.54,547768.38,1996.86,141.99,2.73,3.95
Gram,2019,Rabi,Punjab,952.65,2257.78,445.64,124.27,2.59,2.37
Gram,2019,Whole Year,Punjab,284238.8,937988.04,1811.53,144.71,2.88,3.3
Arhar/Tur,2019,Rabi,Punjab,145220.18,451634.76,2021.54,124.87,2.41,3.11
Arhar/Tur,2019,Whole Year,Punjab,243907.57,553670.18,953.11,96.17,2.6,2.27
Moong(Green Gram),2019,Rabi,Punjab,397755.28,811420.77,1168.05,87.42,0.23,2.04
Moong(Green Gram),2019,Summer,Punjab,364725.01,904518.02,2077.33,111.07,2.59,2.48
Potato,2019,Whole Year,Punjab,109887.33,4510874.9,454.71,231.16,2.76,41.05
Potato,2019,Rabi,Punjab,104895.29,4045811.34,959.23,198.25,4.01,38.57
Onion,2019,Rabi,Punjab,407309.67,14345446.58,1392.11,220.65,2.54,35.22
Onion,2019,Kharif,Punjab,171216.86,5157051.82,1853.11,47.54,2.11,30.12
Tomato,2019,Whole Year,Punjab,305997.45,13705625.79,2008.16,70.02,1.48,44.79
Tomato,2019,Kharif,Punjab,437314.36,21625195.1,2133.14,189.68,2.44,49.45
Banana,2019,Summer,Punjab,31763.78,2340037.67,1346.22,187.45,0.93,73.67
Banana,2019,Kharif,Punjab,274942.73,23744054.16,1584.47,166.29,0.28,86.36
Rice,2019,Whole Year,Rajasthan,363350.47,2223704.88,1310.91,109.46,3.98,6.12
Rice,2019,Kharif,Rajasthan,227137.31,1158400.28,774.41,158.69,1.43,5.1
Wheat,2019,Kharif,Rajasthan,285608.03,1622253.61,893.89,155.45,3.18,5.68
Wheat,2019,Rabi,Rajasthan,148574.35,705728.16,1403.24,34.47,3.39,4.75
Maize,2019,Whole Year,Rajasthan,372276.0,2594763.72,1770.99,175.19,3.51,6.97
Maize,2019,Kharif,Rajasthan,151946.9,954226.53,2146.12,219.03,2.64,6.28
Cotton(lint),2019,Rabi,Rajasthan,109998.32,471892.79,1443.07,131.16,3.52,4.29
Cotton(lint),2019,Summer,Rajasthan,181645.39,423233.76,599.93,52.5,0.71,2.33
Sugarcane,2019,Whole Year,Rajasthan,79914.46,6515425.92,1143.33,64.88,2.99,81.53
Sugarcane,2019,Kharif,Rajasthan,221264.58,17997660.94,934.83,172.78,0.68,81.34
Soybean,2019,Kharif,Rajasthan,209126.56,777950.8,1533.64,207.71,3.82,3.72
Soybean,2019,Whole Year,Rajasthan,287305.77,709645.25,529.41,228.62,2.06,2.47
Groundnut,2019,Whole Year,Rajasthan,262007.6,720520.9,847.08,35.2,2.15,2.75
Groundnut,2019,Summer,Rajasthan,12080.8,58350.26,2036.36,93.41,2.2,4.83
Rapeseed &Mustard,2019,Summer,Rajasthan,368585.46,1592289.19,2047.7,181.75,2.05,4.32
Rapeseed &Mustard,2019,Kharif,Rajasthan,393782.22,1646009.68,1999.43,225.5,3.69,4.18
Gram,2019,Whole Year,Rajasthan,281789.17,696019.25,1297.91,116.44,1.75,2.47
Gram,2019,Rabi,Rajasthan,431841.3,868001.01,1074.88,83.01,4.31,2.01
Arhar/Tur,2019,Summer,Rajasthan,275588.8,545665.82,1048.23,164.68,3.32,1.98
Arhar/Tur,2019,Rabi,Rajasthan,405281.91,847039.19,1632.11,108.44,3.68,2.09
Moong(Green Gram),2019,Rabi,Rajasthan,201964.07,500870.89,1865.15,222.72,1.74,2.48
Moong(Green Gram),2019,Kharif,Rajasthan,21646.13,42859.34,1810.96,125.39,1.82,1.98
Potato,2019,Kharif,Rajasthan,90672.99,3060213.41,2012.2,59.16,1.51,33.75
Potato,2019,Summer,Rajasthan,328925.17,13854328.16,1855.78,218.03,1.51,42.12
Onion,2019,Rabi,Rajasthan,286946.76,5868061.24,1001.64,82.51,1.1,20.45
Onion,2019,Whole Year,Rajasthan,61266.19,1516338.2,1055.31,157.47,0.83,24.75
Tomato,2019,Kharif,Rajasthan,70058.35,2218047.36,1956.88,41.03,1.36,31.66
Tomato,2019,Rabi,Rajasthan,261832.91,10174826.88,1528.89,215.24,1.49,38.86
Banana,2019,Whole Year,Rajasthan,223311.82,12230788.38,1266.64,116.13,2.48,54.77
Banana,2019,Summer,Rajasthan,256922.43,15399930.45,2078.68,58.93,3.23,59.94
Rice,2019,Summer,Tamil Nadu,383972.59,2622532.79,1221.69,152.5,2.11,6.83
Rice,2019,Whole Year,Tamil Nadu,188769.02,1021240.4,556.16,155.12,0.24,5.41
Wheat,2019,Kharif,Tamil Nadu,294216.68,2344906.94,1828.17,227.24,2.72,7.97
Wheat,2019,Rabi,Tamil Nadu,184959.95,1370553.23,1354.13,143.65,3.29,7.41
Maize,2019,Kharif,Tamil Nadu,21736.85,128464.78,1032.19,150.21,2.38,5.91
Maize,2019,Rabi,Tamil Nadu,184691.41,1001027.44,1404.45,41.74,2.02,5.42
Cotton(lint),2019,Summer,Tamil Nadu,268151.72,1372936.81,2093.1,239.69,2.07,5.12
Cotton(lint),2019,Rabi,Tamil Nadu,214303.08,642909.24,541.14,36.12,4.04,3.0
Sugarcane,2019,Summer,Tamil Nadu,189494.67,19495211.65,993.01,142.98,3.31,102.88
Sugarcane,2019,Kharif,Tamil Nadu,8370.96,869073.07,783.82,119.24,0.39,103.82
Soybean,2019,Rabi,Tamil Nadu,40963.55,186793.79,2107.33,209.9,3.78,4.56
Soybean,2019,Kharif,Tamil Nadu,373682.49,1023890.02,853.53,81.29,3.11,2.74
Groundnut,2019,Rabi,Tamil Nadu,133294.12,783769.43,1925.14,138.05,2.98,5.88
Groundnut,2019,Whole Year,Tamil Nadu,429604.47,1847299.22,1315.57,136.58,0.7,4.3
Rapeseed &Mustard,2019,Kharif,Tamil Nadu,133704.19,449246.08,1157.51,205.24,2.23,3.36
Rapeseed &Mustard,2019,Whole Year,Tamil Nadu,343076.19,1108136.09,1269.23,105.8,2.83,3.23
Gram,2019,Whole Year,Tamil Nadu,235963.94,646541.2,691.65,184.55,2.61,2.74
Gram,2019,Kharif,Tamil Nadu,400847.55,1350856.24,1587.12,223.58,2.63,3.37
Arhar/Tur,2019,Summer,Tamil Nadu,424577.48,1112393.0,903.85,236.01,1.97,2.62
Arhar/Tur,2019,Rabi,Tamil Nadu,67764.22,126719.09,947.71,50.15,0.97,1.87
Moong(Green Gram),2019,Rabi,Tamil Nadu,58032.37,91110.82,435.7,164.1,3.96,1.57
Moong(Green Gram),2019,Kharif,Tamil Nadu,76353.22,154233.5,2031.71,86.78,2.11,2.02
Potato,2019,Summer,Tamil Nadu,184882.59,7996172.02,1883.97,189.3,0.77,43.25
Potato,2019,Rabi,Tamil Nadu,46399.26,1654133.62,1885.03,83.2,1.01,35.65
Onion,2019,Whole Year,Tamil Nadu,252173.17,6624589.18,840.7,61.16,1.17,26.27
Onion,2019,Summer,Tamil Nadu,173972.4,4201433.46,535.88,142.57,3.59,24.15
Tomato,2019,Kharif,Tamil Nadu,226049.91,11659654.36,1602.18,236.13,1.15,51.58
Tomato,2019,Rabi,Tamil Nadu,430845.11,17591405.84,1520.2,57.48,0.43,40.83
Banana,2019,Rabi,Tamil Nadu,160668.67,9722061.22,791.24,74.81,0.55,60.51
Banana,2019,Kharif,Tamil Nadu,67378.56,4050125.24,1307.27,113.87,1.6,60.11
Rice,2019,Summer,Telangana,94739.39,701071.49,1792.64,201.33,2.35,7.4
Rice,2019,Rabi,Telangana,382363.16,2982432.65,1898.91,175.61,4.14,7.8
Wheat,2019,Whole Year,Telangana,163464.14,993861.97,685.46,201.11,3.46,6.08
Wheat,2019,Rabi,Telangana,343327.5,1867701.6,621.5,52.43,2.71,5.44
Maize,2019,Whole Year,Telangana,27400.79,194545.61,1141.86,175.12,2.02,7.1
Maize,2019,Kharif,Telangana,68477.6,374572.47,1141.57,35.98,0.84,5.47
Cotton(lint),2019,Summer,Telangana,66232.37,263604.83,1760.11,108.33,4.16,3.98
Cotton(lint),2019,Whole Year,Telangana,341207.72,1330710.11,1422.04,111.2,1.73,3.9
Sugarcane,2019,Rabi,Telangana,145335.4,14564060.43,2078.0,124.52,1.36,100.21
Sugarcane,2019,Whole Year,Telangana,345833.27,41109200.8,1931.09,194.36,0.84,118.87
Soybean,2019,Rabi,Telangana,73012.62,174500.16,1275.92,49.61,3.58,2.39
Soybean,2019,Kharif,Telangana,1333.35,4680.06,1872.15,133.5,2.09,3.51
Groundnut,2019,Summer,Telangana,159982.86,795114.81,1694.38,180.22,0.37,4.97
Groundnut,2019,Kharif,Telangana,75285.33,349323.93,869.41,168.19,4.27,4.64
Rapeseed &Mustard,2019,Rabi,Telangana,268262.29,726990.81,1463.0,37.24,3.72,2.71
Rapeseed &Mustard,2019,Summer,Telangana,78456.57,267536.9,1780.74,152.57,3.45,3.41
Gram,2019,Whole Year,Telangana,118877.95,355445.07,2033.02,74.89,1.42,2.99
Gram,2019,Summer,Telangana,415342.51,859759.0,737.69,72.83,2.78,2.07
Arhar/Tur,2019,Kharif,Telangana,131074.13,270012.71,792.24,82.83,4.25,2.06
Arhar/Tur,2019,Whole Year,Telangana,96790.61,227457.93,713.93,216.65,2.33,2.35
Moong(Green Gram),2019,Kharif,Telangana,194157.55,396081.4,1561.0,128.22,3.73,2.04
Moong(Green Gram),2019,Summer,Telangana,135617.23,279371.49,1799.0,65.8,0.61,2.06
Potato,2019,Summer,Telangana,99644.26,3493527.76,1289.48,194.2,3.04,35.06
Potato,2019,Rabi,Telangana,430742.04,13538222.32,886.67,88.35,2.98,31.43
Onion,2019,Kharif,Telangana,75032.43,1620700.49,616.48,134.69,4.42,21.6
Onion,2019,Whole Year,Telangana,406244.77,10505489.75,1250.13,117.77,2.95,25.86
Tomato,2019,Whole Year,Telangana,55646.7,2486294.56,1609.65,206.77,0.99,44.68
Tomato,2019,Summer,Telangana,65264.24,2903606.04,1557.15,139.21,0.32,44.49
Banana,2019,Rabi,Telangana,168827.66,10219138.26,870.79,65.6,2.81,60.53
Banana,2019,Summer,Telangana,143055.4,7639158.36,1026.0,82.31,2.0,53.4
Rice,2019,Kharif,Uttar Pradesh,354865.09,2164677.05,1747.01,78.85,1.6,6.1
Rice,2019,Whole Year,Uttar Pradesh,94080.0,758284.8,1666.25,214.93,0.52,8.06
Wheat,2019,Whole Year,Uttar Pradesh,256921.25,1616034.66,1648.34,30.39,3.8,6.29
Wheat,2019,Rabi,Uttar Pradesh,269471.19,1786593.99,1447.03,64.96,3.08,6.63
Maize,2019,Kharif,Uttar Pradesh,133603.95,855065.28,1601.19,145.38,4.18,6.4
Maize,2019,Whole Year,Uttar Pradesh,87145.42,544658.88,1366.21,209.25,4.12,6.25
Cotton(lint),2019,Rabi,Uttar Pradesh,210591.93,741283.59,1255.56,149.73,1.05,3.52
Cotton(lint),2019,Whole Year,Uttar Pradesh,394633.48,2103396.45,2178.71,185.79,1.63,5.33
Sugarcane,2019,Rabi,Uttar Pradesh,345145.76,43781739.66,2031.13,233.81,2.03,126.85
Sugarcane,2019,Kharif,Uttar Pradesh,379877.86,43640368.56,2029.54,144.18,3.22,114.88
Soybean,2019,Summer,Uttar Pradesh,130401.9,555512.09,2040.58,209.18,0.76,4.26
Soybean,2019,Kharif,Uttar Pradesh,85301.32,342058.29,1207.68,218.39,3.58,4.01
Groundnut,2019,Whole Year,Uttar Pradesh,229996.7,749789.24,423.46,67.93,2.34,3.26
Groundnut,2019,Kharif,Uttar Pradesh,127828.22,705611.77,1682.42,203.99,1.81,5.52
Rapeseed &Mustard,2019,Whole Year,Uttar Pradesh,339206.34,1204182.51,832.69,189.92,3.76,3.55
Rapeseed &Mustard,2019,Rabi,Uttar Pradesh,437356.7,1364552.9,1924.11,123.42,3.06,3.12
Gram,2019,Whole Year,Uttar Pradesh,264970.51,877052.39,2172.15,228.91,3.78,3.31
Gram,2019,Rabi,Uttar Pradesh,303583.78,898607.99,1941.74,53.59,4.14,2.96
Arhar/Tur,2019,Kharif,Uttar Pradesh,6449.82,22058.38,2172.31,201.34,1.73,3.42
Arhar/Tur,2019,Whole Year,Uttar Pradesh,216978.46,494710.89,491.89,219.78,2.42,2.28
Moong(Green Gram),2019,Rabi,Uttar Pradesh,229205.94,444659.52,1403.87,151.67,1.81,1.94
Moong(Green Gram),2019,Kharif,Uttar Pradesh,280776.6,345355.22,535.55,44.71,2.87,1.23
Potato,2019,Kharif,Uttar Pradesh,207484.79,7033734.38,1184.38,144.8,3.37,33.9
Potato,2019,Whole Year,Uttar Pradesh,356837.84,13153042.78,2060.6,217.18,2.25,36.86
Onion,2019,Summer,Uttar Pradesh,143485.18,3703352.5,479.86,88.52,0.97,25.81
Onion,2019,Rabi,Uttar Pradesh,225444.13,5744316.43,1679.53,100.1,0.72,25.48
Tomato,2019,Kharif,Uttar Pradesh,117489.59,4095687.11,1190.4,154.97,1.61,34.86
Tomato,2019,Whole Year,Uttar Pradesh,258636.22,10697194.06,1134.07,208.34,1.99,41.36
Banana,2019,Rabi,Uttar Pradesh,291759.29,15232752.53,588.92,109.56,0.25,52.21
Banana,2019,Whole Year,Uttar Pradesh,250540.8,16640919.94,1322.09,196.59,2.95,66.42
Rice,2019,Rabi,West Bengal,402437.39,1935723.85,417.88,167.23,3.01,4.81
Rice,2019,Whole Year,West Bengal,108237.37,674318.82,1840.84,43.88,2.62,6.23
Wheat,2019,Whole Year,West Bengal,336037.39,2043107.33,1176.88,120.62,0.49,6.08
Wheat,2019,Summer,West Bengal,344038.19,1923173.48,743.54,81.95,4.15,5.59
Maize,2019,Kharif,West Bengal,142626.96,620427.28,816.23,45.51,3.29,4.35
Maize,2019,Summer,West Bengal,414007.71,2012077.47,1419.61,50.39,3.64,4.86
Cotton(lint),2019,Whole Year,West Bengal,203807.11,872294.43,1981.0,94.12,1.31,4.28
Cotton(lint),2019,Summer,West Bengal,214862.94,668223.74,456.23,90.29,0.76,3.11
Sugarcane,2019,Summer,West Bengal,70778.41,7139418.22,894.65,137.19,3.99,100.87
Sugarcane,2019,Whole Year,West Bengal,23429.99,2402276.87,1222.28,162.06,3.4,102.53
Soybean,2019,Summer,West Bengal,39668.58,170178.21,1843.55,208.73,1.68,4.29
Soybean,2019,Rabi,West Bengal,400682.32,1362319.89,1159.08,147.98,2.97,3.4
Groundnut,2019,Summer,West Bengal,24760.25,123801.25,2001.94,81.21,3.08,5.0
Groundnut,2019,Whole Year,West Bengal,152131.64,871714.3,2160.23,88.47,4.28,5.73
Rapeseed &Mustard,2019,Rabi,West Bengal,289206.54,942813.32,770.07,236.77,3.94,3.26
Rapeseed &Mustard,2019,Whole Year,West Bengal,64699.52,163042.79,613.43,211.75,2.91,2.52
Gram,2019,Rabi,West Bengal,414921.91,1012409.46,1076.96,117.5,1.45,2.44
Gram,2019,Whole Year,West Bengal,78825.06,248298.94,1301.0,194.11,1.8,3.15
Arhar/Tur,2019,Summer,West Bengal,344566.74,1040591.55,2099.56,234.06,3.52,3.02
Arhar/Tur,2019,Kharif,West Bengal,201673.29,540484.42,2188.99,116.66,1.06,2.68
Moong(Green Gram),2019,Whole Year,West Bengal,311059.05,771426.44,1818.68,207.06,3.73,2.48
Moong(Green Gram),2019,Summer,West Bengal,182022.07,444133.85,1601.12,205.71,1.71,2.44
Potato,2019,Rabi,West Bengal,349787.47,16226640.73,2018.53,182.26,2.38,46.39
Potato,2019,Summer,West Bengal,271463.91,9362790.26,1377.18,153.7,3.02,34.49
Onion,2019,Summer,West Bengal,383559.64,12553907.02,1439.76,211.96,3.55,32.73
Onion,2019,Kharif,West Bengal,192037.58,6392931.04,1322.88,204.22,4.2,33.29
Tomato,2019,Summer,West Bengal,343274.08,10545379.74,739.76,199.21,4.37,30.72
Tomato,2019,Whole Year,West Bengal,440655.79,18613300.57,2102.06,112.47,3.62,42.24
Banana,2019,Rabi,West Bengal,207101.03,14157426.41,1576.25,148.68,0.66,68.36
Banana,2019,Kharif,West Bengal,163016.86,10980815.69,1612.84,162.76,4.37,67.36
Rice,2020,Kharif,Andhra Pradesh,168640.23,1279979.35,1774.06,137.08,3.67,7.59
Rice,2020,Rabi,Andhra Pradesh,392548.7,2402398.04,1126.17,42.05,3.05,6.12
Wheat,2020,Summer,Andhra Pradesh,355242.31,1975147.24,486.81,127.93,4.17,5.56
Wheat,2020,Whole Year,Andhra Pradesh,431851.56,3225931.15,1651.89,113.81,1.41,7.47
Maize,2020,Summer,Andhra Pradesh,166687.97,896781.28,631.68,226.03,2.72,5.38
Maize,2020,Rabi,Andhra Pradesh,236161.98,1558669.07,2001.63,52.96,1.36,6.6
Cotton(lint),2020,Rabi,Andhra Pradesh,204566.22,900091.37,999.51,206.01,0.41,4.4
Cotton(lint),2020,Kharif,Andhra Pradesh,134087.14,591324.29,755.98,229.54,2.58,4.41
Sugarcane,2020,Rabi,Andhra Pradesh,350359.76,31669018.71,1189.83,91.06,1.51,90.39
Sugarcane,2020,Kharif,Andhra Pradesh,284043.4,34409017.48,2181.02,38.65,0.93,121.14
Soybean,2020,Kharif,Andhra Pradesh,148418.19,495716.75,1171.28,79.47,2.4,3.34
Soybean,2020,Summer,Andhra Pradesh,154266.52,629407.4,1881.94,52.06,0.81,4.08
Groundnut,2020,Kharif,Andhra Pradesh,30550.31,156417.59,1343.84,185.43,1.24,5.12
Groundnut,2020,Whole Year,Andhra Pradesh,89545.07,503243.29,1689.02,178.81,4.49,5.62
Rapeseed &Mustard,2020,Rabi,Andhra Pradesh,16998.46,68333.81,2188.28,135.55,3.95,4.02
Rapeseed &Mustard,2020,Kharif,Andhra Pradesh,23464.84,81892.29,1475.45,100.16,1.09,3.49
Gram,2020,Whole Year,Andhra Pradesh,24888.24,71678.13,1469.33,88.64,0.82,2.88
Gram,2020,Summer,Andhra Pradesh,74141.44,189802.09,786.51,150.5,2.39,2.56
Arhar/Tur,2020,Rabi,Andhra Pradesh,247939.98,580179.55,761.56,171.28,3.25,2.34
Arhar/Tur,2020,Summer,Andhra Pradesh,294895.32,825706.9,1285.18,209.39,4.07,2.8
Moong(Green Gram),2020,Whole Year,Andhra Pradesh,47202.69,114230.51,1772.17,195.26,3.79,2.42
Moong(Green Gram),2020,Kharif,Andhra Pradesh,118517.32,296293.3,1579.28,123.36,4.37,2.5
Potato,2020,Kharif,Andhra Pradesh,75338.96,3015818.57,2167.17,224.08,3.66,40.03
Potato,2020,Whole Year,Andhra Pradesh,344633.63,11559011.95,572.29,84.33,3.86,33.54
Onion,2020,Kharif,Andhra Pradesh,289970.61,8986189.2,945.54,145.06,4.26,30.99
Onion,2020,Whole Year,Andhra Pradesh,10787.66,358150.31,1065.19,226.41,0.37,33.2
Tomato,2020,Summer,Andhra Pradesh,6041.74,316828.85,2143.35,70.03,4.08,52.44
Tomato,2020,Kharif,Andhra Pradesh,38317.24,1458354.15,1057.39,62.81,2.46,38.06
Banana,2020,Rabi,Andhra Pradesh,274648.56,18308073.01,2035.25,79.39,3.11,66.66
Banana,2020,Kharif,Andhra Pradesh,254662.25,18715128.75,1675.85,155.63,0.65,73.49
Rice,2020,Whole Year,Assam,222350.5,1363008.56,1589.01,79.26,1.41,6.13
Rice,2020,Summer,Assam,7056.78,53843.23,1606.59,160.22,0.54,7.63
Wheat,2020,Kharif,Assam,272609.82,1861925.07,880.37,212.89,4.03,6.83
Wheat,2020,Summer,Assam,399510.08,2313163.36,1315.05,181.3,3.64,5.79
Maize,2020,Whole Year,Assam,423850.06,2085342.3,1532.12,61.86,2.83,4.92
Maize,2020,Summer,Assam,364082.36,2330127.1,2152.03,212.67,1.6,6.4
Cotton(lint),2020,Summer,Assam,25262.94,120251.59,1834.76,194.72,1.29,4.76
Cotton(lint),2020,Kharif,Assam,251712.65,848271.63,482.82,217.07,1.7,3.37
Sugarcane,2020,Whole Year,Assam,169244.54,12388700.33,839.13,30.71,0.94,73.2
Sugarcane,2020,Rabi,Assam,350280.21,24593173.54,854.66,95.02,0.26,70.21
Soybean,2020,Rabi,Assam,364831.34,1382710.78,1547.87,177.76,4.16,3.79
Soybean,2020,Summer,Assam,296586.87,851204.32,665.08,128.74,1.49,2.87
Groundnut,2020,Summer,Assam,67543.42,219516.11,431.28,113.35,1.59,3.25
Groundnut,2020,Kharif,Assam,318334.3,1075969.93,989.43,67.65,2.86,3.38
Rapeseed &Mustard,2020,Summer,Assam,377785.69,1265582.06,1799.15,78.7,1.2,3.35
Rapeseed &Mustard,2020,Kharif,Assam,80915.49,277540.13,1140.12,203.41,0.54,3.43
Gram,2020,Whole Year,Assam,347103.51,923295.34,1574.78,113.48,4.47,2.66
Gram,2020,Summer,Assam,229769.73,496302.62,831.62,147.33,1.15,2.16
Arhar/Tur,2020,Whole Year,Assam,244835.75,438255.99,616.26,102.68,1.0,1.79
Arhar/Tur,2020,Summer,Assam,260272.62,684516.99,1138.28,239.29,0.29,2.63
Moong(Green Gram),2020,Whole Year,Assam,160613.52,179887.14,815.07,85.5,1.31,1.12
Moong(Green Gram),2020,Kharif,Assam,287856.41,466327.38,1325.92,68.52,3.68,1.62
Potato,2020,Rabi,Assam,86503.88,2233530.18,1060.39,101.87,4.44,25.82
Potato,2020,Whole Year,Assam,412225.93,12370900.16,882.48,139.61,1.25,30.01
Onion,2020,Whole Year,Assam,72616.42,2145815.21,1266.77,176.78,1.53,29.55
Onion,2020,Summer,Assam,197803.13,6917175.46,2015.04,175.33,1.75,34.97
Tomato,2020,Kharif,Assam,288609.71,9685741.87,1082.87,103.2,3.01,33.56
Tomato,2020,Summer,Assam,166965.76,6089241.27,1534.67,134.8,2.43,36.47
Banana,2020,Rabi,Assam,364332.42,25211803.46,1684.73,213.62,2.39,69.2
Banana,2020,Kharif,Assam,355624.61,19790509.55,437.77,227.28,4.28,55.65
Rice,2020,Whole Year,Bihar,328576.19,2004314.76,1998.44,112.61,0.79,6.1
Rice,2020,Kharif,Bihar,29336.08,231755.03,1995.22,212.88,4.4,7.9
Wheat,2020,Kharif,Bihar,383959.7,2372870.95,1087.22,176.96,3.6,6.18
Wheat,2020,Whole Year,Bihar,4021.91,25136.94,950.45,201.35,3.52,6.25
Maize,2020,Summer,Bihar,88647.24,502629.85,1264.51,156.57,4.21,5.67
Maize,2020,Kharif,Bihar,71409.36,317771.65,1198.93,72.03,3.8,4.45
Cotton(lint),2020,Summer,Bihar,158884.75,460765.77,803.11,95.51,0.2,2.9
Cotton(lint),2020,Whole Year,Bihar,414625.33,1459481.16,533.8,230.15,2.31,3.52
Sugarcane,2020,Summer,Bihar,11334.08,995018.88,612.82,95.38,2.39,87.79
Sugarcane,2020,Rabi,Bihar,161215.09,13603329.29,469.37,214.32,4.26,84.38
Soybean,2020,Whole Year,Bihar,280648.6,920527.41,1404.4,126.96,1.03,3.28
Soybean,2020,Rabi,Bihar,17946.22,56710.06,744.82,225.96,0.84,3.16
Groundnut,2020,Summer,Bihar,248123.51,1064449.86,1652.09,114.96,3.35,4.29
Groundnut,2020,Rabi,Bihar,194795.44,1042155.6,2105.65,119.06,0.22,5.35
Rapeseed &Mustard,2020,Kharif,Bihar,409065.18,1043116.21,917.85,86.55,2.86,2.55
Rapeseed &Mustard,2020,Whole Year,Bihar,112742.91,365287.03,1732.36,94.51,2.54,3.24
Gram,2020,Kharif,Bihar,430146.24,950623.19,1280.74,62.05,2.65,2.21
Gram,2020,Rabi,Bihar,281284.49,632890.1,1964.69,30.65,1.12,2.25
Arhar/Tur,2020,Whole Year,Bihar,403827.11,1150907.26,1453.64,174.94,0.33,2.85
Arhar/Tur,2020,Kharif,Bihar,55277.44,116635.4,1620.98,47.7,3.67,2.11
Moong(Green Gram),2020,Rabi,Bihar,103554.81,197789.69,1567.1,216.45,1.62,1.91
Moong(Green Gram),2020,Kharif,Bihar,356827.24,649425.58,1254.93,101.29,2.01,1.82
Potato,2020,Whole Year,Bihar,225594.15,8051455.21,1974.26,139.0,1.02,35.69
Potato,2020,Summer,Bihar,281144.89,7824262.29,758.46,53.21,2.57,27.83
Onion,2020,Rabi,Bihar,339088.3,9399527.68,1446.21,108.7,3.82,27.72
Onion,2020,Whole Year,Bihar,292786.85,9041257.93,1936.51,133.55,0.98,30.88
Tomato,2020,Summer,Bihar,32191.73,1235196.68,964.76,95.05,0.64,38.37
Tomato,2020,Kharif,Bihar,328104.18,9954680.82,491.82,87.83,1.73,30.34
Banana,2020,Rabi,Bihar,117357.35,6706972.55,1277.2,119.2,2.46,57.15
Banana,2020,Kharif,Bihar,65844.0,3490390.44,1677.19,107.65,2.53,53.01
Rice,2020,Kharif,Gujarat,162909.03,1101265.04,1592.79,45.51,1.43,6.76
Rice,2020,Summer,Gujarat,253791.39,1436459.27,481.41,198.39,0.43,5.66
Wheat,2020,Summer,Gujarat,263683.91,1505635.13,1421.8,115.15,1.4,5.71
Wheat,2020,Whole Year,Gujarat,46637.28,360506.17,1838.47,177.49,0.56,7.73
Maize,2020,Summer,Gujarat,355924.25,2228085.8,1791.17,115.69,3.73,6.26
Maize,2020,Whole Year,Gujarat,152320.32,860609.81,531.39,180.09,2.05,5.65
Cotton(lint),2020,Kharif,Gujarat,78505.87,321089.01,1308.31,119.1,1.47,4.09
Cotton(lint),2020,Summer,Gujarat,118917.0,552964.05,1701.72,204.77,1.29,4.65
Sugarcane,2020,Summer,Gujarat,358044.68,46108993.89,1752.37,215.24,2.68,128.78
Sugarcane,2020,Kharif,Gujarat,190934.36,19246183.49,830.9,197.19,3.74,100.8
Soybean,2020,Kharif,Gujarat,191696.18,575088.54,520.91,185.32,3.73,3.0
Soybean,2020,Summer,Gujarat,251013.78,903649.61,1489.33,151.41,3.18,3.6
Groundnut,2020,Rabi,Gujarat,204267.16,810940.63,1314.46,101.4,1.97,3.97
Groundnut,2020,Summer,Gujarat,253245.45,1382720.16,1677.86,213.7,1.5,5.46
Rapeseed &Mustard,2020,Rabi,Gujarat,226508.16,887911.99,2055.2,160.2,1.77,3.92
Rapeseed &Mustard,2020,Summer,Gujarat,194993.84,495284.35,1090.86,67.48,3.78,2.54
Gram,2020,Rabi,Gujarat,201360.47,535618.85,1099.34,195.16,2.47,2.66
Gram,2020,Kharif,Gujarat,212431.84,414242.09,634.57,41.31,3.16,1.95
Arhar/Tur,2020,Kharif,Gujarat,295847.96,529567.85,796.5,43.74,3.53,1.79
Arhar/Tur,2020,Rabi,Gujarat,58838.48,155921.97,1509.46,175.36,3.03,2.65
Moong(Green Gram),2020,Rabi,Gujarat,44194.32,96785.56,1509.41,236.56,2.47,2.19
Moong(Green Gram),2020,Kharif,Gujarat,445344.19,814979.87,1414.87,108.69,1.12,1.83
Potato,2020,Whole Year,Gujarat,292564.29,8656977.34,490.2,100.5,2.25,29.59
Potato,2020,Rabi,Gujarat,140104.95,5501921.39,2056.47,46.6,2.57,39.27
Onion,2020,Rabi,Gujarat,113994.31,2786020.94,740.48,35.1,0.4,24.44
Onion,2020,Summer,Gujarat,63754.7,2142157.92,1602.21,186.59,0.42,33.6
Tomato,2020,Rabi,Gujarat,91568.96,3812931.49,1144.02,183.78,3.23,41.64
Tomato,2020,Kharif,Gujarat,404501.19,14084731.44,1638.81,58.52,0.7,34.82
Banana,2020,Summer,Gujarat,421978.45,24090749.71,1119.58,49.64,2.34,57.09
Banana,2020,Rabi,Gujarat,144497.45,10136496.12,2177.12,164.3,2.31,70.15
Rice,2020,Summer,Haryana,80405.95,547564.52,1301.1,230.32,2.68,6.81
Rice,2020,Whole Year,Haryana,88557.64,674809.22,1585.13,208.15,1.92,7.62
Wheat,2020,Whole Year,Haryana,95634.18,659875.84,1545.54,128.45,3.92,6.9
Wheat,2020,Summer,Haryana,237858.53,1517537.42,1228.03,145.03,1.54,6.38
Maize,2020,Summer,Haryana,126950.18,1112083.58,2065.52,197.23,4.0,8.76
Maize,2020,Whole Year,Haryana,384145.36,2604505.54,1119.92,238.84,3.86,6.78
Cotton(lint),2020,Whole Year,Haryana,108795.02,327473.01,508.79,89.46,0.97,3.01
Cotton(lint),2020,Kharif,Haryana,158326.72,726719.64,1942.52,151.38,4.39,4.59
Sugarcane,2020,Rabi,Haryana,290065.17,36713548.57,1412.17,71.44,1.25,126.57
Sugarcane,2020,Summer,Haryana,274567.61,28195347.87,525.23,189.59,1.33,102.69
Soybean,2020,Rabi,Haryana,328675.56,1137217.44,1271.39,48.52,0.51,3.46
Soybean,2020,Summer,Haryana,225800.79,1043199.65,2154.91,71.61,3.58,4.62
Groundnut,2020,Summer,Haryana,420365.29,1538536.96,631.43,94.62,3.86,3.66
Groundnut,2020,Whole Year,Haryana,281870.76,1290968.08,1413.25,164.53,3.27,4.58
Rapeseed &Mustard,2020,Rabi,Haryana,411600.26,1300656.82,993.04,120.72,0.54,3.16
Rapeseed &Mustard,2020,Kharif,Haryana,28101.61,100041.73,403.07,226.47,3.39,3.56
Gram,2020,Kharif,Haryana,61897.23,158456.91,979.28,80.7,1.79,2.56
Gram,2020,Whole Year,Haryana,380460.79,1190842.27,1278.31,230.87,0.72,3.13
Arhar/Tur,2020,Rabi,Haryana,342997.76,692855.48,1214.99,34.44,3.0,2.02
Arhar/Tur,2020,Summer,Haryana,101760.3,212679.03,1257.08,40.47,4.0,2.09
Moong(Green Gram),2020,Summer,Haryana,273692.56,610334.41,1903.81,113.86,3.34,2.23
Moong(Green Gram),2020,Rabi,Haryana,289847.42,510131.46,1186.8,75.83,1.42,1.76
Potato,2020,Summer,Haryana,93822.57,3636562.81,2119.35,31.72,3.21,38.76
Potato,2020,Whole Year,Haryana,256646.25,9241831.46,1410.74,193.02,3.74,36.01
Onion,2020,Rabi,Haryana,93539.86,2906283.45,723.99,60.43,1.15,31.07
Onion,2020,Kharif,Haryana,141668.42,4591473.49,1387.74,101.66,3.19,32.41
Tomato,2020,Kharif,Haryana,22884.41,1103715.09,2030.22,190.16,4.25,48.23
Tomato,2020,Summer,Haryana,154019.57,7271263.9,1328.35,226.53,4.0,47.21
Banana,2020,Rabi,Haryana,429277.28,39137209.62,1931.06,168.35,2.52,91.17
Banana,2020,Whole Year,Haryana,364043.47,24099677.71,791.76,129.55,3.52,66.2
Rice,2020,Kharif,Karnataka,369620.44,2842381.18,2108.68,108.46,0.69,7.69
Rice,2020,Whole Year,Karnataka,96114.14,653576.15,1201.4,151.38,0.93,6.8
Wheat,2020,Whole Year,Karnataka,61794.77,342960.97,1083.36,122.69,0.81,5.55
Wheat,2020,Rabi,Karnataka,362814.73,2557843.85,1567.03,95.21,1.75,7.05
Maize,2020,Rabi,Karnataka,413656.72,2709451.52,1060.98,232.5,1.93,6.55
Maize,2020,Kharif,Karnataka,40690.13,298665.55,1982.7,155.24,2.22,7.34
Cotton(lint),2020,Rabi,Karnataka,38335.85,172894.68,2076.73,110.19,0.9,4.51
Cotton(lint),2020,Summer,Karnataka,284677.45,1312363.04,1800.01,224.17,2.93,4.61
Sugarcane,2020,Summer,Karnataka,249716.66,31037283.67,1864.03,160.68,3.01,124.29
Sugarcane,2020,Kharif,Karnataka,244209.0,28443022.23,1462.3,159.02,0.65,116.47
Soybean,2020,Rabi,Karnataka,89148.23,422562.61,2197.77,198.99,3.69,4.74
Soybean,2020,Whole Year,Karnataka,329624.2,1081167.38,995.58,158.21,2.54,3.28
Groundnut,2020,Rabi,Karnataka,49607.01,230176.53,1606.49,185.22,2.35,4.64
Groundnut,2020,Summer,Karnataka,165881.11,623712.97,691.29,111.32,2.62,3.76
Rapeseed &Mustard,2020,Kharif,Karnataka,63175.12,172468.08,854.83,55.98,2.03,2.73
Rapeseed &Mustard,2020,Summer,Karnataka,448074.3,1680278.62,2006.25,214.88,2.98,3.75
Gram,2020,Kharif,Karnataka,272485.02,874676.91,484.41,220.6,0.54,3.21
Gram,2020,Summer,Karnataka,376734.73,1439126.67,2043.52,227.33,2.65,3.82
Arhar/Tur,2020,Whole Year,Karnataka,367241.12,943809.68,1174.55,221.72,1.35,2.57
Arhar/Tur,2020,Rabi,Karnataka,130659.16,312275.39,1157.05,138.32,2.0,2.39
Moong(Green Gram),2020,Whole Year,Karnataka,139783.64,244621.37,1320.74,120.52,0.44,1.75
Moong(Green Gram),2020,Summer,Karnataka,420396.71,823977.55,1116.0,160.67,3.72,1.96
Potato,2020,Summer,Karnataka,300502.17,10469495.6,1062.92,117.21,3.17,34.84
Potato,2020,Whole Year,Karnataka,18446.16,622373.44,1176.57,162.37,0.5,33.74
Onion,2020,Kharif,Karnataka,135146.02,3871933.47,1459.75,84.58,0.59,28.65
Onion,2020,Whole Year,Karnataka,384928.47,10704860.75,1263.95,100.04,2.92,27.81
Tomato,2020,Rabi,Karnataka,430805.08,19670559.95,1426.45,213.64,3.36,45.66
Tomato,2020,Summer,Karnataka,355794.85,14366996.04,1173.62,206.5,1.37,40.38
Banana,2020,Summer,Karnataka,389662.6,28347954.15,1712.98,62.04,0.29,72.75
Banana,2020,Kharif,Karnataka,127774.76,9267503.34,2151.86,226.28,2.77,72.53
Rice,2020,Kharif,Madhya Pradesh,297322.52,1890971.23,1770.59,130.93,4.44,6.36
Rice,2020,Summer,Madhya Pradesh,83338.52,421692.91,961.63,119.21,0.42,5.06
Wheat,2020,Kharif,Madhya Pradesh,81870.64,438826.63,1012.32,51.77,2.05,5.36
Wheat,2020,Summer,Madhya Pradesh,364666.53,2126005.87,644.28,113.88,0.37,5.83
Maize,2020,Whole Year,Madhya Pradesh,428652.42,2014666.37,485.06,80.63,2.2,4.7
Maize,2020,Kharif,Madhya Pradesh,327359.57,1951063.04,1428.1,175.09,0.36,5.96
Cotton(lint),2020,Summer,Madhya Pradesh,213662.4,1034126.02,1972.31,205.06,3.91,4.84
Cotton(lint),2020,Rabi,Madhya Pradesh,13803.97,58390.79,2169.04,79.59,1.78,4.23
Sugarcane,2020,Whole Year,Madhya Pradesh,291416.77,25426113.18,1249.01,75.75,0.39,87.25
Sugarcane,2020,Summer,Madhya Pradesh,418274.01,35273047.26,671.14,36.73,1.33,84.33
Soybean,2020,Kharif,Madhya Pradesh,395899.98,1179781.94,805.15,113.43,1.69,2.98
Soybean,2020,Rabi,Madhya Pradesh,49542.64,208574.51,1809.08,122.33,0.21,4.21
Groundnut,2020,Whole Year,Madhya Pradesh,446155.83,1650776.57,1777.65,59.3,2.18,3.7
Groundnut,2020,Summer,Madhya Pradesh,74341.8,331564.43,1681.13,88.27,2.89,4.46
Rapeseed &Mustard,2020,Kharif,Madhya Pradesh,56921.5,210609.55,1280.14,220.54,4.48,3.7
Rapeseed &Mustard,2020,Rabi,Madhya Pradesh,366273.2,1047541.35,1162.61,129.38,1.34,2.86
Gram,2020,Summer,Madhya Pradesh,393881.89,961071.81,838.39,137.3,1.37,2.44
Gram,2020,Rabi,Madhya Pradesh,430864.66,1038383.83,1204.28,63.32,4.05,2.41
Arhar/Tur,2020,Rabi,Madhya Pradesh,237270.85,467423.57,566.41,113.39,2.79,1.97
Arhar/Tur,2020,Kharif,Madhya Pradesh,396981.47,992453.67,1789.41,164.96,2.4,2.5
Moong(Green Gram),2020,Whole Year,Madhya Pradesh,282906.75,424360.12,1492.75,52.84,0.54,1.5
Moong(Green Gram),2020,Summer,Madhya Pradesh,2743.96,4774.49,1031.92,56.75,4.45,1.74
Potato,2020,Whole Year,Madhya Pradesh,133637.88,4566406.36,866.4,182.95,3.28,34.17
Potato,2020,Summer,Madhya Pradesh,223141.27,8700278.12,1602.11,177.58,0.94,38.99
Onion,2020,Whole Year,Madhya Pradesh,384479.41,10404012.83,1764.86,67.07,3.42,27.06
Onion,2020,Summer,Madhya Pradesh,167219.44,4371116.16,2029.52,63.57,3.59,26.14
Tomato,2020,Rabi,Madhya Pradesh,253921.04,9161471.12,1129.67,102.58,1.53,36.08
Tomato,2020,Kharif,Madhya Pradesh,235790.21,10770896.79,1596.06,236.75,1.91,45.68
Banana,2020,Rabi,Madhya Pradesh,298801.48,21782627.89,2095.45,198.72,2.01,72.9
Banana,2020,Whole Year,Madhya Pradesh,58991.93,4089320.59,1013.98,198.99,4.31,69.32
Rice,2020,Kharif,Maharashtra,377599.5,3024572.0,1707.21,230.01,2.74,8.01
Rice,2020,Rabi,Maharashtra,407247.82,2325385.05,1908.61,78.76,2.43,5.71
Wheat,2020,Kharif,Maharashtra,161102.89,1005282.03,930.16,140.81,2.6,6.24
Wheat,2020,Whole Year,Maharashtra,136480.59,1143707.34,2076.39,212.35,2.89,8.38
Maize,2020,Whole Year,Maharashtra,274785.49,1863045.62,1699.68,102.54,1.71,6.78
Maize,2020,Rabi,Maharashtra,45832.42,291952.52,1536.66,172.24,2.6,6.37
Cotton(lint),2020,Kharif,Maharashtra,137168.67,559648.17,1788.13,91.31,2.54,4.08
Cotton(lint),2020,Summer,Maharashtra,18317.13,66124.84,1386.7,103.0,3.95,3.61
Sugarcane,2020,Summer,Maharashtra,122616.59,15442333.34,1987.79,209.7,0.47,125.94
Sugarcane,2020,Rabi,Maharashtra,106878.23,11768361.91,2192.74,83.94,3.38,110.11
Soybean,2020,Rabi,Maharashtra,102893.33,328229.72,1281.48,80.75,2.3,3.19
Soybean,2020,Whole Year,Maharashtra,409727.82,1331615.42,1853.2,80.72,2.34,3.25
Groundnut,2020,Kharif,Maharashtra,434225.1,1849798.93,1821.14,63.91,1.37,4.26
Groundnut,2020,Summer,Maharashtra,96535.34,330150.86,815.39,93.14,0.74,3.42
Rapeseed &Mustard,2020,Rabi,Maharashtra,174063.66,417752.78,568.3,101.95,4.39,2.4
Rapeseed &Mustard,2020,Summer,Maharashtra,280013.42,862441.33,1299.95,118.76,1.6,3.08
Gram,2020,Kharif,Maharashtra,302038.01,1135662.92,2114.4,198.98,0.96,3.76
Gram,2020,Rabi,Maharashtra,212427.94,562934.04,1385.14,157.89,0.64,2.65
Arhar/Tur,2020,Summer,Maharashtra,185558.28,348849.57,1031.61,37.31,3.16,1.88
Arhar/Tur,2020,Rabi,Maharashtra,403871.03,908709.82,1700.64,68.13,0.58,2.25
Moong(Green Gram),2020,Whole Year,Maharashtra,38820.21,80357.83,1279.99,136.86,2.69,2.07
Moong(Green Gram),2020,Rabi,Maharashtra,195132.01,401971.94,1558.36,94.0,2.1,2.06
Potato,2020,Kharif,Maharashtra,281726.36,8646181.99,725.06,196.69,4.07,30.69
Potato,2020,Rabi,Maharashtra,81122.64,2453959.86,816.63,33.55,0.24,30.25
Onion,2020,Rabi,Maharashtra,212337.52,5270217.25,837.5,76.76,3.67,24.82
Onion,2020,Summer,Maharashtra,288240.65,7557669.84,728.42,178.03,3.23,26.22
Tomato,2020,Kharif,Maharashtra,374827.22,12448011.98,1341.68,159.81,1.97,33.21
Tomato,2020,Whole Year,Maharashtra,321347.4,12336526.69,1517.48,78.91,3.97,38.39
Banana,2020,Rabi,Maharashtra,215310.88,13420327.15,972.76,203.54,3.02,62.33
Banana,2020,Summer,Maharashtra,424108.05,29225285.73,1020.5,141.52,4.21,68.91
Rice,2020,Whole Year,Odisha,296826.5,1178401.21,762.4,48.03,1.19,3.97
Rice,2020,Summer,Odisha,224596.4,1192606.88,1309.3,129.0,1.68,5.31
Wheat,2020,Rabi,Odisha,299769.54,2263260.03,1329.62,210.95,1.78,7.55
Wheat,2020,Whole Year,Odisha,91623.86,477360.31,1108.3,174.1,1.97,5.21
Maize,2020,Kharif,Odisha,431050.28,2323361.01,461.41,234.55,3.02,5.39
Maize,2020,Rabi,Odisha,184851.06,772677.43,1431.77,61.92,0.72,4.18
Cotton(lint),2020,Kharif,Odisha,356601.81,1394313.08,1438.48,117.25,2.98,3.91
Cotton(lint),2020,Rabi,Odisha,313812.79,1035582.21,1325.93,88.55,3.63,3.3
Sugarcane,2020,Summer,Odisha,384610.24,47760899.6,1516.6,209.24,1.25,124.18
Sugarcane,2020,Whole Year,Odisha,284205.27,29460718.29,2176.58,207.65,0.44,103.66
Soybean,2020,Whole Year,Odisha,132264.68,345210.81,1731.53,59.41,3.54,2.61
Soybean,2020,Summer,Odisha,135528.05,426913.36,1323.76,96.68,2.05,3.15
Groundnut,2020,Whole Year,Odisha,114723.99,473810.08,677.69,187.01,1.1,4.13
Groundnut,2020,Summer,Odisha,179493.02,710792.36,1219.73,223.05,3.46,3.96
Rapeseed &Mustard,2020,Whole Year,Odisha,285116.43,786921.35,1193.63,99.59,0.74,2.76
Rapeseed &Mustard,2020,Summer,Odisha,151708.65,341344.46,527.69,98.39,0.99,2.25
Gram,2020,Kharif,Odisha,243134.18,639442.89,1441.01,77.44,2.16,2.63
Gram,2020,Summer,Odisha,416944.52,933955.72,1464.96,98.9,1.09,2.24
Arhar/Tur,2020,Rabi,Odisha,277105.69,471079.67,1192.98,78.5,3.52,1.7
Arhar/Tur,2020,Summer,Odisha,100425.97,158673.03,734.14,87.41,2.9,1.58
Moong(Green Gram),2020,Whole Year,Odisha,141846.66,156031.33,409.69,96.45,1.64,1.1
Moong(Green Gram),2020,Summer,Odisha,14025.9,26508.95,968.14,203.38,1.92,1.89
Potato,2020,Whole Year,Odisha,384664.36,13774830.73,1852.77,122.08,3.0,35.81
Potato,2020,Rabi,Odisha,328981.35,11504477.81,1842.36,201.71,2.09,34.97
Onion,2020,Kharif,Odisha,440676.26,14714180.32,2137.64,197.97,4.3,33.39
Onion,2020,Whole Year,Odisha,145085.56,3654705.26,1705.53,108.52,1.44,25.19
Tomato,2020,Whole Year,Odisha,60168.85,2621556.79,940.44,216.93,2.7,43.57
Tomato,2020,Summer,Odisha,401763.82,12908671.54,747.08,232.79,3.06,32.13
Banana,2020,Summer,Odisha,106868.72,5234429.91,1421.38,44.27,3.86,48.98
Banana,2020,Kharif,Odisha,123873.97,9369827.09,2025.05,206.59,3.48,75.64
Rice,2020,Summer,Punjab,111477.11,565188.95,443.66,120.88,4.15,5.07
Rice,2020,Rabi,Punjab,293044.18,2382449.18,1740.97,145.57,3.82,8.13
Wheat,2020,Kharif,Punjab,116665.33,845823.64,1978.01,164.93,2.13,7.25
Wheat,2020,Whole Year,Punjab,209779.32,1600616.21,1043.74,116.24,1.55,7.63
Maize,2020,Summer,Punjab,272140.29,1583856.49,701.54,83.71,4.4,5.82
Maize,2020,Whole Year,Punjab,404057.08,2622330.45,618.43,224.83,3.93,6.49
Cotton(lint),2020,Kharif,Punjab,263068.82,1339020.29,1778.33,170.3,4.32,5.09
Cotton(lint),2020,Rabi,Punjab,16557.31,53148.97,419.93,55.87,0.52,3.21
Sugarcane,2020,Kharif,Punjab,239239.43,28012544.86,626.14,142.82,1.62,117.09
Sugarcane,2020,Whole Year,Punjab,100977.81,13698649.7,1874.44,94.99,1.14,135.66
Soybean,2020,Kharif,Punjab,77504.35,319317.92,1953.15,157.45,1.22,4.12
Soybean,2020,Whole Year,Punjab,44929.7,196792.09,2033.98,126.15,1.75,4.38
Groundnut,2020,Summer,Punjab,249124.09,1278006.58,1273.43,170.33,4.41,5.13
Groundnut,2020,Whole Year,Punjab,41831.37,193260.93,1002.05,116.85,2.5,4.62
Rapeseed &Mustard,2020,Summer,Punjab,313926.5,778537.72,739.41,49.13,0.62,2.48
Rapeseed &Mustard,2020,Kharif,Punjab,339832.11,1056877.86,1306.29,73.15,3.43,3.11
Gram,2020,Rabi,Punjab,172254.02,549490.32,1638.1,80.7,0.81,3.19
Gram,2020,Whole Year,Punjab,430039.2,1178307.41,418.47,213.64,2.61,2.74
Arhar/Tur,2020,Summer,Punjab,340456.32,1167765.18,2081.69,204.23,1.93,3.43
Arhar/Tur,2020,Rabi,Punjab,158719.98,363468.75,1165.74,119.43,4.23,2.29
Moong(Green Gram),2020,Rabi,Punjab,60158.64,144380.74,2022.56,178.05,0.92,2.4
Moong(Green Gram),2020,Whole Year,Punjab,433518.72,936400.44,1995.12,102.73,2.21,2.16
Potato,2020,Summer,Punjab,72963.51,3062278.51,1009.51,157.28,3.97,41.97
Potato,2020,Whole Year,Punjab,418898.77,17346598.07,1692.94,88.53,3.14,41.41
Onion,2020,Summer,Punjab,68966.8,2369699.25,697.47,104.27,1.34,34.36
Onion,2020,Rabi,Punjab,196742.49,5918014.1,501.56,234.88,2.03,30.08
Tomato,2020,Kharif,Punjab,364624.16,15277752.3,712.13,172.68,3.05,41.9
Tomato,2020,Whole Year,Punjab,49477.41,2437257.22,1956.22,99.63,1.2,49.26
Banana,2020,Whole Year,Punjab,132246.08,9275740.05,1387.45,102.78,2.64,70.14
Banana,2020,Rabi,Punjab,146516.47,11919114.83,2186.18,209.41,3.8,81.35
Rice,2020,Rabi,Rajasthan,32021.43,183162.58,755.19,218.02,2.46,5.72
Rice,2020,Whole Year,Rajasthan,170180.45,1026188.11,893.4,222.86,1.79,6.03
Wheat,2020,Summer,Rajasthan,225886.34,1199456.47,724.07,120.15,3.95,5.31
Wheat,2020,Rabi,Rajasthan,448811.83,2953181.84,2007.72,60.5,1.92,6.58
Maize,2020,Rabi,Rajasthan,163002.85,984537.21,1831.85,175.88,3.95,6.04
Maize,2020,Summer,Rajasthan,228431.12,1530488.5,1736.45,206.75,0.98,6.7
Cotton(lint),2020,Summer,Rajasthan,88162.26,277711.12,1986.45,53.78,3.15,3.15
Cotton(lint),2020,Rabi,Rajasthan,198430.39,1069539.8,2101.37,210.9,3.92,5.39
Sugarcane,2020,Summer,Rajasthan,349049.11,36112620.92,1519.34,229.91,4.39,103.46
Sugarcane,2020,Whole Year,Rajasthan,227156.07,17849923.98,719.86,219.83,1.7,78.58
Soybean,2020,Whole Year,Rajasthan,231230.11,927232.74,1987.03,161.93,1.12,4.01
Soybean,2020,Rabi,Rajasthan,424469.46,1371036.36,674.44,227.94,1.11,3.23
Groundnut,2020,Summer,Rajasthan,395175.62,1841518.39,1671.33,45.41,4.05,4.66
Groundnut,2020,Whole Year,Rajasthan,396974.0,1849898.84,1986.09,115.84,1.22,4.66
Rapeseed &Mustard,2020,Summer,Rajasthan,227560.3,791909.84,1098.75,211.45,3.54,3.48
Rapeseed &Mustard,2020,Kharif,Rajasthan,111617.06,369452.47,1781.31,116.94,1.64,3.31
Gram,2020,Summer,Rajasthan,384589.25,949935.45,781.61,203.56,1.72,2.47
Gram,2020,Rabi,Rajasthan,190021.02,419946.45,547.54,150.73,1.89,2.21
Arhar/Tur,2020,Kharif,Rajasthan,174499.34,387388.53,1513.45,175.52,3.94,2.22
Arhar/Tur,2020,Whole Year,Rajasthan,445316.25,1055399.51,1630.79,108.7,4.36,2.37
Moong(Green Gram),2020,Kharif,Rajasthan,262487.0,503975.04,1168.78,163.54,3.67,1.92
Moong(Green Gram),2020,Whole Year,Rajasthan,44996.25,79193.4,670.45,195.46,2.6,1.76
Potato,2020,Whole Year,Rajasthan,14261.34,417714.65,691.5,125.04,2.45,29.29
Potato,2020,Rabi,Rajasthan,445680.59,11699115.49,541.7,57.35,0.56,26.25
Onion,2020,Kharif,Rajasthan,157804.24,3531658.89,410.43,150.74,1.05,22.38
Onion,2020,Summer,Rajasthan,26194.03,641229.85,1072.02,194.94,1.95,24.48
Tomato,2020,Kharif,Rajasthan,290530.91,11295841.78,2003.54,184.11,4.33,38.88
Tomato,2020,Whole Year,Rajasthan,246639.37,9392027.21,1224.29,148.85,2.66,38.08
Banana,2020,Kharif,Rajasthan,336161.94,14794486.98,658.74,35.5,2.43,44.01
Banana,2020,Whole Year,Rajasthan,232159.32,12413558.84,1362.23,41.02,3.26,53.47
Rice,2020,Kharif,Tamil Nadu,300899.69,1688047.26,532.95,198.27,3.43,5.61
Rice,2020,Rabi,Tamil Nadu,224101.48,1474587.74,1773.97,45.96,0.9,6.58
Wheat,2020,Summer,Tamil Nadu,185041.48,1402614.42,1346.8,197.24,1.35,7.58
Wheat,2020,Kharif,Tamil Nadu,378519.28,2990302.31,1346.11,192.12,0.42,7.9
Maize,2020,Kharif,Tamil Nadu,105353.04,675312.99,713.54,213.85,0.81,6.41
Maize,2020,Rabi,Tamil Nadu,66896.55,367262.06,629.58,175.43,1.63,5.49
Cotton(lint),2020,Summer,Tamil Nadu,224838.57,998283.25,1306.14,107.11,2.33,4.44
Cotton(lint),2020,Rabi,Tamil Nadu,13811.48,61322.97,1962.45,81.22,3.3,4.44
Sugarcane,2020,Rabi,Tamil Nadu,277098.64,32279220.57,1783.99,124.49,2.21,116.49
Sugarcane,2020,Whole Year,Tamil Nadu,344345.3,41927483.73,963.9,183.39,2.42,121.76
Soybean,2020,Whole Year,Tamil Nadu,122644.61,529824.72,2031.84,102.22,4.1,4.32
Soybean,2020,Kharif,Tamil Nadu,59033.15,193038.4,1801.07,72.05,3.92,3.27
Groundnut,2020,Rabi,Tamil Nadu,163910.54,647446.63,1803.51,46.02,2.89,3.95
Groundnut,2020,Whole Year,Tamil Nadu,340150.01,1292570.04,494.39,134.5,2.38,3.8
Rapeseed &Mustard,2020,Kharif,Tamil Nadu,413951.34,1891757.62,1903.39,215.31,4.08,4.57
Rapeseed &Mustard,2020,Rabi,Tamil Nadu,256872.18,703829.77,468.69,163.53,2.22,2.74
Gram,2020,Summer,Tamil Nadu,156305.45,409520.28,1262.37,102.93,0.3,2.62
Gram,2020,Whole Year,Tamil Nadu,61648.2,177546.82,638.53,234.67,0.73,2.88
Arhar/Tur,2020,Summer,Tamil Nadu,214602.25,628784.59,2102.1,86.71,0.83,2.93
Arhar/Tur,2020,Rabi,Tamil Nadu,219312.39,548280.98,1128.7,166.56,4.23,2.5
Moong(Green Gram),2020,Kharif,Tamil Nadu,60173.06,75216.32,553.6,93.44,1.19,1.25
Moong(Green Gram),2020,Rabi,Tamil Nadu,182640.93,410942.09,2095.36,62.69,1.87,2.25
Potato,2020,Kharif,Tamil Nadu,331483.13,12967620.05,1870.58,138.21,3.88,39.12
Potato,2020,Rabi,Tamil Nadu,110820.23,4968070.91,1609.1,234.71,1.82,44.83
Onion,2020,Whole Year,Tamil Nadu,4580.52,115016.86,1644.65,36.59,1.96,25.11
Onion,2020,Rabi,Tamil Nadu,117629.91,4127633.54,1838.68,93.2,0.97,35.09
Tomato,2020,Rabi,Tamil Nadu,310833.44,13173121.19,1678.14,33.1,3.19,42.38
Tomato,2020,Kharif,Tamil Nadu,318064.57,10311653.36,900.01,68.93,3.75,32.42
Banana,2020,Whole Year,Tamil Nadu,392584.19,30154391.63,1174.96,121.73,1.83,76.81
Banana,2020,Kharif,Tamil Nadu,115430.46,7277890.5,1811.41,196.69,2.58,63.05
Rice,2020,Whole Year,Telangana,72041.37,503569.18,1682.83,130.61,2.0,6.99
Rice,2020,Rabi,Telangana,203865.43,1327163.95,1771.17,49.14,2.81,6.51
Wheat,2020,Rabi,Telangana,114043.08,892957.32,2118.25,93.24,0.74,7.83
Wheat,2020,Kharif,Telangana,339770.26,2888047.21,1756.81,160.25,1.09,8.5
Maize,2020,Whole Year,Telangana,377142.57,2243998.29,1592.7,117.48,3.93,5.95
Maize,2020,Kharif,Telangana,62137.09,370337.06,1086.82,237.21,0.89,5.96
Cotton(lint),2020,Whole Year,Telangana,67222.38,319306.31,1625.83,220.17,1.49,4.75
Cotton(lint),2020,Kharif,Telangana,412598.49,1270803.35,994.87,32.88,2.24,3.08
Sugarcane,2020,Kharif,Telangana,431006.1,38135419.73,849.65,102.75,0.35,88.48
Sugarcane,2020,Whole Year,Telangana,45376.08,3782096.27,402.6,150.84,1.5,83.35
Soybean,2020,Rabi,Telangana,308414.79,693933.28,538.78,52.79,4.03,2.25
Soybean,2020,Whole Year,Telangana,234957.39,913984.25,1934.95,51.72,0.79,3.89
Groundnut,2020,Kharif,Telangana,158978.64,624786.06,853.25,189.66,0.21,3.93
Groundnut,2020,Rabi,Telangana,103113.11,373269.46,1066.71,74.95,0.66,3.62
Rapeseed &Mustard,2020,Kharif,Telangana,156023.56,413462.43,451.03,126.8,2.65,2.65
Rapeseed &Mustard,2020,Summer,Telangana,167286.42,573792.42,1748.82,151.59,3.94,3.43
Gram,2020,Kharif,Telangana,64563.61,113631.95,704.01,76.7,1.32,1.76
Gram,2020,Summer,Telangana,428856.73,922041.97,612.94,81.76,3.93,2.15
Arhar/Tur,2020,Whole Year,Telangana,134887.23,241448.14,1003.53,38.11,1.42,1.79
Arhar/Tur,2020,Summer,Telangana,207640.73,498337.75,1777.41,135.48,2.19,2.4
Moong(Green Gram),2020,Rabi,Telangana,57602.48,155526.7,1852.5,165.05,1.49,2.7
Moong(Green Gram),2020,Whole Year,Telangana,1452.28,3253.11,1606.92,167.78,0.56,2.24
Potato,2020,Whole Year,Telangana,380002.28,12745276.47,1430.21,92.35,0.72,33.54
Potato,2020,Kharif,Telangana,46347.0,1961405.04,772.65,201.19,2.26,42.32
Onion,2020,Rabi,Telangana,307513.79,8019959.64,929.56,141.0,0.76,26.08
Onion,2020,Whole Year,Telangana,33205.59,885261.03,1992.98,55.76,3.2,26.66
Tomato,2020,Kharif,Telangana,79134.74,3305458.09,1286.36,229.91,4.09,41.77
Tomato,2020,Summer,Telangana,265170.69,8801015.2,1259.37,55.07,1.79,33.19
Banana,2020,Rabi,Telangana,327948.4,18529084.6,1724.42,30.02,3.84,56.5
Banana,2020,Summer,Telangana,46791.37,3439633.61,1973.2,67.97,2.01,73.51
Rice,2020,Whole Year,Uttar Pradesh,247987.73,1964062.82,1429.86,190.24,3.76,7.92
Rice,2020,Summer,Uttar Pradesh,409742.47,2933756.09,1995.28,135.38,2.81,7.16
Wheat,2020,Kharif,Uttar Pradesh,49759.34,327914.05,1747.32,104.15,3.43,6.59
Wheat,2020,Rabi,Uttar Pradesh,297997.97,2151545.34,1952.91,97.91,0.55,7.22
Maize,2020,Summer,Uttar Pradesh,442028.97,2165941.95,757.76,149.02,0.21,4.9
Maize,2020,Whole Year,Uttar Pradesh,332225.35,1604648.44,1292.13,32.54,1.83,4.83
Cotton(lint),2020,Kharif,Uttar Pradesh,398105.01,1604363.19,1815.61,91.53,0.56,4.03
Cotton(lint),2020,Whole Year,Uttar Pradesh,449313.92,1950022.41,1044.96,231.25,3.52,4.34
Sugarcane,2020,Kharif,Uttar Pradesh,5542.11,608800.78,1630.06,209.23,1.85,109.85
Sugarcane,2020,Summer,Uttar Pradesh,173646.24,15482298.76,649.95,43.59,0.94,89.16
Soybean,2020,Summer,Uttar Pradesh,395706.75,1982490.82,2145.41,183.47,0.89,5.01
Soybean,2020,Kharif,Uttar Pradesh,231301.53,865067.72,1398.4,153.1,2.21,3.74
Groundnut,2020,Whole Year,Uttar Pradesh,364254.2,1518940.01,986.51,178.08,2.07,4.17
Groundnut,2020,Rabi,Uttar Pradesh,422022.97,1996168.65,1434.62,104.19,2.0,4.73
Rapeseed &Mustard,2020,Kharif,Uttar Pradesh,417219.01,1376822.73,2011.92,109.86,3.88,3.3
Rapeseed &Mustard,2020,Summer,Uttar Pradesh,373383.11,1273236.41,2034.26,47.75,4.2,3.41
Gram,2020,Whole Year,Uttar Pradesh,115732.58,293960.75,1213.08,65.22,2.12,2.54
Gram,2020,Summer,Uttar Pradesh,357808.99,1166457.31,2187.14,141.07,2.67,3.26
Arhar/Tur,2020,Summer,Uttar Pradesh,82240.21,216291.75,1126.53,230.35,3.43,2.63
Arhar/Tur,2020,Kharif,Uttar Pradesh,444554.63,1018030.1,1215.84,162.17,3.21,2.29
Moong(Green Gram),2020,Kharif,Uttar Pradesh,20337.45,33760.17,1233.83,30.3,2.58,1.66
Moong(Green Gram),2020,Whole Year,Uttar Pradesh,324262.22,476665.46,626.81,104.45,4.21,1.47
Potato,2020,Summer,Uttar Pradesh,333309.11,11735813.76,1668.57,173.01,3.39,35.21
Potato,2020,Whole Year,Uttar Pradesh,449261.93,17503244.79,2005.85,120.54,2.48,38.96
Onion,2020,Rabi,Uttar Pradesh,112765.26,3296128.55,2173.94,119.91,1.98,29.23
Onion,2020,Kharif,Uttar Pradesh,177196.7,4823294.17,1005.53,127.68,3.88,27.22
Tomato,2020,Whole Year,Uttar Pradesh,231695.7,9974499.88,1615.06,214.65,3.45,43.05
Tomato,2020,Summer,Uttar Pradesh,360317.34,12614710.07,1048.02,34.34,0.39,35.01
Banana,2020,Kharif,Uttar Pradesh,138759.12,10014245.69,1520.64,185.72,2.6,72.17
Banana,2020,Whole Year,Uttar Pradesh,384444.9,25534830.26,833.45,220.43,1.48,66.42
Rice,2020,Kharif,West Bengal,280739.03,2189764.43,1851.15,224.74,4.36,7.8
Rice,2020,Rabi,West Bengal,342437.15,2051198.53,2146.28,41.12,4.27,5.99
Wheat,2020,Kharif,West Bengal,17642.7,127909.58,654.36,163.59,3.4,7.25
Wheat,2020,Whole Year,West Bengal,70570.32,438241.69,970.23,179.71,1.77,6.21
Maize,2020,Whole Year,West Bengal,445668.85,2660643.03,1162.04,119.92,0.89,5.97
Maize,2020,Summer,West Bengal,74845.57,444582.69,879.65,217.18,2.89,5.94
Cotton(lint),2020,Rabi,West Bengal,300656.07,1298834.22,1358.91,61.0,3.25,4.32
Cotton(lint),2020,Kharif,West Bengal,20818.15,72030.8,655.66,153.77,2.18,3.46
Sugarcane,2020,Kharif,West Bengal,335468.43,33301951.05,1450.43,110.08,1.6,99.27
Sugarcane,2020,Rabi,West Bengal,170122.27,22357468.72,1573.38,208.6,3.31,131.42
Soybean,2020,Summer,West Bengal,212929.11,738864.01,1215.35,141.46,0.48,3.47
Soybean,2020,Rabi,West Bengal,278104.76,1359932.28,2067.63,238.66,0.9,4.89
Groundnut,2020,Whole Year,West Bengal,308135.44,1186321.44,880.55,84.02,2.61,3.85
Groundnut,2020,Rabi,West Bengal,220276.15,1008864.77,859.17,189.46,4.18,4.58
Rapeseed &Mustard,2020,Whole Year,West Bengal,78014.27,344823.07,2021.41,164.83,0.98,4.42
Rapeseed &Mustard,2020,Kharif,West Bengal,217276.73,916907.8,1506.0,213.38,4.29,4.22
Gram,2020,Summer,West Bengal,54331.32,113009.15,931.26,126.28,2.25,2.08
Gram,2020,Kharif,West Bengal,413994.09,1196442.92,1292.57,118.98,0.41,2.89
Arhar/Tur,2020,Rabi,West Bengal,396353.18,1422907.92,2035.63,168.85,2.09,3.59
Arhar/Tur,2020,Whole Year,West Bengal,429318.87,1425338.65,2144.5,207.94,2.71,3.32
Moong(Green Gram),2020,Kharif,West Bengal,240737.91,416476.58,1022.14,45.28,2.25,1.73
Moong(Green Gram),2020,Summer,West Bengal,33679.34,73757.75,1269.6,167.74,4.33,2.19
Potato,2020,Rabi,West Bengal,444045.03,19213828.45,1371.93,232.19,1.07,43.27
Potato,2020,Whole Year,West Bengal,444076.32,15893491.49,1885.54,146.28,0.57,35.79
Onion,2020,Summer,West Bengal,79109.75,2058435.7,685.24,192.89,0.7,26.02
Onion,2020,Whole Year,West Bengal,377108.82,9356069.82,894.04,39.43,2.14,24.81
Tomato,2020,Whole Year,West Bengal,189335.72,6229145.19,605.4,128.21,0.99,32.9
Tomato,2020,Summer,West Bengal,56579.56,2330512.08,1698.01,196.31,1.9,41.19
Banana,2020,Kharif,West Bengal,55592.3,4114942.05,1470.63,203.47,3.41,74.02
Banana,2020,Summer,West Bengal,177835.28,9788053.81,646.99,51.41,4.31,55.04
Rice,2021,Summer,Andhra Pradesh,241234.15,1387096.36,1117.29,72.06,3.88,5.75
Rice,2021,Whole Year,Andhra Pradesh,113017.3,584299.44,466.34,141.61,4.49,5.17
Wheat,2021,Summer,Andhra Pradesh,398000.05,2579040.32,1213.23,87.38,2.95,6.48
Wheat,2021,Whole Year,Andhra Pradesh,281070.79,1694856.86,644.84,149.84,2.39,6.03
Maize,2021,Whole Year,Andhra Pradesh,432103.61,3201887.75,1824.02,222.93,4.29,7.41
Maize,2021,Kharif,Andhra Pradesh,291821.1,1777190.5,1844.42,80.71,4.13,6.09
Cotton(lint),2021,Kharif,Andhra Pradesh,230964.3,856877.55,1327.76,108.54,0.65,3.71
Cotton(lint),2021,Rabi,Andhra Pradesh,215819.96,802850.25,1730.37,103.93,1.95,3.72
Sugarcane,2021,Kharif,Andhra Pradesh,204046.1,24259040.83,1218.08,239.14,1.81,118.89
Sugarcane,2021,Whole Year,Andhra Pradesh,398241.9,43671206.75,1452.14,196.55,0.44,109.66
Soybean,2021,Kharif,Andhra Pradesh,178917.27,619053.75,1554.06,91.54,2.59,3.46
Soybean,2021,Whole Year,Andhra Pradesh,434705.19,1395403.66,1252.03,51.19,0.44,3.21
Groundnut,2021,Summer,Andhra Pradesh,379749.14,1830390.85,1727.75,215.75,2.73,4.82
Groundnut,2021,Rabi,Andhra Pradesh,262607.42,1189611.61,1512.44,112.52,4.23,4.53
Rapeseed &Mustard,2021,Rabi,Andhra Pradesh,279365.64,796192.07,969.77,184.69,1.19,2.85
Rapeseed &Mustard,2021,Kharif,Andhra Pradesh,67873.25,226696.65,1143.83,95.16,0.68,3.34
Gram,2021,Summer,Andhra Pradesh,425314.13,1292954.96,2097.08,96.43,2.86,3.04
Gram,2021,Kharif,Andhra Pradesh,393763.78,1169478.43,2070.57,44.13,0.4,2.97
Arhar/Tur,2021,Summer,Andhra Pradesh,30968.16,43665.11,455.06,30.42,3.14,1.41
Arhar/Tur,2021,Rabi,Andhra Pradesh,385365.73,755316.83,764.9,98.53,0.96,1.96
Moong(Green Gram),2021,Rabi,Andhra Pradesh,139673.87,182972.77,535.86,71.45,0.91,1.31
Moong(Green Gram),2021,Whole Year,Andhra Pradesh,398194.93,664985.53,551.9,155.56,4.2,1.67
Potato,2021,Whole Year,Andhra Pradesh,89463.94,3230542.87,829.59,153.24,4.41,36.11
Potato,2021,Kharif,Andhra Pradesh,189282.18,6990190.91,1771.04,140.88,2.4,36.93
Onion,2021,Rabi,Andhra Pradesh,304884.2,10045934.39,1279.34,202.23,0.8,32.95
Onion,2021,Whole Year,Andhra Pradesh,249106.26,8554308.97,2072.74,174.7,4.18,34.34
Tomato,2021,Rabi,Andhra Pradesh,160346.37,7380743.41,2184.4,72.52,1.93,46.03
Tomato,2021,Kharif,Andhra Pradesh,137925.33,5157028.09,1779.65,56.31,1.65,37.39
Banana,2021,Kharif,Andhra Pradesh,315824.5,21100234.85,1081.51,159.09,2.65,66.81
Banana,2021,Summer,Andhra Pradesh,31524.06,1791827.57,1227.84,126.22,0.32,56.84
Rice,2021,Rabi,Assam,362225.5,2249420.35,1101.33,178.88,3.44,6.21
Rice,2021,Whole Year,Assam,206257.46,981785.51,429.45,165.11,3.11,4.76
Wheat,2021,Kharif,Assam,32927.76,141589.37,572.9,89.3,1.68,4.3
Wheat,2021,Summer,Assam,127199.76,635998.8,991.47,100.57,2.87,5.0
Maize,2021,Summer,Assam,355104.85,2379202.5,1658.13,209.53,0.23,6.7
Maize,2021,Kharif,Assam,423487.63,2159786.91,1623.62,125.88,0.76,5.1
Cotton(lint),2021,Kharif,Assam,132406.58,541542.91,1670.08,113.86,0.22,4.09
Cotton(lint),2021,Whole Year,Assam,151308.52,529579.82,990.72,160.7,0.45,3.5
Sugarcane,2021,Summer,Assam,234798.37,21702413.34,1276.23,111.86,0.67,92.43
Sugarcane,2021,Whole Year,Assam,356757.81,34216641.56,895.6,229.11,3.68,95.91
Soybean,2021,Rabi,Assam,21910.68,81726.84,1423.1,227.62,0.37,3.73
Soybean,2021,Kharif,Assam,256598.84,656893.03,609.16,130.64,3.3,2.56
Groundnut,2021,Summer,Assam,250711.69,952704.42,577.08,196.59,2.5,3.8
Groundnut,2021,Kharif,Assam,441593.5,1523497.58,1194.12,54.29,0.64,3.45
Rapeseed &Mustard,2021,Summer,Assam,392630.96,694956.8,525.13,47.58,1.38,1.77
Rapeseed &Mustard,2021,Whole Year,Assam,367457.06,1304472.56,1750.77,147.81,0.7,3.55
Gram,2021,Rabi,Assam,181880.44,529272.08,1833.8,227.4,2.84,2.91
Gram,2021,Summer,Assam,190199.65,399419.27,1418.18,30.93,1.36,2.1
Arhar/Tur,2021,Whole Year,Assam,102945.87,230598.75,1504.58,83.56,3.6,2.24
Arhar/Tur,2021,Kharif,Assam,147042.26,194095.78,465.13,55.98,3.02,1.32
Moong(Green Gram),2021,Summer,Assam,448178.68,927729.87,1560.52,88.06,0.59,2.07
Moong(Green Gram),2021,Whole Year,Assam,230552.29,470326.67,1957.51,133.75,2.19,2.04
Potato,2021,Summer,Assam,130496.43,5218552.24,1590.87,230.71,0.84,39.99
Potato,2021,Kharif,Assam,79849.78,2263741.26,1060.33,55.96,2.96,28.35
Onion,2021,Rabi,Assam,401643.45,9984856.17,1693.61,65.94,1.09,24.86
Onion,2021,Kharif,Assam,112431.32,2890609.24,1160.64,63.89,4.03,25.71
Tomato,2021,Whole Year,Assam,274256.07,13271251.23,1717.44,235.39,1.04,48.39
Tomato,2021,Rabi,Assam,195428.53,5344970.3,498.38,53.4,2.79,27.35
Banana,2021,Rabi,Assam,228398.04,14089875.09,1611.64,44.78,3.7,61.69
Banana,2021,Whole Year,Assam,319109.52,23677926.38,1408.92,190.95,2.71,74.2
Rice,2021,Rabi,Bihar,214046.47,1059530.03,711.77,120.09,1.04,4.95
Rice,2021,Whole Year,Bihar,162275.45,939574.86,1582.68,226.54,1.7,5.79
Wheat,2021,Whole Year,Bihar,81869.77,326660.38,987.09,85.16,0.55,3.99
Wheat,2021,Kharif,Bihar,321716.44,1994641.93,1516.55,102.11,2.33,6.2
Maize,2021,Kharif,Bihar,441771.61,2964287.5,1867.98,148.04,4.19,6.71
Maize,2021,Summer,Bihar,207480.24,771826.49,660.55,45.79,2.27,3.72
Cotton(lint),2021,Summer,Bihar,144437.49,561861.84,1693.06,64.46,3.29,3.89
Cotton(lint),2021,Kharif,Bihar,111777.11,355451.21,492.76,115.67,3.84,3.18
Sugarcane,2021,Rabi,Bihar,387143.91,44432506.55,2168.08,54.3,2.46,114.77
Sugarcane,2021,Whole Year,Bihar,89791.02,10772228.67,2197.14,102.95,4.09,119.97
Soybean,2021,Whole Year,Bihar,338900.5,894697.32,856.85,55.34,2.65,2.64
Soybean,2021,Rabi,Bihar,335373.03,764650.51,897.64,33.57,1.22,2.28
Groundnut,2021,Summer,Bihar,107533.83,450566.75,1729.51,82.12,1.9,4.19
Groundnut,2021,Rabi,Bihar,376863.04,1499914.9,1321.69,95.71,1.92,3.98
Rapeseed &Mustard,2021,Summer,Bihar,191375.5,549247.69,1602.89,169.77,0.3,2.87
Rapeseed &Mustard,2021,Whole Year,Bihar,282649.01,879038.42,1400.26,166.68,3.01,3.11
Gram,2021,Kharif,Bihar,329772.64,844217.96,1801.13,207.16,3.92,2.56
Gram,2021,Summer,Bihar,338060.55,990517.41,1424.9,232.71,1.82,2.93
Arhar/Tur,2021,Rabi,Bihar,222883.57,512632.21,2047.53,51.38,3.07,2.3
Arhar/Tur,2021,Kharif,Bihar,61491.57,167257.07,1221.96,231.88,2.92,2.72
Moong(Green Gram),2021,Rabi,Bihar,329644.27,547209.49,1289.84,201.66,4.49,1.66
Moong(Green Gram),2021,Whole Year,Bihar,273362.73,530323.7,1629.55,177.93,2.24,1.94
Potato,2021,Summer,Bihar,69597.97,2353803.35,1169.7,110.58,4.41,33.82
Potato,2021,Rabi,Bihar,399640.5,12392851.91,684.17,180.21,1.39,31.01
Onion,2021,Whole Year,Bihar,131948.65,2698349.89,1021.66,98.04,1.06,20.45
Onion,2021,Summer,Bihar,184233.86,4495306.18,2049.34,101.35,0.33,24.4
Tomato,2021,Summer,Bihar,169661.99,6229988.27,1675.8,33.5,1.62,36.72
Tomato,2021,Kharif,Bihar,275535.0,11225295.9,1285.68,205.1,3.54,40.74
Banana,2021,Whole Year,Bihar,17625.72,1137211.45,660.96,221.77,1.16,64.52
Banana,2021,Rabi,Bihar,290573.79,19113943.91,1397.06,132.09,2.01,65.78
Rice,2021,Whole Year,Gujarat,24543.59,147997.85,1286.52,99.41,1.96,6.03
Rice,2021,Kharif,Gujarat,108182.42,896832.26,1782.38,199.59,2.56,8.29
Wheat,2021,Whole Year,Gujarat,92236.29,536815.21,940.12,82.68,1.69,5.82
Wheat,2021,Rabi,Gujarat,21065.99,148515.23,1589.05,183.47,2.29,7.05
Maize,2021,Whole Year,Gujarat,153353.65,898652.39,1514.03,97.98,2.11,5.86
Maize,2021,Rabi,Gujarat,314768.57,2348173.53,1675.96,239.21,3.19,7.46
Cotton(lint),2021,Rabi,Gujarat,70428.55,253542.78,1289.12,64.27,3.97,3.6
Cotton(lint),2021,Summer,Gujarat,137933.84,600012.2,902.77,210.54,3.13,4.35
Sugarcane,2021,Kharif,Gujarat,384857.02,47602964.8,2096.43,193.84,3.29,123.69
Sugarcane,2021,Rabi,Gujarat,3854.63,380683.26,2137.13,36.77,2.76,98.76
Soybean,2021,Rabi,Gujarat,139692.39,660745.0,1807.41,237.63,3.55,4.73
Soybean,2021,Kharif,Gujarat,312160.17,1479639.21,2020.15,173.43,3.47,4.74
Groundnut,2021,Kharif,Gujarat,228931.24,954643.27,934.25,74.13,3.28,4.17
Groundnut,2021,Whole Year,Gujarat,390905.59,1852892.5,1372.23,206.39,0.31,4.74
Rapeseed &Mustard,2021,Kharif,Gujarat,160867.63,530863.18,1577.77,103.59,2.96,3.3
Rapeseed &Mustard,2021,Whole Year,Gujarat,129190.24,399197.84,1481.51,119.94,1.52,3.09
Gram,2021,Summer,Gujarat,162658.21,432670.84,610.69,180.87,2.89,2.66
Gram,2021,Kharif,Gujarat,14875.42,40907.4,1197.48,232.52,4.01,2.75
Arhar/Tur,2021,Kharif,Gujarat,132235.04,392738.07,1934.02,183.14,1.71,2.97
Arhar/Tur,2021,Whole Year,Gujarat,143303.49,389785.49,903.43,227.2,3.46,2.72
Moong(Green Gram),2021,Summer,Gujarat,78338.54,151976.77,1540.2,124.48,3.53,1.94
Moong(Green Gram),2021,Whole Year,Gujarat,304892.03,448191.28,741.83,56.04,4.2,1.47
Potato,2021,Summer,Gujarat,304138.89,11849251.15,812.48,216.54,2.27,38.96
Potato,2021,Kharif,Gujarat,386323.94,13714499.87,1677.33,91.0,1.88,35.5
Onion,2021,Whole Year,Gujarat,223053.06,6796426.74,1727.9,168.12,3.3,30.47
Onion,2021,Rabi,Gujarat,375540.47,9185719.9,612.34,76.08,3.01,24.46
Tomato,2021,Whole Year,Gujarat,215158.78,8249187.63,504.08,186.54,2.36,38.34
Tomato,2021,Rabi,Gujarat,423299.03,17698132.44,2115.1,76.4,3.33,41.81
Banana,2021,Whole Year,Gujarat,377154.54,27264501.7,1822.74,204.8,4.42,72.29
Banana,2021,Rabi,Gujarat,369477.88,25394214.69,1076.14,138.4,3.62,68.73
Rice,2021,Summer,Haryana,163618.86,1153512.96,865.77,160.06,1.78,7.05
Rice,2021,Whole Year,Haryana,84631.82,767610.61,2055.68,195.3,2.9,9.07
Wheat,2021,Kharif,Haryana,190060.08,1119453.87,554.42,125.8,2.38,5.89
Wheat,2021,Rabi,Haryana,15093.48,98258.55,1155.8,69.72,3.46,6.51
Maize,2021,Summer,Haryana,100651.94,812261.16,1895.16,172.88,3.94,8.07
Maize,2021,Rabi,Haryana,225668.55,1060642.19,506.48,70.78,1.14,4.7
Cotton(lint),2021,Whole Year,Haryana,242580.84,999433.06,823.26,234.68,1.25,4.12
Cotton(lint),2021,Summer,Haryana,437422.17,1810927.78,732.59,115.85,2.95,4.14
Sugarcane,2021,Summer,Haryana,345962.51,41588153.33,1804.36,102.87,3.67,120.21
Sugarcane,2021,Rabi,Haryana,158227.35,17832222.35,869.95,108.62,2.12,112.7
Soybean,2021,Rabi,Haryana,55293.05,180808.27,473.44,193.34,1.62,3.27
Soybean,2021,Kharif,Haryana,196609.61,774641.86,1416.04,126.0,4.09,3.94
Groundnut,2021,Summer,Haryana,408744.07,1659500.92,457.28,156.29,2.52,4.06
Groundnut,2021,Rabi,Haryana,99741.68,488734.23,1663.39,106.15,3.51,4.9
Rapeseed &Mustard,2021,Kharif,Haryana,223854.47,640223.78,867.05,107.28,0.34,2.86
Rapeseed &Mustard,2021,Whole Year,Haryana,164434.73,424241.6,901.9,78.37,3.42,2.58
Gram,2021,Rabi,Haryana,426535.53,1241218.39,1524.45,108.1,0.69,2.91
Gram,2021,Kharif,Haryana,31135.74,105550.16,1582.37,103.52,1.94,3.39
Arhar/Tur,2021,Rabi,Haryana,418307.63,1079233.69,1845.25,101.98,4.3,2.58
Arhar/Tur,2021,Summer,Haryana,316528.56,848296.54,1367.1,150.24,4.47,2.68
Moong(Green Gram),2021,Rabi,Haryana,223611.78,505362.62,1858.71,131.07,1.07,2.26
Moong(Green Gram),2021,Kharif,Haryana,430145.68,873195.73,1362.05,54.52,3.86,2.03
Potato,2021,Summer,Haryana,248433.13,9572128.5,1584.28,154.02,4.3,38.53
Potato,2021,Rabi,Haryana,300605.45,9586307.8,1480.65,30.39,1.54,31.89
Onion,2021,Rabi,Haryana,359653.1,10980209.14,1376.07,110.64,1.64,30.53
Onion,2021,Whole Year,Haryana,211813.74,6237914.64,1611.65,85.04,4.06,29.45
Tomato,2021,Kharif,Haryana,366697.28,16765399.64,2111.43,114.82,0.41,45.72
Tomato,2021,Rabi,Haryana,155471.38,6848514.29,1561.21,138.97,1.24,44.05
Banana,2021,Whole Year,Haryana,348021.98,21003126.49,975.97,150.42,1.34,60.35
Banana,2021,Kharif,Haryana,168073.23,12965168.96,730.42,147.97,3.34,77.14
Rice,2021,Whole Year,Karnataka,57636.87,357924.96,2035.72,70.62,1.57,6.21
Rice,2021,Summer,Karnataka,384033.09,2292677.55,993.88,201.52,4.48,5.97
Wheat,2021,Summer,Karnataka,320207.95,2513632.41,1361.06,195.17,0.86,7.85
Wheat,2021,Kharif,Karnataka,342673.49,2408994.63,2134.47,42.27,1.69,7.03
Maize,2021,Summer,Karnataka,449122.86,3067509.13,1630.02,119.4,1.44,6.83
Maize,2021,Whole Year,Karnataka,84556.21,455757.97,572.75,166.6,2.35,5.39
Cotton(lint),2021,Summer,Karnataka,48220.66,181791.89,1278.47,64.7,2.78,3.77
Cotton(lint),2021,Whole Year,Karnataka,289979.17,1238211.06,1428.89,203.3,2.35,4.27
Sugarcane,2021,Summer,Karnataka,242159.79,22048648.88,485.12,221.94,4.31,91.05
Sugarcane,2021,Rabi,Karnataka,354349.29,42667198.01,1715.52,150.66,0.93,120.41
Soybean,2021,Rabi,Karnataka,100526.68,263379.9,779.44,97.21,0.78,2.62
Soybean,2021,Kharif,Karnataka,187747.76,437452.28,428.9,52.03,4.05,2.33
Groundnut,2021,Summer,Karnataka,185403.36,550647.98,654.76,52.66,2.8,2.97
Groundnut,2021,Rabi,Karnataka,45844.06,194837.26,1793.94,87.89,2.27,4.25
Rapeseed &Mustard,2021,Rabi,Karnataka,130888.15,430622.01,1514.95,59.63,3.73,3.29
Rapeseed &Mustard,2021,Kharif,Karnataka,95415.02,272886.96,634.61,174.68,0.45,2.86
Gram,2021,Summer,Karnataka,60174.71,195567.81,1076.0,228.57,0.29,3.25
Gram,2021,Whole Year,Karnataka,409086.69,1329531.74,1724.04,216.56,0.35,3.25
Arhar/Tur,2021,Rabi,Karnataka,339121.05,956321.36,1489.49,183.36,3.89,2.82
Arhar/Tur,2021,Whole Year,Karnataka,312559.82,715761.99,1249.57,118.52,3.43,2.29
Moong(Green Gram),2021,Rabi,Karnataka,306385.85,664857.29,1787.83,205.51,3.03,2.17
Moong(Green Gram),2021,Whole Year,Karnataka,107154.35,240025.74,1912.75,176.18,2.16,2.24
Potato,2021,Whole Year,Karnataka,352596.12,10327540.35,1250.02,145.64,3.98,29.29
Potato,2021,Kharif,Karnataka,358748.16,12498785.89,490.85,231.25,1.66,34.84
Onion,2021,Rabi,Karnataka,272993.05,8170681.99,760.05,194.13,2.24,29.93
Onion,2021,Summer,Karnataka,312983.3,9455225.49,1447.94,234.11,1.99,30.21
Tomato,2021,Summer,Karnataka,391408.27,15891175.76,1551.79,44.44,0.34,40.6
Tomato,2021,Rabi,Karnataka,173212.07,7316477.84,1933.3,133.35,0.31,42.24
Banana,2021,Summer,Karnataka,291343.76,21139903.23,1703.64,184.74,1.81,72.56
Banana,2021,Kharif,Karnataka,197645.1,14414257.14,1858.7,81.15,3.9,72.93
Rice,2021,Kharif,Madhya Pradesh,445843.99,3054031.33,1938.34,98.4,2.14,6.85
Rice,2021,Summer,Madhya Pradesh,246699.95,1699762.66,2067.84,111.46,2.65,6.89
Wheat,2021,Rabi,Madhya Pradesh,348996.31,1874110.18,631.44,202.82,2.89,5.37
Wheat,2021,Summer,Madhya Pradesh,353972.49,2499045.78,1848.92,131.42,1.87,7.06
Maize,2021,Summer,Madhya Pradesh,69733.0,285905.3,917.13,92.14,2.88,4.1
Maize,2021,Rabi,Madhya Pradesh,128416.36,694732.51,776.27,146.99,4.27,5.41
Cotton(lint),2021,Whole Year,Madhya Pradesh,92129.73,355620.76,716.13,212.02,1.33,3.86
Cotton(lint),2021,Kharif,Madhya Pradesh,174025.11,562101.11,415.69,181.45,2.42,3.23
Sugarcane,2021,Kharif,Madhya Pradesh,321337.04,32050156.37,697.25,185.5,0.81,99.74
Sugarcane,2021,Rabi,Madhya Pradesh,173957.68,17046113.06,1045.9,61.28,4.09,97.99
Soybean,2021,Rabi,Madhya Pradesh,106815.05,416578.7,2193.39,153.03,0.84,3.9
Soybean,2021,Kharif,Madhya Pradesh,132324.92,371833.03,565.82,77.93,2.58,2.81
Groundnut,2021,Summer,Madhya Pradesh,192724.62,959768.61,2075.42,86.97,2.2,4.98
Groundnut,2021,Rabi,Madhya Pradesh,297729.85,1217715.09,905.25,98.98,2.38,4.09
Rapeseed &Mustard,2021,Rabi,Madhya Pradesh,379789.18,1390028.4,1794.74,225.73,2.72,3.66
Rapeseed &Mustard,2021,Kharif,Madhya Pradesh,382785.13,1167494.65,1221.27,147.84,1.55,3.05
Gram,2021,Kharif,Madhya Pradesh,419030.94,1093670.75,1372.09,69.23,2.47,2.61
Gram,2021,Rabi,Madhya Pradesh,235904.05,658172.3,791.26,224.6,3.53,2.79
Arhar/Tur,2021,Rabi,Madhya Pradesh,150629.88,366030.61,1253.87,79.85,0.25,2.43
Arhar/Tur,2021,Kharif,Madhya Pradesh,281632.79,580163.55,1888.99,83.14,0.46,2.06
Moong(Green Gram),2021,Kharif,Madhya Pradesh,136585.36,266341.45,2014.95,98.19,2.4,1.95
Moong(Green Gram),2021,Rabi,Madhya Pradesh,114600.67,218887.28,1044.51,167.39,3.72,1.91
Potato,2021,Kharif,Madhya Pradesh,9050.76,282112.19,825.86,158.11,2.36,31.17
Potato,2021,Rabi,Madhya Pradesh,97597.45,3307577.58,867.54,212.13,3.25,33.89
Onion,2021,Whole Year,Madhya Pradesh,45874.28,1453755.93,1229.86,224.2,2.71,31.69
Onion,2021,Kharif,Madhya Pradesh,209725.27,5404620.21,2076.48,63.8,3.26,25.77
Tomato,2021,Summer,Madhya Pradesh,28679.14,1004343.48,677.88,216.23,2.55,35.02
Tomato,2021,Whole Year,Madhya Pradesh,61001.86,2542557.52,1071.86,196.53,1.48,41.68
Banana,2021,Whole Year,Madhya Pradesh,41204.97,2668021.81,2068.65,154.37,1.34,64.75
Banana,2021,Kharif,Madhya Pradesh,227882.28,16004172.52,1014.04,214.88,4.47,70.23
Rice,2021,Kharif,Maharashtra,77962.68,518451.82,1455.51,198.1,3.37,6.65
Rice,2021,Whole Year,Maharashtra,148054.47,969756.78,1369.99,88.52,0.69,6.55
Wheat,2021,Whole Year,Maharashtra,342460.86,2719139.23,1749.44,145.9,3.41,7.94
Wheat,2021,Summer,Maharashtra,29562.8,240049.94,1986.28,165.23,2.83,8.12
Maize,2021,Summer,Maharashtra,63309.85,350103.47,1829.68,98.02,0.3,5.53
Maize,2021,Rabi,Maharashtra,378622.1,1893110.5,657.86,121.31,1.29,5.0
Cotton(lint),2021,Summer,Maharashtra,176581.32,787552.69,1396.21,214.54,3.46,4.46
Cotton(lint),2021,Whole Year,Maharashtra,193350.28,531713.27,573.83,54.46,1.3,2.75
Sugarcane,2021,Summer,Maharashtra,370316.78,36690986.56,1071.31,44.09,0.62,99.08
Sugarcane,2021,Whole Year,Maharashtra,367957.02,39765115.15,1908.19,90.23,1.37,108.07
Soybean,2021,Rabi,Maharashtra,24415.29,83500.29,2148.86,42.22,0.97,3.42
Soybean,2021,Summer,Maharashtra,48538.03,118918.17,676.52,43.0,1.28,2.45
Groundnut,2021,Summer,Maharashtra,324748.1,1117133.46,1267.0,93.92,2.84,3.44
Groundnut,2021,Rabi,Maharashtra,336885.93,1502511.25,908.0,131.83,4.24,4.46
Rapeseed &Mustard,2021,Whole Year,Maharashtra,164750.6,611224.73,2172.12,51.69,0.89,3.71
Rapeseed &Mustard,2021,Summer,Maharashtra,188284.73,555439.95,1354.41,96.47,3.03,2.95
Gram,2021,Summer,Maharashtra,221191.6,466714.28,529.85,206.55,2.41,2.11
Gram,2021,Rabi,Maharashtra,414923.26,1286262.11,1298.11,235.47,3.36,3.1
Arhar/Tur,2021,Rabi,Maharashtra,416565.7,1033082.94,1384.12,141.97,3.27,2.48
Arhar/Tur,2021,Summer,Maharashtra,191717.23,446701.15,601.4,195.73,0.75,2.33
Moong(Green Gram),2021,Whole Year,Maharashtra,349935.33,423421.75,763.25,42.15,0.54,1.21
Moong(Green Gram),2021,Kharif,Maharashtra,101138.62,150696.54,1225.34,47.84,4.48,1.49
Potato,2021,Summer,Maharashtra,258997.81,11131725.87,1744.97,227.76,2.65,42.98
Potato,2021,Rabi,Maharashtra,126720.9,4616442.39,678.51,187.69,1.21,36.43
Onion,2021,Rabi,Maharashtra,355186.27,11923603.08,1448.2,215.85,1.11,33.57
Onion,2021,Kharif,Maharashtra,373301.0,8350743.37,1370.83,32.18,3.11,22.37
Tomato,2021,Rabi,Maharashtra,193369.24,7291954.04,655.96,180.09,4.07,37.71
Tomato,2021,Kharif,Maharashtra,191226.81,6233994.01,557.77,182.42,0.51,32.6
Banana,2021,Whole Year,Maharashtra,310190.33,17913491.56,1866.07,57.45,1.04,57.75
Banana,2021,Summer,Maharashtra,214652.17,15255329.72,1904.8,58.98,2.86,71.07
Rice,2021,Summer,Odisha,27473.04,177475.84,1398.54,231.62,1.15,6.46
Rice,2021,Rabi,Odisha,163330.13,718652.57,479.8,111.71,2.59,4.4
Wheat,2021,Whole Year,Odisha,112898.73,838837.56,1662.98,219.04,2.47,7.43
Wheat,2021,Rabi,Odisha,367940.22,2336420.4,835.09,114.32,4.05,6.35
Maize,2021,Rabi,Odisha,374768.21,2083711.25,829.88,163.18,4.31,5.56
Maize,2021,Whole Year,Odisha,331076.12,2406923.39,1958.3,233.44,0.3,7.27
Cotton(lint),2021,Rabi,Odisha,196404.29,915243.99,2042.54,143.12,0.6,4.66
Cotton(lint),2021,Summer,Odisha,334726.54,1439324.12,1659.76,126.71,1.38,4.3
Sugarcane,2021,Kharif,Odisha,263405.37,26759351.54,1574.7,192.71,3.42,101.59
Sugarcane,2021,Whole Year,Odisha,119153.23,9906399.54,1368.83,42.9,3.48,83.14
Soybean,2021,Summer,Odisha,131897.97,456366.98,1195.72,190.24,2.11,3.46
Soybean,2021,Rabi,Odisha,360642.1,1038649.25,1479.36,118.24,0.74,2.88
Groundnut,2021,Summer,Odisha,87009.16,344556.27,1453.78,196.85,3.97,3.96
Groundnut,2021,Rabi,Odisha,309444.45,1237777.8,1804.65,83.2,1.48,4.0
Rapeseed &Mustard,2021,Whole Year,Odisha,170228.72,612823.39,2166.78,93.1,1.99,3.6
Rapeseed &Mustard,2021,Kharif,Odisha,395335.48,1340187.28,1110.12,229.2,3.01,3.39
Gram,2021,Kharif,Odisha,436326.37,894469.06,615.7,137.13,2.63,2.05
Gram,2021,Rabi,Odisha,352369.56,965492.59,1247.98,213.81,2.97,2.74
Arhar/Tur,2021,Rabi,Odisha,435009.8,1026623.13,1467.6,155.13,4.11,2.36
Arhar/Tur,2021,Whole Year,Odisha,48724.76,134480.34,2131.96,46.48,0.93,2.76
Moong(Green Gram),2021,Rabi,Odisha,438838.44,825016.27,1843.49,160.01,2.64,1.88
Moong(Green Gram),2021,Kharif,Odisha,156930.52,309153.12,1131.51,228.36,2.03,1.97
Potato,2021,Rabi,Odisha,42013.12,1356603.64,1464.95,63.48,4.42,32.29
Potato,2021,Kharif,Odisha,295392.26,8991740.39,1644.43,120.3,0.52,30.44
Onion,2021,Kharif,Odisha,162704.08,4394637.2,1361.18,163.17,1.95,27.01
Onion,2021,Whole Year,Odisha,138664.76,3846560.44,1994.22,58.62,0.73,27.74
Tomato,2021,Kharif,Odisha,344607.26,12702223.6,516.49,211.25,2.91,36.86
Tomato,2021,Whole Year,Odisha,381569.19,12404814.37,557.54,109.18,2.36,32.51
Banana,2021,Summer,Odisha,180663.78,8689927.82,690.57,44.36,4.34,48.1
Banana,2021,Kharif,Odisha,314625.46,16310183.85,1016.41,55.83,4.2,51.84
Rice,2021,Rabi,Punjab,48398.41,332013.09,956.57,163.95,0.63,6.86
Rice,2021,Whole Year,Punjab,280743.98,1409334.78,736.6,36.95,4.32,5.02
Wheat,2021,Summer,Punjab,100492.7,848158.39,1432.46,217.78,2.27,8.44
Wheat,2021,Rabi,Punjab,85635.14,661103.28,1278.96,164.83,1.63,7.72
Maize,2021,Kharif,Punjab,224643.02,1478151.07,566.66,230.28,3.79,6.58
Maize,2021,Summer,Punjab,420590.82,2759075.78,1881.61,89.2,0.34,6.56
Cotton(lint),2021,Whole Year,Punjab,191292.97,1050198.41,2128.46,148.75,2.96,5.49
Cotton(lint),2021,Summer,Punjab,269518.83,1026866.74,841.59,42.36,3.3,3.81
Sugarcane,2021,Kharif,Punjab,243894.78,31879486.69,1806.41,42.8,0.86,130.71
Sugarcane,2021,Summer,Punjab,239450.36,29119558.28,1178.14,156.02,0.74,121.61
Soybean,2021,Rabi,Punjab,186015.71,732901.9,1207.72,77.76,3.86,3.94
Soybean,2021,Whole Year,Punjab,276464.93,1000803.05,1492.57,147.46,3.74,3.62
Groundnut,2021,Rabi,Punjab,352258.57,2307293.63,2088.17,150.19,2.96,6.55
Groundnut,2021,Summer,Punjab,123396.13,734206.97,1818.49,179.84,2.79,5.95
Rapeseed &Mustard,2021,Whole Year,Punjab,62451.93,242938.01,1370.54,221.38,4.04,3.89
Rapeseed &Mustard,2021,Summer,Punjab,423524.76,1982095.88,1849.54,208.74,4.21,4.68
Gram,2021,Kharif,Punjab,423551.17,1334186.19,1422.85,84.24,2.94,3.15
Gram,2021,Summer,Punjab,7888.77,31239.53,2169.01,159.76,1.82,3.96
Arhar/Tur,2021,Kharif,Punjab,297901.52,732837.74,1578.61,31.39,2.4,2.46
Arhar/Tur,2021,Whole Year,Punjab,102888.18,376570.74,1927.26,232.52,1.4,3.66
Moong(Green Gram),2021,Whole Year,Punjab,165214.8,484079.36,2096.84,220.82,0.69,2.93
Moong(Green Gram),2021,Rabi,Punjab,97335.53,166443.76,1285.98,36.92,4.05,1.71
Potato,2021,Rabi,Punjab,225868.48,9649101.47,1029.46,178.33,2.24,42.72
Potato,2021,Kharif,Punjab,51315.01,1671329.88,432.56,60.22,0.9,32.57
Onion,2021,Rabi,Punjab,360588.04,11138564.56,703.98,169.5,0.62,30.89
Onion,2021,Kharif,Punjab,319556.8,11404982.19,2006.58,175.07,1.99,35.69
Tomato,2021,Kharif,Punjab,276170.21,11770374.35,1353.04,79.73,2.85,42.62
Tomato,2021,Whole Year,Punjab,369424.91,13495091.96,723.55,53.98,4.37,36.53
Banana,2021,Rabi,Punjab,270008.47,15039471.78,554.43,109.39,4.09,55.7
Banana,2021,Whole Year,Punjab,289880.94,19401731.31,765.35,140.0,3.08,66.93
Rice,2021,Kharif,Rajasthan,173292.2,1161057.74,1782.04,218.66,2.25,6.7
Rice,2021,Rabi,Rajasthan,359819.83,1518439.68,1100.53,40.25,2.93,4.22
Wheat,2021,Whole Year,Rajasthan,38326.69,164421.5,620.68,91.97,1.73,4.29
Wheat,2021,Summer,Rajasthan,172419.92,813822.02,403.97,91.14,0.94,4.72
Maize,2021,Rabi,Rajasthan,376200.02,2543112.14,1989.23,207.51,4.42,6.76
Maize,2021,Kharif,Rajasthan,141850.23,783013.27,1358.79,110.84,4.37,5.52
Cotton(lint),2021,Kharif,Rajasthan,347401.15,1327072.39,1244.04,204.81,1.17,3.82
Cotton(lint),2021,Summer,Rajasthan,40842.93,144583.97,640.12,199.87,3.02,3.54
Sugarcane,2021,Kharif,Rajasthan,412108.46,37510112.03,642.82,133.93,1.73,91.02
Sugarcane,2021,Rabi,Rajasthan,252245.78,23077966.41,903.31,63.51,3.57,91.49
Soybean,2021,Summer,Rajasthan,325870.32,775571.36,483.44,145.37,1.68,2.38
Soybean,2021,Whole Year,Rajasthan,290045.48,846932.8,698.33,147.34,1.46,2.92
Groundnut,2021,Rabi,Rajasthan,287569.22,1598884.86,2170.04,170.51,2.42,5.56
Groundnut,2021,Whole Year,Rajasthan,423915.15,2407838.05,1510.83,179.89,0.57,5.68
Rapeseed &Mustard,2021,Kharif,Rajasthan,226974.07,785330.28,1391.06,173.31,1.34,3.46
Rapeseed &Mustard,2021,Summer,Rajasthan,420332.73,865885.42,426.15,111.38,0.69,2.06
Gram,2021,Summer,Rajasthan,339559.07,770799.09,1102.42,115.31,1.33,2.27
Gram,2021,Rabi,Rajasthan,355570.37,949372.89,1088.22,229.5,1.63,2.67
Arhar/Tur,2021,Rabi,Rajasthan,299487.86,772678.68,1510.82,227.38,3.81,2.58
Arhar/Tur,2021,Kharif,Rajasthan,127089.07,189362.71,1315.18,61.65,3.09,1.49
Moong(Green Gram),2021,Whole Year,Rajasthan,46521.7,85134.71,1466.21,89.28,4.06,1.83
Moong(Green Gram),2021,Summer,Rajasthan,427073.65,990810.87,2175.45,198.75,0.64,2.32
Potato,2021,Rabi,Rajasthan,442135.78,17044334.32,1662.54,147.99,1.96,38.55
Potato,2021,Kharif,Rajasthan,98361.32,3405268.9,1608.18,72.93,2.31,34.62
Onion,2021,Whole Year,Rajasthan,324626.03,9320013.32,2011.5,153.88,2.65,28.71
Onion,2021,Rabi,Rajasthan,92063.87,2427724.25,1971.03,45.65,1.02,26.37
Tomato,2021,Kharif,Rajasthan,2077.0,90121.03,1942.11,237.57,0.72,43.39
Tomato,2021,Summer,Rajasthan,380958.64,13722130.21,1574.5,123.62,2.09,36.02
Banana,2021,Summer,Rajasthan,395032.68,23603202.63,1422.16,131.63,2.2,59.75
Banana,2021,Whole Year,Rajasthan,65594.14,3637851.0,1186.55,90.56,4.44,55.46
Rice,2021,Rabi,Tamil Nadu,185339.79,1099064.95,978.43,155.91,1.17,5.93
Rice,2021,Kharif,Tamil Nadu,375585.52,1787787.08,886.13,36.61,3.56,4.76
Wheat,2021,Kharif,Tamil Nadu,299025.3,2224748.23,1403.44,115.61,4.19,7.44
Wheat,2021,Rabi,Tamil Nadu,260798.73,1760391.43,1078.23,143.19,0.85,6.75
Maize,2021,Rabi,Tamil Nadu,9162.75,65880.17,1550.73,237.25,3.24,7.19
Maize,2021,Kharif,Tamil Nadu,49577.97,326223.04,2041.89,99.39,3.35,6.58
Cotton(lint),2021,Kharif,Tamil Nadu,305929.7,1489877.64,1918.26,72.3,2.0,4.87
Cotton(lint),2021,Whole Year,Tamil Nadu,282874.38,1038148.97,571.77,143.99,4.0,3.67
Sugarcane,2021,Rabi,Tamil Nadu,322734.51,37930986.96,1571.8,67.24,2.35,117.53
Sugarcane,2021,Whole Year,Tamil Nadu,404497.41,51185102.26,2021.44,84.91,3.3,126.54
Soybean,2021,Kharif,Tamil Nadu,193494.75,630792.89,748.08,199.92,0.47,3.26
Soybean,2021,Whole Year,Tamil Nadu,223408.55,822143.46,1085.92,149.83,3.62,3.68
Groundnut,2021,Whole Year,Tamil Nadu,442721.97,2076366.04,1169.37,235.43,2.93,4.69
Groundnut,2021,Kharif,Tamil Nadu,131104.39,520484.43,1002.6,165.77,0.27,3.97
Rapeseed &Mustard,2021,Kharif,Tamil Nadu,201003.44,689441.8,1496.43,103.24,3.37,3.43
Rapeseed &Mustard,2021,Summer,Tamil Nadu,284695.9,1153018.4,1707.75,203.03,1.76,4.05
Gram,2021,Kharif,Tamil Nadu,364159.57,1227217.75,1844.15,136.5,4.3,3.37
Gram,2021,Summer,Tamil Nadu,232262.55,668916.14,1463.22,76.88,2.49,2.88
Arhar/Tur,2021,Summer,Tamil Nadu,83367.85,171737.77,817.7,104.12,1.36,2.06
Arhar/Tur,2021,Kharif,Tamil Nadu,125739.76,264053.5,963.57,38.37,0.41,2.1
Moong(Green Gram),2021,Summer,Tamil Nadu,8709.27,16373.43,557.53,183.17,1.97,1.88
Moong(Green Gram),2021,Kharif,Tamil Nadu,153495.09,340759.1,2134.65,111.89,2.2,2.22
Potato,2021,Rabi,Tamil Nadu,248323.82,8207102.25,873.67,89.54,0.74,33.05
Potato,2021,Summer,Tamil Nadu,270359.32,8564983.26,948.76,196.37,2.44,31.68
Onion,2021,Kharif,Tamil Nadu,433956.92,14034166.79,1126.14,217.89,2.41,32.34
Onion,2021,Whole Year,Tamil Nadu,446195.97,14340738.48,1552.05,62.75,0.23,32.14
Tomato,2021,Kharif,Tamil Nadu,9347.38,343890.11,1066.17,156.17,2.71,36.79
Tomato,2021,Whole Year,Tamil Nadu,152017.08,7997618.58,2076.82,234.53,1.54,52.61
Banana,2021,Rabi,Tamil Nadu,211528.25,14582757.55,1091.35,202.66,2.19,68.94
Banana,2021,Kharif,Tamil Nadu,252841.84,15774802.4,1124.64,106.94,3.08,62.39
Rice,2021,Summer,Telangana,439651.46,2462048.18,922.23,115.93,0.53,5.6
Rice,2021,Kharif,Telangana,247035.5,1630434.3,1404.02,157.31,2.71,6.6
Wheat,2021,Whole Year,Telangana,24122.05,145214.74,1410.54,83.55,1.23,6.02
Wheat,2021,Rabi,Telangana,148430.52,1096901.54,1547.75,165.0,0.41,7.39
Maize,2021,Kharif,Telangana,428941.41,3298559.44,2197.31,237.29,1.71,7.69
Maize,2021,Whole Year,Telangana,146959.16,793579.46,898.34,151.13,1.79,5.4
Cotton(lint),2021,Whole Year,Telangana,314358.31,1078249.0,701.45,201.65,2.22,3.43
Cotton(lint),2021,Summer,Telangana,66436.29,268402.61,1536.33,83.65,1.86,4.04
Sugarcane,2021,Whole Year,Telangana,366178.08,36072202.66,1570.77,196.21,4.29,98.51
Sugarcane,2021,Kharif,Telangana,350890.48,41689297.93,1920.23,174.11,3.85,118.81
Soybean,2021,Kharif,Telangana,194399.6,676510.61,1642.86,47.72,3.26,3.48
Soybean,2021,Rabi,Telangana,368667.15,1168674.87,1412.92,60.03,3.27,3.17
Groundnut,2021,Rabi,Telangana,275646.25,1143931.94,1326.04,160.03,4.26,4.15
Groundnut,2021,Kharif,Telangana,286450.06,1609849.34,1983.54,149.07,2.36,5.62
Rapeseed &Mustard,2021,Kharif,Telangana,403261.59,1221882.62,1727.21,119.11,2.58,3.03
Rapeseed &Mustard,2021,Rabi,Telangana,285520.02,628144.04,789.76,99.97,1.4,2.2
Gram,2021,Kharif,Telangana,389104.39,1373538.5,2008.81,141.85,1.66,3.53
Gram,2021,Whole Year,Telangana,95341.54,255515.33,930.77,194.94,4.22,2.68
Arhar/Tur,2021,Rabi,Telangana,290458.2,673863.02,815.39,188.72,3.33,2.32
Arhar/Tur,2021,Kharif,Telangana,341351.84,624673.87,744.78,127.18,0.72,1.83
Moong(Green Gram),2021,Summer,Telangana,192970.99,279807.94,593.34,113.66,3.94,1.45
Moong(Green Gram),2021,Whole Year,Telangana,308456.38,419500.68,925.97,45.83,3.34,1.36
Potato,2021,Kharif,Telangana,228596.22,9644474.52,2024.65,109.95,2.43,42.19
Potato,2021,Whole Year,Telangana,430723.18,14989166.66,1193.62,88.74,3.91,34.8
Onion,2021,Rabi,Telangana,57922.02,1390128.48,1069.43,121.62,0.56,24.0
Onion,2021,Summer,Telangana,206428.41,6114409.5,1189.78,139.55,3.84,29.62
Tomato,2021,Whole Year,Telangana,12001.56,449818.47,1318.07,209.78,1.09,37.48
Tomato,2021,Kharif,Telangana,6506.51,251216.35,2017.34,58.36,3.5,38.61
Banana,2021,Summer,Telangana,414109.94,28300273.3,632.42,230.15,4.48,68.34
Banana,2021,Kharif,Telangana,429002.3,26044729.63,922.96,57.09,3.74,60.71
Rice,2021,Kharif,Uttar Pradesh,261587.58,1477969.83,1291.05,37.24,4.11,5.65
Rice,2021,Whole Year,Uttar Pradesh,199409.75,1176517.53,1047.22,86.29,2.67,5.9
Wheat,2021,Kharif,Uttar Pradesh,79593.45,600930.55,1741.92,94.45,1.17,7.55
Wheat,2021,Rabi,Uttar Pradesh,327168.13,1907390.2,820.76,99.41,3.94,5.83
Maize,2021,Summer,Uttar Pradesh,121372.83,741587.99,1825.61,105.27,1.93,6.11
Maize,2021,Kharif,Uttar Pradesh,189466.91,854495.76,430.49,125.74,3.32,4.51
Cotton(lint),2021,Whole Year,Uttar Pradesh,294737.55,860633.65,799.52,47.13,1.72,2.92
Cotton(lint),2021,Rabi,Uttar Pradesh,76083.59,321833.59,1381.18,85.41,4.27,4.23
Sugarcane,2021,Rabi,Uttar Pradesh,241950.55,27783181.66,1211.46,226.5,3.22,114.83
Sugarcane,2021,Kharif,Uttar Pradesh,134874.37,12915569.67,925.8,41.23,0.42,95.76
Soybean,2021,Whole Year,Uttar Pradesh,123045.22,257164.51,588.31,111.2,2.4,2.09
Soybean,2021,Summer,Uttar Pradesh,147646.15,445891.37,1030.89,85.83,2.69,3.02
Groundnut,2021,Whole Year,Uttar Pradesh,283053.42,1525657.93,1941.2,138.16,0.97,5.39
Groundnut,2021,Summer,Uttar Pradesh,9312.49,34735.59,852.6,85.74,0.63,3.73
Rapeseed &Mustard,2021,Kharif,Uttar Pradesh,40950.34,112613.43,1150.7,31.76,0.61,2.75
Rapeseed &Mustard,2021,Summer,Uttar Pradesh,112899.66,427889.71,1706.02,159.27,3.85,3.79
Gram,2021,Kharif,Uttar Pradesh,383766.81,1086060.07,1388.21,116.89,4.28,2.83
Gram,2021,Whole Year,Uttar Pradesh,355131.2,958854.24,1690.29,118.17,4.36,2.7
Arhar/Tur,2021,Whole Year,Uttar Pradesh,411562.78,967172.53,1094.69,191.74,4.45,2.35
Arhar/Tur,2021,Summer,Uttar Pradesh,315091.92,775126.12,749.08,132.53,1.54,2.46
Moong(Green Gram),2021,Summer,Uttar Pradesh,353791.85,937548.4,1665.16,174.39,0.84,2.65
Moong(Green Gram),2021,Whole Year,Uttar Pradesh,102260.61,179978.67,1765.42,55.43,0.84,1.76
Potato,2021,Kharif,Uttar Pradesh,5733.96,234690.98,1140.52,166.2,2.33,40.93
Potato,2021,Whole Year,Uttar Pradesh,357365.68,13401213.0,1334.86,165.69,4.08,37.5
Onion,2021,Whole Year,Uttar Pradesh,274575.72,6123038.56,408.34,125.04,0.94,22.3
Onion,2021,Rabi,Uttar Pradesh,405921.19,12104569.89,514.93,199.93,1.89,29.82
Tomato,2021,Summer,Uttar Pradesh,221049.38,8883974.58,1871.3,92.93,2.84,40.19
Tomato,2021,Whole Year,Uttar Pradesh,11584.0,386094.72,1934.1,40.15,1.16,33.33
Banana,2021,Kharif,Uttar Pradesh,327032.0,20504906.4,1900.21,53.26,3.48,62.7
Banana,2021,Rabi,Uttar Pradesh,119911.99,8493366.25,1944.39,161.75,2.77,70.83
Rice,2021,Whole Year,West Bengal,77866.83,467979.65,1161.08,185.5,2.49,6.01
Rice,2021,Kharif,West Bengal,15037.93,96092.37,452.46,227.98,4.26,6.39
Wheat,2021,Summer,West Bengal,257112.9,1820359.33,924.55,206.2,3.58,7.08
Wheat,2021,Rabi,West Bengal,408041.23,2709393.77,1184.08,224.2,0.29,6.64
Maize,2021,Kharif,West Bengal,39177.48,170422.04,718.87,61.34,4.24,4.35
Maize,2021,Whole Year,West Bengal,370080.77,2464737.93,788.73,225.53,3.2,6.66
Cotton(lint),2021,Whole Year,West Bengal,154986.52,565700.8,1092.09,109.72,1.06,3.65
Cotton(lint),2021,Kharif,West Bengal,20860.24,67378.58,607.9,105.07,4.12,3.23
Sugarcane,2021,Whole Year,West Bengal,3712.59,390415.96,663.35,213.24,2.22,105.16
Sugarcane,2021,Summer,West Bengal,67495.38,7151135.51,1433.62,102.3,1.87,105.95
Soybean,2021,Summer,West Bengal,341569.99,1277471.76,1611.82,141.09,3.6,3.74
Soybean,2021,Rabi,West Bengal,73839.95,200106.26,480.05,78.6,1.66,2.71
Groundnut,2021,Whole Year,West Bengal,38053.69,169338.92,1342.62,56.53,3.39,4.45
Groundnut,2021,Kharif,West Bengal,397192.49,1533163.01,554.83,237.69,2.97,3.86
Rapeseed &Mustard,2021,Kharif,West Bengal,70648.61,209119.89,1015.5,184.6,2.62,2.96
Rapeseed &Mustard,2021,Whole Year,West Bengal,364497.35,965917.98,1373.59,80.14,1.48,2.65
Gram,2021,Kharif,West Bengal,448849.47,1189451.1,734.37,188.54,2.85,2.65
Gram,2021,Summer,West Bengal,145577.72,384325.18,718.56,214.3,0.5,2.64
Arhar/Tur,2021,Whole Year,West Bengal,113138.34,277188.93,1715.14,97.06,1.4,2.45
Arhar/Tur,2021,Summer,West Bengal,424345.65,1107542.15,928.36,171.69,1.51,2.61
Moong(Green Gram),2021,Rabi,West Bengal,80194.89,136331.31,1262.13,57.46,3.97,1.7
Moong(Green Gram),2021,Kharif,West Bengal,324797.61,477452.49,489.98,72.74,2.87,1.47
Potato,2021,Whole Year,West Bengal,40491.58,1470249.27,1574.36,198.76,2.55,36.31
Potato,2021,Summer,West Bengal,119777.09,3914315.3,1340.56,83.66,3.55,32.68
Onion,2021,Whole Year,West Bengal,306026.19,5811437.35,434.47,34.45,2.26,18.99
Onion,2021,Rabi,West Bengal,248478.15,7148716.38,1329.0,103.34,3.0,28.77
Tomato,2021,Rabi,West Bengal,244137.97,7817297.8,404.61,76.91,2.39,32.02
Tomato,2021,Whole Year,West Bengal,188329.1,7090590.62,486.24,155.43,1.71,37.65
Banana,2021,Whole Year,West Bengal,361781.29,28956974.45,1955.7,163.57,4.09,80.04
Banana,2021,Kharif,West Bengal,308624.26,22433897.46,1969.35,76.81,3.47,72.69
Rice,2022,Rabi,Andhra Pradesh,281306.71,2118239.53,2063.97,165.52,2.89,7.53
Rice,2022,Whole Year,Andhra Pradesh,268281.65,1886020.0,1334.96,122.08,0.54,7.03
Wheat,2022,Rabi,Andhra Pradesh,326050.81,2451902.09,2057.18,78.47,0.52,7.52
Wheat,2022,Summer,Andhra Pradesh,68594.27,406764.02,690.53,92.04,1.13,5.93
Maize,2022,Rabi,Andhra Pradesh,334160.35,2402612.92,2018.61,191.28,0.27,7.19
Maize,2022,Kharif,Andhra Pradesh,210253.87,1721979.2,2165.5,238.5,2.06,8.19
Cotton(lint),2022,Kharif,Andhra Pradesh,13577.68,58248.25,1788.1,215.34,0.27,4.29
Cotton(lint),2022,Whole Year,Andhra Pradesh,23317.84,103531.21,1151.95,165.25,4.15,4.44
Sugarcane,2022,Rabi,Andhra Pradesh,398830.4,40253952.27,1147.71,198.18,3.34,100.93
Sugarcane,2022,Kharif,Andhra Pradesh,253214.15,29509577.04,2106.53,69.01,1.3,116.54
Soybean,2022,Kharif,Andhra Pradesh,142538.89,523117.73,921.48,193.94,2.31,3.67
Soybean,2022,Rabi,Andhra Pradesh,227982.67,647470.78,856.68,106.3,4.38,2.84
Groundnut,2022,Kharif,Andhra Pradesh,86018.67,332032.07,1082.12,54.67,1.85,3.86
Groundnut,2022,Whole Year,Andhra Pradesh,79688.3,291659.18,633.99,151.61,2.89,3.66
Rapeseed &Mustard,2022,Rabi,Andhra Pradesh,278239.94,837502.22,920.86,102.34,0.99,3.01
Rapeseed &Mustard,2022,Whole Year,Andhra Pradesh,169459.92,557523.14,1637.47,137.96,0.82,3.29
Gram,2022,Rabi,Andhra Pradesh,4774.04,16852.36,2065.63,154.47,3.17,3.53
Gram,2022,Whole Year,Andhra Pradesh,34574.29,109254.76,1433.19,176.21,0.57,3.16
Arhar/Tur,2022,Rabi,Andhra Pradesh,149573.62,357480.95,1843.99,62.42,4.13,2.39
Arhar/Tur,2022,Summer,Andhra Pradesh,418190.23,832198.56,1770.23,45.6,2.69,1.99
Moong(Green Gram),2022,Rabi,Andhra Pradesh,273938.86,605404.88,1736.45,72.27,4.34,2.21
Moong(Green Gram),2022,Kharif,Andhra Pradesh,440144.7,999128.47,2078.97,174.58,2.08,2.27
Potato,2022,Summer,Andhra Pradesh,434689.89,14583845.81,1988.64,60.13,3.02,33.55
Potato,2022,Whole Year,Andhra Pradesh,105447.08,3900487.49,1414.79,97.47,3.79,36.99
Onion,2022,Rabi,Andhra Pradesh,315721.24,9626340.61,1121.0,187.7,3.93,30.49
Onion,2022,Whole Year,Andhra Pradesh,419713.1,12813840.94,1825.72,195.01,3.48,30.53
Tomato,2022,Whole Year,Andhra Pradesh,18784.81,840620.25,1781.98,47.58,4.19,44.75
Tomato,2022,Kharif,Andhra Pradesh,56914.32,2266897.37,2067.71,37.1,0.38,39.83
Banana,2022,Kharif,Andhra Pradesh,189819.03,9390347.41,689.57,50.28,2.51,49.47
Banana,2022,Rabi,Andhra Pradesh,273170.93,21367430.14,1110.41,212.32,4.3,78.22
Rice,2022,Rabi,Assam,207993.41,1069086.13,862.69,160.62,1.65,5.14
Rice,2022,Whole Year,Assam,266707.99,1776275.21,1579.5,189.17,4.09,6.66
Wheat,2022,Summer,Assam,106426.99,737539.04,2047.16,195.93,3.56,6.93
Wheat,2022,Rabi,Assam,381410.95,2048176.8,657.19,103.5,1.69,5.37
Maize,2022,Kharif,Assam,64314.26,406466.12,2093.06,32.05,1.01,6.32
Maize,2022,Whole Year,Assam,354999.82,2058998.96,1443.79,175.95,1.67,5.8
Cotton(lint),2022,Kharif,Assam,4928.7,21489.13,1591.38,136.71,0.75,4.36
Cotton(lint),2022,Whole Year,Assam,153550.6,807676.16,2168.26,231.47,3.58,5.26
Sugarcane,2022,Whole Year,Assam,219390.53,19260294.63,827.33,37.52,2.85,87.79
Sugarcane,2022,Kharif,Assam,273887.48,30179661.42,2157.7,100.92,2.23,110.19
Soybean,2022,Whole Year,Assam,117923.25,383250.56,1932.79,52.19,0.69,3.25
Soybean,2022,Summer,Assam,318798.07,669475.95,416.34,49.66,2.82,2.1
Groundnut,2022,Rabi,Assam,393993.94,1761152.91,1802.21,128.82,0.89,4.47
Groundnut,2022,Whole Year,Assam,298046.15,1207086.91,970.05,120.78,2.5,4.05
Rapeseed &Mustard,2022,Whole Year,Assam,183009.83,558179.98,1524.4,50.23,3.54,3.05
Rapeseed &Mustard,2022,Kharif,Assam,381024.47,689654.29,418.43,85.8,4.11,1.81
Gram,2022,Rabi,Assam,393566.97,550993.76,525.16,47.04,2.77,1.4
Gram,2022,Whole Year,Assam,439289.8,1317869.4,1743.28,174.34,0.98,3.0
Arhar/Tur,2022,Rabi,Assam,80898.32,235414.11,1933.62,185.25,2.68,2.91
Arhar/Tur,2022,Kharif,Assam,8635.67,19430.26,1847.91,93.8,0.7,2.25
Moong(Green Gram),2022,Whole Year,Assam,348336.77,686223.44,828.17,232.33,0.8,1.97
Moong(Green Gram),2022,Summer,Assam,369753.81,658161.78,1087.06,114.39,2.89,1.78
Potato,2022,Whole Year,Assam,60339.03,1492787.6,1036.85,41.05,2.92,24.74
Potato,2022,Summer,Assam,235641.18,7542874.17,1831.99,114.82,3.46,32.01
Onion,2022,Summer,Assam,342907.64,7681131.14,577.51,236.24,3.96,22.4
Onion,2022,Kharif,Assam,237315.94,7366286.78,1721.74,188.83,0.52,31.04
Tomato,2022,Kharif,Assam,371380.81,14190460.75,1446.65,143.83,1.61,38.21
Tomato,2022,Rabi,Assam,111471.62,4017437.18,1139.71,164.7,1.71,36.04
Banana,2022,Rabi,Assam,277755.33,17084730.35,1464.98,115.49,2.94,61.51
Banana,2022,Kharif,Assam,47202.04,2934550.83,1951.13,136.19,2.48,62.17
Rice,2022,Whole Year,Bihar,215572.54,1202894.77,1169.66,90.55,0.75,5.58
Rice,2022,Rabi,Bihar,98797.75,475217.18,404.3,133.34,1.97,4.81
Wheat,2022,Rabi,Bihar,238892.16,1318684.72,1770.77,105.74,0.66,5.52
Wheat,2022,Kharif,Bihar,277678.82,1857671.31,1336.58,193.54,2.67,6.69
Maize,2022,Summer,Bihar,382185.87,2159350.17,1117.42,237.89,3.36,5.65
Maize,2022,Rabi,Bihar,300337.36,1633835.24,1711.42,55.72,2.56,5.44
Cotton(lint),2022,Summer,Bihar,136201.81,527101.0,2025.94,54.66,4.21,3.87
Cotton(lint),2022,Kharif,Bihar,38054.66,116447.26,434.51,108.92,3.23,3.06
Sugarcane,2022,Kharif,Bihar,301921.6,31713844.86,1431.23,233.17,3.33,105.04
Sugarcane,2022,Whole Year,Bihar,321281.01,34887904.88,1476.05,224.1,2.39,108.59
Soybean,2022,Whole Year,Bihar,408596.51,1021491.28,945.39,71.84,2.26,2.5
Soybean,2022,Kharif,Bihar,443990.75,1514008.46,1404.49,194.62,1.11,3.41
Groundnut,2022,Rabi,Bihar,43476.67,243469.35,2185.92,216.93,3.72,5.6
Groundnut,2022,Summer,Bihar,306895.84,1638823.79,2186.43,116.05,0.69,5.34
Rapeseed &Mustard,2022,Whole Year,Bihar,444142.77,1043735.51,1391.61,36.19,2.31,2.35
Rapeseed &Mustard,2022,Kharif,Bihar,289572.02,1077207.91,2123.22,161.16,3.19,3.72
Gram,2022,Whole Year,Bihar,438615.05,938636.21,668.78,205.61,1.75,2.14
Gram,2022,Summer,Bihar,78448.03,212594.16,1195.99,237.33,1.62,2.71
Arhar/Tur,2022,Whole Year,Bihar,326703.98,601135.32,1138.98,55.97,4.0,1.84
Arhar/Tur,2022,Rabi,Bihar,8729.19,23743.4,1868.87,130.16,0.52,2.72
Moong(Green Gram),2022,Whole Year,Bihar,104148.9,186426.53,781.33,213.6,0.72,1.79
Moong(Green Gram),2022,Kharif,Bihar,359380.84,704386.45,643.71,174.33,2.81,1.96
Potato,2022,Summer,Bihar,427152.06,16616215.13,2132.4,206.78,3.19,38.9
Potato,2022,Kharif,Bihar,238804.51,9757552.28,1542.01,183.57,0.62,40.86
Onion,2022,Kharif,Bihar,148706.86,3827714.58,1168.41,156.27,3.34,25.74
Onion,2022,Summer,Bihar,286602.47,7784123.09,1459.19,184.74,2.95,27.16
Tomato,2022,Whole Year,Bihar,387774.67,16515323.2,1768.05,169.87,0.33,42.59
Tomato,2022,Kharif,Bihar,65528.12,2511037.56,1863.14,152.69,3.38,38.32
Banana,2022,Summer,Bihar,17812.76,1108488.05,1113.54,221.05,3.17,62.23
Banana,2022,Whole Year,Bihar,104173.75,5643092.04,1299.99,32.91,2.89,54.17
Rice,2022,Kharif,Gujarat,59986.39,449897.92,1950.25,142.58,0.28,7.5
Rice,2022,Rabi,Gujarat,135770.87,1018281.52,1329.88,202.81,0.67,7.5
Wheat,2022,Whole Year,Gujarat,188362.79,1254496.18,2010.04,51.84,2.28,6.66
Wheat,2022,Summer,Gujarat,159517.03,947531.16,1846.18,65.11,2.77,5.94
Maize,2022,Whole Year,Gujarat,358286.79,1838011.23,690.31,141.79,2.84,5.13
Maize,2022,Summer,Gujarat,394235.96,2617726.77,2082.09,48.79,4.01,6.64
Cotton(lint),2022,Summer,Gujarat,176665.13,720793.73,706.76,234.19,2.96,4.08
Cotton(lint),2022,Rabi,Gujarat,351671.47,1160515.85,492.34,151.36,1.81,3.3
Sugarcane,2022,Whole Year,Gujarat,299874.44,31558786.07,1608.4,143.3,4.17,105.24
Sugarcane,2022,Kharif,Gujarat,25343.18,2268214.61,1342.55,35.16,3.12,89.5
Soybean,2022,Kharif,Gujarat,375272.05,1223386.88,854.7,47.06,1.92,3.26
Soybean,2022,Rabi,Gujarat,338978.98,1169477.48,1812.03,58.61,1.41,3.45
Groundnut,2022,Whole Year,Gujarat,309896.62,1069143.34,570.71,78.2,2.98,3.45
Groundnut,2022,Rabi,Gujarat,56465.17,203839.26,764.32,184.09,0.35,3.61
Rapeseed &Mustard,2022,Kharif,Gujarat,9575.66,23556.12,571.68,89.09,0.6,2.46
Rapeseed &Mustard,2022,Rabi,Gujarat,45792.34,97079.76,445.34,40.5,2.74,2.12
Gram,2022,Whole Year,Gujarat,22329.63,80833.26,1910.1,190.03,0.59,3.62
Gram,2022,Kharif,Gujarat,106780.43,300053.01,1500.22,132.47,3.72,2.81
Arhar/Tur,2022,Summer,Gujarat,399168.52,1153597.02,2051.91,121.72,1.24,2.89
Arhar/Tur,2022,Whole Year,Gujarat,280289.68,784811.1,2117.6,102.2,4.13,2.8
Moong(Green Gram),2022,Summer,Gujarat,197388.14,434253.91,1578.42,184.04,0.94,2.2
Moong(Green Gram),2022,Kharif,Gujarat,45204.18,76847.11,890.92,152.8,0.85,1.7
Potato,2022,Rabi,Gujarat,288826.14,10322646.24,1350.14,182.46,2.07,35.74
Potato,2022,Summer,Gujarat,96960.13,3875496.4,2026.0,99.17,4.44,39.97
Onion,2022,Whole Year,Gujarat,114280.86,3484423.42,1914.07,122.49,2.95,30.49
Onion,2022,Rabi,Gujarat,423444.04,13931308.92,1914.58,195.97,1.62,32.9
Tomato,2022,Whole Year,Gujarat,315226.81,12088948.16,742.57,193.37,4.26,38.35
Tomato,2022,Rabi,Gujarat,146134.69,5525352.63,1299.3,63.26,4.3,37.81
Banana,2022,Kharif,Gujarat,211091.8,15074065.44,1705.72,234.37,2.48,71.41
Banana,2022,Rabi,Gujarat,270008.85,18935720.65,607.59,201.14,1.68,70.13
Rice,2022,Kharif,Haryana,405853.81,2098264.2,755.38,106.27,4.23,5.17
Rice,2022,Whole Year,Haryana,102560.56,816382.06,1346.21,224.04,2.92,7.96
Wheat,2022,Whole Year,Haryana,365195.59,2227693.1,1031.57,73.89,4.12,6.1
Wheat,2022,Kharif,Haryana,390175.83,2575160.48,1028.03,92.64,2.88,6.6
Maize,2022,Summer,Haryana,88404.83,574631.4,1255.47,90.41,3.3,6.5
Maize,2022,Rabi,Haryana,92127.51,688192.5,1568.05,192.69,0.47,7.47
Cotton(lint),2022,Kharif,Haryana,225058.49,765198.87,1054.86,85.91,1.32,3.4
Cotton(lint),2022,Rabi,Haryana,79068.95,289392.36,418.71,158.8,4.48,3.66
Sugarcane,2022,Summer,Haryana,100724.96,13909109.73,1754.96,132.39,2.88,138.09
Sugarcane,2022,Rabi,Haryana,223832.88,28153699.65,2178.5,80.95,0.8,125.78
Soybean,2022,Rabi,Haryana,47875.46,170915.39,1297.92,43.16,0.59,3.57
Soybean,2022,Kharif,Haryana,87307.57,437410.93,1970.48,177.46,1.49,5.01
Groundnut,2022,Rabi,Haryana,422636.56,1720130.8,946.34,34.13,3.18,4.07
Groundnut,2022,Whole Year,Haryana,315482.17,1422824.59,1269.81,33.92,3.34,4.51
Rapeseed &Mustard,2022,Rabi,Haryana,31027.46,104562.54,877.37,208.46,0.66,3.37
Rapeseed &Mustard,2022,Summer,Haryana,15238.66,65983.4,2004.34,191.82,2.77,4.33
Gram,2022,Kharif,Haryana,366384.85,978247.55,993.22,207.96,0.39,2.67
Gram,2022,Whole Year,Haryana,302584.14,1049966.97,2194.98,116.63,0.63,3.47
Arhar/Tur,2022,Whole Year,Haryana,391051.82,1282649.97,1923.13,171.6,2.51,3.28
Arhar/Tur,2022,Rabi,Haryana,249968.31,504935.99,837.26,58.93,2.23,2.02
Moong(Green Gram),2022,Kharif,Haryana,436663.14,947559.01,1387.6,220.58,1.13,2.17
Moong(Green Gram),2022,Rabi,Haryana,62067.84,130342.46,911.13,229.84,3.07,2.1
Potato,2022,Rabi,Haryana,29201.75,1218881.05,1707.5,135.28,1.5,41.74
Potato,2022,Summer,Haryana,138030.22,5686845.06,2104.03,154.22,1.43,41.2
Onion,2022,Summer,Haryana,169140.16,5075896.2,839.72,32.47,3.95,30.01
Onion,2022,Rabi,Haryana,372978.98,12796908.8,1316.99,105.03,0.8,34.31
Tomato,2022,Summer,Haryana,102101.64,4140221.5,1432.21,78.69,1.03,40.55
Tomato,2022,Kharif,Haryana,244004.57,8447438.21,686.79,72.09,1.88,34.62
Banana,2022,Kharif,Haryana,180376.02,14141479.97,2079.58,76.89,0.72,78.4
Banana,2022,Summer,Haryana,128448.97,10075537.21,1178.32,140.23,2.75,78.44
Rice,2022,Summer,Karnataka,190484.96,1375301.41,1915.92,161.89,1.08,7.22
Rice,2022,Kharif,Karnataka,131827.97,1173268.93,1980.93,211.08,3.92,8.9
Wheat,2022,Kharif,Karnataka,277805.69,1952974.0,2107.96,57.16,3.67,7.03
Wheat,2022,Whole Year,Karnataka,287831.07,1844997.16,692.58,201.25,3.09,6.41
Maize,2022,Rabi,Karnataka,213608.37,1059497.52,554.38,196.93,1.42,4.96
Maize,2022,Kharif,Karnataka,387386.08,2506387.94,1730.69,111.57,2.91,6.47
Cotton(lint),2022,Whole Year,Karnataka,385546.26,1719536.32,1574.23,185.45,1.59,4.46
Cotton(lint),2022,Kharif,Karnataka,36059.65,123324.0,1093.22,74.04,3.7,3.42
Sugarcane,2022,Rabi,Karnataka,430226.85,40953293.85,636.87,99.89,1.88,95.19
Sugarcane,2022,Kharif,Karnataka,324743.15,39664128.34,2120.65,213.65,3.44,122.14
Soybean,2022,Whole Year,Karnataka,278329.87,1104969.58,1765.81,166.05,2.31,3.97
Soybean,2022,Rabi,Karnataka,403430.1,1226427.5,1474.38,71.78,3.67,3.04
Groundnut,2022,Summer,Karnataka,216077.95,1374255.76,2199.41,212.55,4.21,6.36
Groundnut,2022,Kharif,Karnataka,144204.42,595564.25,449.26,222.83,1.14,4.13
Rapeseed &Mustard,2022,Kharif,Karnataka,373167.94,679165.65,618.35,51.95,3.66,1.82
Rapeseed &Mustard,2022,Whole Year,Karnataka,207878.46,688077.7,1139.52,194.2,0.24,3.31
Gram,2022,Rabi,Karnataka,2508.79,8053.22,2024.28,120.98,3.06,3.21
Gram,2022,Kharif,Karnataka,44241.67,120337.34,653.07,195.75,1.19,2.72
Arhar/Tur,2022,Summer,Karnataka,353796.86,650986.22,1128.77,127.9,3.37,1.84
Arhar/Tur,2022,Whole Year,Karnataka,157627.52,381458.6,777.35,215.98,1.98,2.42
Moong(Green Gram),2022,Whole Year,Karnataka,449256.88,1136619.91,1644.54,204.86,1.64,2.53
Moong(Green Gram),2022,Kharif,Karnataka,342411.94,561555.58,1001.26,98.13,3.05,1.64
Potato,2022,Kharif,Karnataka,159147.34,6478888.21,2010.44,173.44,1.87,40.71
Potato,2022,Summer,Karnataka,159122.48,5082372.01,527.02,158.58,1.59,31.94
Onion,2022,Whole Year,Karnataka,123863.08,3609370.15,702.68,215.95,4.1,29.14
Onion,2022,Rabi,Karnataka,92053.63,2729390.13,1954.14,127.13,2.26,29.65
Tomato,2022,Kharif,Karnataka,57720.48,2665531.77,1297.09,233.01,3.83,46.18
Tomato,2022,Summer,Karnataka,336415.78,14223659.18,1725.72,184.27,3.64,42.28
Banana,2022,Whole Year,Karnataka,449785.33,35627495.99,1970.21,122.74,0.88,79.21
Banana,2022,Rabi,Karnataka,271302.83,15884780.7,903.19,115.43,4.3,58.55
Rice,2022,Whole Year,Madhya Pradesh,327342.62,2867521.35,2155.62,224.75,2.83,8.76
Rice,2022,Summer,Madhya Pradesh,314304.6,1983262.03,1460.0,176.54,2.84,6.31
Wheat,2022,Kharif,Madhya Pradesh,315457.43,2261829.77,1225.04,168.41,2.3,7.17
Wheat,2022,Whole Year,Madhya Pradesh,367817.06,2475408.81,1928.29,72.62,0.46,6.73
Maize,2022,Kharif,Madhya Pradesh,314997.34,1808084.73,2126.47,73.42,2.2,5.74
Maize,2022,Rabi,Madhya Pradesh,109355.7,476790.85,679.73,126.61,1.67,4.36
Cotton(lint),2022,Whole Year,Madhya Pradesh,442553.81,1248001.74,713.96,51.31,3.62,2.82
Cotton(lint),2022,Rabi,Madhya Pradesh,151417.37,569329.31,1702.86,55.25,1.62,3.76
Sugarcane,2022,Summer,Madhya Pradesh,39816.44,4214968.34,1006.7,174.21,1.97,105.86
Sugarcane,2022,Kharif,Madhya Pradesh,333250.97,26713397.76,858.25,92.87,2.95,80.16
Soybean,2022,Kharif,Madhya Pradesh,331190.85,963765.37,786.15,176.18,2.85,2.91
Soybean,2022,Rabi,Madhya Pradesh,293927.67,1131621.53,1854.07,190.1,2.81,3.85
Groundnut,2022,Rabi,Madhya Pradesh,429817.36,1719269.44,1092.59,40.31,3.29,4.0
Groundnut,2022,Summer,Madhya Pradesh,291732.92,1388648.7,2029.78,59.49,0.93,4.76
Rapeseed &Mustard,2022,Summer,Madhya Pradesh,416608.34,1595609.94,2032.54,213.09,1.16,3.83
Rapeseed &Mustard,2022,Kharif,Madhya Pradesh,419066.73,1081192.16,786.16,59.66,3.82,2.58
Gram,2022,Whole Year,Madhya Pradesh,71495.55,260958.76,1992.63,172.3,3.0,3.65
Gram,2022,Summer,Madhya Pradesh,187315.94,427080.34,639.08,143.25,3.42,2.28
Arhar/Tur,2022,Kharif,Madhya Pradesh,14802.52,39670.75,1915.72,182.8,1.07,2.68
Arhar/Tur,2022,Rabi,Madhya Pradesh,34615.14,51922.71,1025.45,51.39,3.6,1.5
Moong(Green Gram),2022,Summer,Madhya Pradesh,15631.61,33607.96,2067.96,76.89,3.2,2.15
Moong(Green Gram),2022,Whole Year,Madhya Pradesh,74956.22,125926.45,1366.05,47.57,3.66,1.68
Potato,2022,Summer,Madhya Pradesh,181004.51,6163203.57,833.71,173.13,1.05,34.05
Potato,2022,Kharif,Madhya Pradesh,142435.36,4674728.52,1366.09,56.59,1.64,32.82
Onion,2022,Rabi,Madhya Pradesh,360434.78,10445399.92,797.82,99.86,4.13,28.98
Onion,2022,Whole Year,Madhya Pradesh,291840.94,10742665.0,1771.89,227.25,3.65,36.81
Tomato,2022,Rabi,Madhya Pradesh,21372.11,817696.93,611.56,215.83,0.32,38.26
Tomato,2022,Whole Year,Madhya Pradesh,187251.32,6359054.83,1038.74,70.82,0.41,33.96
Banana,2022,Whole Year,Madhya Pradesh,345083.28,19659394.46,727.53,108.23,3.57,56.97
Banana,2022,Summer,Madhya Pradesh,321508.28,19213334.81,714.1,108.26,2.5,59.76
Rice,2022,Whole Year,Maharashtra,316770.78,2112861.1,1968.26,70.06,0.5,6.67
Rice,2022,Summer,Maharashtra,198336.54,1065067.22,1263.86,59.89,2.2,5.37
Wheat,2022,Summer,Maharashtra,217621.43,1817138.94,2154.63,161.96,2.92,8.35
Wheat,2022,Kharif,Maharashtra,448480.7,4081174.37,2153.2,200.48,0.57,9.1
Maize,2022,Rabi,Maharashtra,112259.94,669069.24,2030.13,31.15,4.46,5.96
Maize,2022,Summer,Maharashtra,233543.96,859441.77,588.49,45.47,0.34,3.68
Cotton(lint),2022,Summer,Maharashtra,446870.33,1474672.09,693.28,101.85,1.76,3.3
Cotton(lint),2022,Kharif,Maharashtra,83115.91,413917.23,1684.57,221.02,0.72,4.98
Sugarcane,2022,Whole Year,Maharashtra,126556.35,16258694.28,1919.13,157.08,3.89,128.47
Sugarcane,2022,Summer,Maharashtra,132790.17,13091782.86,1305.51,34.08,2.81,98.59
Soybean,2022,Summer,Maharashtra,328165.71,1138735.01,1529.71,41.9,4.08,3.47
Soybean,2022,Rabi,Maharashtra,209548.91,725039.23,1564.49,106.29,3.4,3.46
Groundnut,2022,Rabi,Maharashtra,52305.4,220728.79,511.96,184.89,1.78,4.22
Groundnut,2022,Kharif,Maharashtra,444098.14,1314530.49,708.72,92.97,2.99,2.96
Rapeseed &Mustard,2022,Kharif,Maharashtra,268134.67,780271.89,1458.91,61.1,3.79,2.91
Rapeseed &Mustard,2022,Summer,Maharashtra,97326.46,230663.71,587.81,97.09,3.03,2.37
Gram,2022,Whole Year,Maharashtra,103081.36,251518.52,748.17,175.94,4.35,2.44
Gram,2022,Kharif,Maharashtra,174501.16,486858.24,1108.86,199.31,2.22,2.79
Arhar/Tur,2022,Summer,Maharashtra,370893.35,849345.77,741.04,232.2,1.38,2.29
Arhar/Tur,2022,Rabi,Maharashtra,415940.06,1044009.55,1170.12,170.42,3.86,2.51
Moong(Green Gram),2022,Kharif,Maharashtra,193364.39,351923.19,1681.2,69.23,3.86,1.82
Moong(Green Gram),2022,Summer,Maharashtra,314543.29,666831.77,1817.38,89.07,1.73,2.12
Potato,2022,Whole Year,Maharashtra,235478.39,7963879.15,606.04,173.67,3.49,33.82
Potato,2022,Rabi,Maharashtra,204569.75,6241423.07,680.69,56.27,2.29,30.51
Onion,2022,Rabi,Maharashtra,161970.14,4447700.04,796.93,133.27,1.45,27.46
Onion,2022,Kharif,Maharashtra,34144.36,839268.37,1316.19,111.36,2.49,24.58
Tomato,2022,Whole Year,Maharashtra,37277.44,1460157.32,1077.09,79.87,2.08,39.17
Tomato,2022,Rabi,Maharashtra,283126.6,8751443.21,1144.06,68.14,2.7,30.91
Banana,2022,Rabi,Maharashtra,44630.13,2480096.32,820.71,66.34,1.56,55.57
Banana,2022,Kharif,Maharashtra,234356.76,14028595.65,1253.34,138.34,3.39,59.86
Rice,2022,Kharif,Odisha,328562.18,2211223.47,1772.93,79.88,2.43,6.73
Rice,2022,Summer,Odisha,12021.07,73208.32,970.24,215.32,1.22,6.09
Wheat,2022,Kharif,Odisha,137991.6,775512.79,1241.13,202.2,2.44,5.62
Wheat,2022,Summer,Odisha,356893.07,2177047.73,1731.67,79.17,1.58,6.1
Maize,2022,Kharif,Odisha,281939.97,1440713.25,1763.9,51.68,2.26,5.11
Maize,2022,Whole Year,Odisha,153908.86,875741.41,1363.32,166.47,1.44,5.69
Cotton(lint),2022,Whole Year,Odisha,219862.31,804696.05,1136.62,87.83,4.46,3.66
Cotton(lint),2022,Rabi,Odisha,95140.24,308254.38,844.67,149.36,0.22,3.24
Sugarcane,2022,Rabi,Odisha,284473.97,27488719.72,753.11,184.67,0.59,96.63
Sugarcane,2022,Kharif,Odisha,427694.02,33509826.47,498.16,43.01,4.2,78.35
Soybean,2022,Kharif,Odisha,440901.62,1137526.18,887.39,87.89,2.28,2.58
Soybean,2022,Rabi,Odisha,246981.86,748355.04,1240.51,139.31,4.45,3.03
Groundnut,2022,Whole Year,Odisha,383062.59,1551403.49,1455.75,112.95,3.74,4.05
Groundnut,2022,Rabi,Odisha,357611.1,1180116.63,489.39,117.71,0.5,3.3
Rapeseed &Mustard,2022,Whole Year,Odisha,282860.62,1114470.84,2159.32,185.97,3.33,3.94
Rapeseed &Mustard,2022,Summer,Odisha,130906.1,282757.18,434.73,179.22,1.21,2.16
Gram,2022,Whole Year,Odisha,142160.77,250202.96,547.39,76.97,3.94,1.76
Gram,2022,Summer,Odisha,279594.97,707375.27,1336.9,88.74,1.68,2.53
Arhar/Tur,2022,Summer,Odisha,157760.35,427530.55,1658.05,231.81,0.31,2.71
Arhar/Tur,2022,Whole Year,Odisha,827.0,1596.11,1303.6,54.64,3.95,1.93
Moong(Green Gram),2022,Whole Year,Odisha,372037.69,643625.2,666.51,220.59,1.5,1.73
Moong(Green Gram),2022,Kharif,Odisha,108138.73,210870.52,1918.11,92.22,4.22,1.95
Potato,2022,Rabi,Odisha,250828.49,10088321.87,2101.02,202.67,3.13,40.22
Potato,2022,Kharif,Odisha,25199.49,814699.51,1031.57,119.7,2.55,32.33
Onion,2022,Summer,Odisha,76808.67,1848016.6,992.47,153.29,0.94,24.06
Onion,2022,Rabi,Odisha,427332.75,12572129.51,1533.77,106.25,3.29,29.42
Tomato,2022,Kharif,Odisha,107488.13,4450008.58,2162.65,59.24,1.56,41.4
Tomato,2022,Summer,Odisha,169755.87,5367680.61,723.81,127.64,2.25,31.62
Banana,2022,Kharif,Odisha,125298.64,7507894.51,1734.2,106.86,1.11,59.92
Banana,2022,Whole Year,Odisha,216906.93,9396408.21,568.08,33.14,0.75,43.32
Rice,2022,Kharif,Punjab,223292.28,1257135.54,783.42,124.75,4.17,5.63
Rice,2022,Summer,Punjab,152114.12,1073925.69,1326.27,155.7,2.06,7.06
Wheat,2022,Whole Year,Punjab,31190.98,220520.23,1403.84,137.0,0.45,7.07
Wheat,2022,Rabi,Punjab,72858.41,430593.2,415.77,188.97,3.86,5.91
Maize,2022,Rabi,Punjab,333929.45,1819915.5,666.67,109.55,0.82,5.45
Maize,2022,Kharif,Punjab,304775.24,1417204.87,570.28,52.9,0.82,4.65
Cotton(lint),2022,Whole Year,Punjab,53402.31,308665.35,1954.54,182.26,1.67,5.78
Cotton(lint),2022,Kharif,Punjab,417447.99,1807549.8,1484.37,115.44,0.43,4.33
Sugarcane,2022,Summer,Punjab,183475.62,19510797.43,411.25,90.89,1.69,106.34
Sugarcane,2022,Kharif,Punjab,244835.43,27595401.32,628.69,112.13,0.35,112.71
Soybean,2022,Rabi,Punjab,63329.97,170357.62,801.6,81.91,1.97,2.69
Soybean,2022,Kharif,Punjab,202713.54,622330.57,727.42,41.84,1.7,3.07
Groundnut,2022,Whole Year,Punjab,419917.06,1713261.6,1043.41,52.62,0.56,4.08
Groundnut,2022,Kharif,Punjab,223022.13,1115110.65,1025.59,206.7,3.99,5.0
Rapeseed &Mustard,2022,Rabi,Punjab,108864.7,416951.8,1662.94,184.98,4.32,3.83
Rapeseed &Mustard,2022,Summer,Punjab,197950.84,522590.22,1097.28,101.03,0.92,2.64
Gram,2022,Whole Year,Punjab,397029.28,1187117.55,1511.19,70.49,3.98,2.99
Gram,2022,Kharif,Punjab,410351.76,1087432.16,1002.44,221.8,1.21,2.65
Arhar/Tur,2022,Whole Year,Punjab,168883.24,292168.01,1395.41,102.88,2.13,1.73
Arhar/Tur,2022,Summer,Punjab,432518.7,994793.01,907.22,89.76,3.8,2.3
Moong(Green Gram),2022,Summer,Punjab,158615.03,387020.67,1597.43,193.15,2.12,2.44
Moong(Green Gram),2022,Kharif,Punjab,414753.08,933194.43,1293.54,224.97,1.72,2.25
Potato,2022,Rabi,Punjab,15951.0,669144.45,1761.06,237.84,2.75,41.95
Potato,2022,Whole Year,Punjab,305926.61,10991943.1,1425.92,195.39,2.01,35.93
Onion,2022,Kharif,Punjab,290660.64,11245660.16,1800.58,216.3,1.33,38.69
Onion,2022,Summer,Punjab,418738.53,12415597.41,1902.44,128.37,2.66,29.65
Tomato,2022,Whole Year,Punjab,227793.74,9503554.83,1565.68,70.22,1.16,41.72
Tomato,2022,Rabi,Punjab,90254.79,4180601.87,2067.51,180.01,4.06,46.32
Banana,2022,Rabi,Punjab,170235.62,16186002.75,2160.99,231.61,3.65,95.08
Banana,2022,Kharif,Punjab,7405.87,494415.88,501.43,205.5,2.63,66.76
Rice,2022,Kharif,Rajasthan,333087.82,2075137.12,1919.47,130.03,0.61,6.23
Rice,2022,Summer,Rajasthan,175038.13,1326789.03,1665.58,220.0,2.29,7.58
Wheat,2022,Kharif,Rajasthan,156388.83,819477.47,488.17,131.48,1.68,5.24
Wheat,2022,Whole Year,Rajasthan,316889.52,1635149.92,1223.12,71.02,4.38,5.16
Maize,2022,Summer,Rajasthan,364410.75,2361381.66,1892.18,64.31,2.58,6.48
Maize,2022,Rabi,Rajasthan,291606.71,1355971.2,903.3,223.04,4.22,4.65
Cotton(lint),2022,Summer,Rajasthan,125204.7,537128.16,1871.41,64.06,1.69,4.29
Cotton(lint),2022,Kharif,Rajasthan,410096.44,1107260.39,615.43,59.52,4.24,2.7
Sugarcane,2022,Rabi,Rajasthan,50394.01,4355050.34,831.3,133.0,3.92,86.42
Sugarcane,2022,Summer,Rajasthan,353639.35,40226476.06,1778.32,151.59,1.15,113.75
Soybean,2022,Whole Year,Rajasthan,3714.15,10399.62,544.95,189.52,0.34,2.8
Soybean,2022,Rabi,Rajasthan,357960.03,1195586.5,1751.11,87.69,2.96,3.34
Groundnut,2022,Kharif,Rajasthan,367251.15,1553472.36,970.75,223.51,4.1,4.23
Groundnut,2022,Whole Year,Rajasthan,62245.8,270146.77,1619.94,208.9,2.99,4.34
Rapeseed &Mustard,2022,Whole Year,Rajasthan,296648.51,1050135.73,1791.84,237.05,0.95,3.54
Rapeseed &Mustard,2022,Summer,Rajasthan,396444.34,1296372.99,1387.29,209.01,4.44,3.27
Gram,2022,Summer,Rajasthan,329014.75,878469.38,1657.28,84.04,2.29,2.67
Gram,2022,Rabi,Rajasthan,225097.16,495213.75,940.92,111.17,2.53,2.2
Arhar/Tur,2022,Kharif,Rajasthan,70053.9,163225.59,1917.66,68.1,0.37,2.33
Arhar/Tur,2022,Summer,Rajasthan,405902.11,779332.05,882.77,134.6,2.77,1.92
Moong(Green Gram),2022,Kharif,Rajasthan,165543.62,357574.22,1966.73,65.78,1.84,2.16
Moong(Green Gram),2022,Rabi,Rajasthan,445984.46,642217.62,1398.91,50.35,3.87,1.44
Potato,2022,Whole Year,Rajasthan,115585.13,3738023.1,1741.15,124.01,3.47,32.34
Potato,2022,Kharif,Rajasthan,143513.52,3537608.27,848.28,96.03,1.59,24.65
Onion,2022,Rabi,Rajasthan,334995.06,11597528.98,2082.55,221.66,1.92,34.62
Onion,2022,Kharif,Rajasthan,185741.49,4454080.93,576.78,110.22,4.47,23.98
Tomato,2022,Summer,Rajasthan,96316.01,3192875.73,1126.31,128.95,0.92,33.15
Tomato,2022,Kharif,Rajasthan,245429.02,8494298.38,1574.82,119.31,2.35,34.61
Banana,2022,Summer,Rajasthan,153219.68,8410228.24,1292.63,124.21,1.91,54.89
Banana,2022,Whole Year,Rajasthan,225213.14,14555525.24,2064.34,63.86,0.22,64.63
Rice,2022,Kharif,Tamil Nadu,344034.18,2452963.7,1095.68,170.57,2.95,7.13
Rice,2022,Summer,Tamil Nadu,7642.61,46008.51,522.47,181.65,1.72,6.02
Wheat,2022,Summer,Tamil Nadu,82946.86,464502.42,1458.8,88.68,1.66,5.6
Wheat,2022,Whole Year,Tamil Nadu,156023.39,914297.07,846.06,58.32,0.35,5.86
Maize,2022,Summer,Tamil Nadu,202548.96,1474556.43,2068.26,225.3,3.45,7.28
Maize,2022,Whole Year,Tamil Nadu,318723.45,2409549.28,1867.2,208.93,2.7,7.56
Cotton(lint),2022,Rabi,Tamil Nadu,302231.25,1109188.69,400.19,190.91,4.07,3.67
Cotton(lint),2022,Summer,Tamil Nadu,184102.31,644358.08,541.23,173.27,2.83,3.5
Sugarcane,2022,Kharif,Tamil Nadu,285394.32,27437809.92,447.59,82.35,0.84,96.14
Sugarcane,2022,Whole Year,Tamil Nadu,171807.9,19029443.0,1503.9,75.44,3.77,110.76
Soybean,2022,Whole Year,Tamil Nadu,105794.01,391437.84,1333.56,84.87,2.55,3.7
Soybean,2022,Rabi,Tamil Nadu,348276.7,780139.81,451.06,84.25,4.44,2.24
Groundnut,2022,Rabi,Tamil Nadu,300547.12,1671041.99,1778.44,147.73,2.39,5.56
Groundnut,2022,Kharif,Tamil Nadu,287504.5,1532398.99,1818.98,130.86,2.74,5.33
Rapeseed &Mustard,2022,Rabi,Tamil Nadu,67426.02,202952.32,1240.64,43.64,2.68,3.01
Rapeseed &Mustard,2022,Kharif,Tamil Nadu,169630.55,637810.87,2051.99,129.31,3.85,3.76
Gram,2022,Kharif,Tamil Nadu,111942.14,277616.51,586.79,198.67,2.48,2.48
Gram,2022,Rabi,Tamil Nadu,345007.81,1104024.99,1575.89,228.48,2.2,3.2
Arhar/Tur,2022,Kharif,Tamil Nadu,407167.56,989417.17,1074.41,107.18,3.79,2.43
Arhar/Tur,2022,Summer,Tamil Nadu,227915.46,494576.55,1164.48,88.6,0.74,2.17
Moong(Green Gram),2022,Kharif,Tamil Nadu,28762.36,60976.2,1960.06,40.69,0.86,2.12
Moong(Green Gram),2022,Rabi,Tamil Nadu,309289.62,763945.36,2059.83,112.29,0.21,2.47
Potato,2022,Kharif,Tamil Nadu,396529.56,15639125.85,1069.19,134.73,3.65,39.44
Potato,2022,Summer,Tamil Nadu,145103.19,5834599.27,1718.29,170.15,1.07,40.21
Onion,2022,Rabi,Tamil Nadu,88116.26,2816195.67,775.96,192.96,4.03,31.96
Onion,2022,Summer,Tamil Nadu,327749.6,10533872.14,1414.63,158.43,3.85,32.14
Tomato,2022,Whole Year,Tamil Nadu,166452.15,7407120.67,1660.16,126.66,0.67,44.5
Tomato,2022,Summer,Tamil Nadu,183719.32,7297331.39,1598.31,36.38,1.05,39.72
Banana,2022,Summer,Tamil Nadu,6297.5,392712.1,1529.66,45.42,3.37,62.36
Banana,2022,Rabi,Tamil Nadu,319556.74,28232837.98,2187.53,81.73,2.6,88.35
Rice,2022,Kharif,Telangana,156720.77,813380.8,1313.55,74.46,3.48,5.19
Rice,2022,Summer,Telangana,120037.82,765841.29,928.37,176.85,2.76,6.38
Wheat,2022,Summer,Telangana,317560.97,2162590.21,1399.54,212.79,2.27,6.81
Wheat,2022,Kharif,Telangana,376280.76,2618914.09,1160.13,181.0,2.05,6.96
Maize,2022,Summer,Telangana,131039.1,919894.48,1415.06,235.42,3.09,7.02
Maize,2022,Whole Year,Telangana,337212.99,2121069.71,1909.51,83.25,3.67,6.29
Cotton(lint),2022,Kharif,Telangana,400164.8,2168893.22,1978.26,150.12,2.15,5.42
Cotton(lint),2022,Whole Year,Telangana,378840.01,1219864.83,1418.67,57.23,1.52,3.22
Sugarcane,2022,Summer,Telangana,337487.46,33755495.75,1891.24,125.88,2.18,100.02
Sugarcane,2022,Kharif,Telangana,330209.37,41111066.56,1893.02,220.52,2.42,124.5
Soybean,2022,Kharif,Telangana,338823.27,1456940.06,1961.09,167.7,4.0,4.3
Soybean,2022,Whole Year,Telangana,40413.39,152762.61,1748.03,161.97,0.27,3.78
Groundnut,2022,Kharif,Telangana,250880.56,988469.41,767.2,150.24,2.98,3.94
Groundnut,2022,Rabi,Telangana,393720.93,1795367.44,1257.18,114.24,2.48,4.56
Rapeseed &Mustard,2022,Summer,Telangana,157290.49,434121.75,624.53,130.49,3.59,2.76
Rapeseed &Mustard,2022,Whole Year,Telangana,224141.43,986222.29,1974.82,185.3,0.89,4.4
Gram,2022,Kharif,Telangana,132865.03,314890.12,484.04,208.87,1.97,2.37
Gram,2022,Rabi,Telangana,30848.13,100256.42,1109.67,216.09,0.23,3.25
Arhar/Tur,2022,Whole Year,Telangana,214459.92,518993.01,1742.94,64.65,1.23,2.42
Arhar/Tur,2022,Summer,Telangana,130686.19,296657.65,1861.1,102.83,3.04,2.27
Moong(Green Gram),2022,Kharif,Telangana,205666.72,431900.11,1441.73,212.84,2.91,2.1
Moong(Green Gram),2022,Rabi,Telangana,13229.35,29501.45,1940.17,134.97,1.78,2.23
Potato,2022,Whole Year,Telangana,158395.92,5792538.79,1484.2,166.16,1.48,36.57
Potato,2022,Kharif,Telangana,299347.62,10968096.8,1227.91,149.51,0.99,36.64
Onion,2022,Whole Year,Telangana,345304.63,9713419.24,827.6,104.05,0.22,28.13
Onion,2022,Summer,Telangana,229857.43,7104893.16,1826.69,188.53,2.72,30.91
Tomato,2022,Summer,Telangana,34728.04,1318623.68,2015.25,80.2,1.98,37.97
Tomato,2022,Rabi,Telangana,189195.65,8614077.94,1152.75,225.77,0.24,45.53
Banana,2022,Summer,Telangana,196944.99,14290328.47,2005.64,152.38,2.03,72.56
Banana,2022,Whole Year,Telangana,189950.1,12931802.81,1280.94,90.12,2.31,68.08
Rice,2022,Kharif,Uttar Pradesh,81959.64,693378.55,1655.5,216.33,2.48,8.46
Rice,2022,Whole Year,Uttar Pradesh,66233.08,432502.01,1013.57,209.29,2.35,6.53
Wheat,2022,Kharif,Uttar Pradesh,421644.96,2770207.39,1676.36,104.62,2.78,6.57
Wheat,2022,Whole Year,Uttar Pradesh,53633.04,322870.9,635.38,133.92,3.35,6.02
Maize,2022,Kharif,Uttar Pradesh,233389.95,1454019.39,2178.39,58.04,3.11,6.23
Maize,2022,Whole Year,Uttar Pradesh,184008.71,861160.76,1061.43,39.73,2.04,4.68
Cotton(lint),2022,Whole Year,Uttar Pradesh,184734.85,474768.56,795.65,54.57,0.26,2.57
Cotton(lint),2022,Rabi,Uttar Pradesh,313563.33,1313830.35,2158.0,73.42,1.25,4.19
Sugarcane,2022,Rabi,Uttar Pradesh,334806.99,36155806.85,1690.91,39.57,0.78,107.99
Sugarcane,2022,Summer,Uttar Pradesh,402921.33,39180070.13,984.83,232.39,0.94,97.24
Soybean,2022,Summer,Uttar Pradesh,99213.37,483169.11,1851.27,171.54,1.14,4.87
Soybean,2022,Rabi,Uttar Pradesh,90524.08,273382.72,660.91,141.55,3.18,3.02
Groundnut,2022,Summer,Uttar Pradesh,364047.37,1361537.16,1137.23,68.03,0.72,3.74
Groundnut,2022,Kharif,Uttar Pradesh,206789.29,802342.45,1029.44,104.88,0.87,3.88
Rapeseed &Mustard,2022,Summer,Uttar Pradesh,253232.37,1126884.05,2087.85,221.61,0.43,4.45
Rapeseed &Mustard,2022,Kharif,Uttar Pradesh,414866.82,995680.37,1174.59,38.04,2.97,2.4
Gram,2022,Summer,Uttar Pradesh,173415.12,549725.93,1404.45,225.81,2.29,3.17
Gram,2022,Rabi,Uttar Pradesh,146922.62,430483.28,1800.64,128.68,3.39,2.93
Arhar/Tur,2022,Rabi,Uttar Pradesh,10425.05,26896.63,1362.06,133.24,1.62,2.58
Arhar/Tur,2022,Whole Year,Uttar Pradesh,270353.6,621813.28,1005.26,98.7,3.96,2.3
Moong(Green Gram),2022,Rabi,Uttar Pradesh,244677.72,371910.13,880.19,68.91,1.41,1.52
Moong(Green Gram),2022,Summer,Uttar Pradesh,74442.91,200251.43,2034.24,134.64,3.61,2.69
Potato,2022,Rabi,Uttar Pradesh,30871.21,1219104.08,1874.43,143.03,4.38,39.49
Potato,2022,Whole Year,Uttar Pradesh,183705.06,5860191.41,1358.8,94.84,0.41,31.9
Onion,2022,Whole Year,Uttar Pradesh,141416.62,3306320.58,625.97,60.52,3.54,23.38
Onion,2022,Rabi,Uttar Pradesh,182546.98,5494664.1,2128.34,127.76,0.89,30.1
Tomato,2022,Whole Year,Uttar Pradesh,311902.91,11855429.61,405.79,179.11,2.59,38.01
Tomato,2022,Rabi,Uttar Pradesh,182672.88,5984363.55,1274.4,35.81,1.93,32.76
Banana,2022,Summer,Uttar Pradesh,412626.23,29478017.87,1575.03,108.91,2.86,71.44
Banana,2022,Rabi,Uttar Pradesh,194758.31,10269605.69,669.76,193.82,2.33,52.73
Rice,2022,Kharif,West Bengal,223590.0,1410852.9,1460.25,70.09,1.29,6.31
Rice,2022,Whole Year,West Bengal,142442.52,1199366.02,1776.56,186.81,1.69,8.42
Wheat,2022,Whole Year,West Bengal,212843.48,1174896.01,691.42,37.39,3.21,5.52
Wheat,2022,Summer,West Bengal,84323.48,651820.5,1893.2,161.32,2.65,7.73
Maize,2022,Summer,West Bengal,378185.07,1966562.36,481.9,157.48,2.63,5.2
Maize,2022,Whole Year,West Bengal,249898.44,1371942.44,1781.18,53.23,2.11,5.49
Cotton(lint),2022,Summer,West Bengal,180262.65,753497.88,1690.07,216.09,0.35,4.18
Cotton(lint),2022,Rabi,West Bengal,8435.56,28427.84,574.77,104.28,4.3,3.37
Sugarcane,2022,Rabi,West Bengal,9675.69,1046716.14,1510.02,179.27,1.91,108.18
Sugarcane,2022,Whole Year,West Bengal,295281.97,30219156.81,1289.53,186.12,1.14,102.34
Soybean,2022,Summer,West Bengal,247648.68,936112.01,941.39,209.64,2.05,3.78
Soybean,2022,Whole Year,West Bengal,66062.21,167798.01,769.02,83.08,2.07,2.54
Groundnut,2022,Rabi,West Bengal,320416.87,1236809.12,1033.44,196.01,3.19,3.86
Groundnut,2022,Summer,West Bengal,414511.6,2080848.23,1322.96,161.9,1.99,5.02
Rapeseed &Mustard,2022,Whole Year,West Bengal,120513.76,401310.82,964.07,170.28,2.75,3.33
Rapeseed &Mustard,2022,Kharif,West Bengal,72600.21,202554.59,609.4,148.57,2.35,2.79
Gram,2022,Whole Year,West Bengal,350636.35,911654.51,1056.0,156.75,2.03,2.6
Gram,2022,Rabi,West Bengal,316335.84,819309.83,2077.98,43.17,1.89,2.59
Arhar/Tur,2022,Kharif,West Bengal,174464.65,331482.83,581.04,134.27,4.27,1.9
Arhar/Tur,2022,Rabi,West Bengal,274137.85,682603.25,1542.51,130.71,1.91,2.49
Moong(Green Gram),2022,Rabi,West Bengal,273991.19,476744.67,772.17,92.73,0.66,1.74
Moong(Green Gram),2022,Whole Year,West Bengal,357205.05,496515.02,525.58,87.21,3.51,1.39
Potato,2022,Kharif,West Bengal,229805.49,5807184.73,453.35,152.83,1.88,25.27
Potato,2022,Summer,West Bengal,223810.79,6797133.69,595.43,33.05,1.66,30.37
Onion,2022,Kharif,West Bengal,159893.82,5122997.99,2022.08,55.93,3.32,32.04
Onion,2022,Whole Year,West Bengal,244348.05,8439781.65,1533.17,232.18,0.6,34.54
Tomato,2022,Kharif,West Bengal,75799.66,3053210.3,1266.47,109.04,4.03,40.28
Tomato,2022,Rabi,West Bengal,147558.52,6201884.6,651.31,211.58,1.67,42.03
Banana,2022,Summer,West Bengal,166903.48,10793648.05,546.11,228.95,3.8,64.67
Banana,2022,Whole Year,West Bengal,135569.68,9145530.61,1197.38,188.58,1.53,67.46
Rice,2023,Kharif,Andhra Pradesh,289889.28,1904572.57,1597.44,55.22,2.77,6.57
Rice,2023,Rabi,Andhra Pradesh,29153.21,224188.18,1764.06,215.53,1.48,7.69
Wheat,2023,Summer,Andhra Pradesh,48032.76,356403.08,2018.71,217.08,2.93,7.42
Wheat,2023,Whole Year,Andhra Pradesh,55062.23,427282.9,1491.46,202.61,3.16,7.76
Maize,2023,Kharif,Andhra Pradesh,437519.12,2222597.13,565.27,181.55,2.32,5.08
Maize,2023,Summer,Andhra Pradesh,178102.1,1075736.68,1345.9,55.35,3.86,6.04
Cotton(lint),2023,Rabi,Andhra Pradesh,326079.3,1007585.04,1068.63,52.17,3.01,3.09
Cotton(lint),2023,Kharif,Andhra Pradesh,16335.39,81676.95,1597.64,177.72,0.31,5.0
Sugarcane,2023,Summer,Andhra Pradesh,132805.53,17441350.25,1274.78,217.97,3.1,131.33
Sugarcane,2023,Rabi,Andhra Pradesh,328235.7,35154043.47,930.54,78.87,2.39,107.1
Soybean,2023,Summer,Andhra Pradesh,312023.85,720775.09,413.34,53.34,4.34,2.31
Soybean,2023,Kharif,Andhra Pradesh,265719.75,789187.66,679.53,99.51,3.61,2.97
Groundnut,2023,Rabi,Andhra Pradesh,140318.18,673527.26,1627.03,180.76,4.43,4.8
Groundnut,2023,Summer,Andhra Pradesh,27463.07,110126.91,863.69,77.6,0.6,4.01
Rapeseed &Mustard,2023,Rabi,Andhra Pradesh,219507.21,658521.63,712.36,195.55,3.9,3.0
Rapeseed &Mustard,2023,Whole Year,Andhra Pradesh,325179.24,1076343.28,2063.64,37.38,0.26,3.31
Gram,2023,Summer,Andhra Pradesh,238512.34,851489.05,1999.5,226.55,3.17,3.57
Gram,2023,Kharif,Andhra Pradesh,36133.88,90696.04,999.34,98.4,3.06,2.51
Arhar/Tur,2023,Whole Year,Andhra Pradesh,262020.05,390409.87,514.94,37.98,1.13,1.49
Arhar/Tur,2023,Kharif,Andhra Pradesh,34674.62,86686.55,1705.29,179.41,1.69,2.5
Moong(Green Gram),2023,Whole Year,Andhra Pradesh,347589.17,868972.92,1947.77,105.99,0.48,2.5
Moong(Green Gram),2023,Rabi,Andhra Pradesh,167170.82,324311.39,1206.96,203.36,0.36,1.94
Potato,2023,Whole Year,Andhra Pradesh,417521.3,14108044.73,520.41,108.7,4.23,33.79
Potato,2023,Rabi,Andhra Pradesh,1221.69,36711.78,446.59,98.8,3.5,30.05
Onion,2023,Summer,Andhra Pradesh,92327.31,3328399.53,2040.15,216.03,3.06,36.05
Onion,2023,Kharif,Andhra Pradesh,427545.89,14241553.6,1871.93,56.67,2.01,33.31
Tomato,2023,Summer,Andhra Pradesh,109718.57,4787021.21,1533.95,172.1,3.82,43.63
Tomato,2023,Rabi,Andhra Pradesh,442167.75,21843086.85,2147.49,136.36,2.53,49.4
Banana,2023,Whole Year,Andhra Pradesh,255322.01,20660657.05,2130.29,46.78,1.02,80.92
Banana,2023,Rabi,Andhra Pradesh,148885.05,8685953.82,611.43,96.31,2.97,58.34
Rice,2023,Whole Year,Assam,223086.24,1583912.3,1936.08,173.54,1.97,7.1
Rice,2023,Kharif,Assam,391769.09,2703206.72,1730.3,226.34,0.37,6.9
Wheat,2023,Whole Year,Assam,421473.64,2798584.97,2145.88,111.12,2.34,6.64
Wheat,2023,Rabi,Assam,271129.85,1577975.73,1528.61,101.74,1.81,5.82
Maize,2023,Summer,Assam,2912.01,17821.5,1122.75,189.01,3.74,6.12
Maize,2023,Whole Year,Assam,57098.73,421388.63,2135.39,223.57,2.78,7.38
Cotton(lint),2023,Kharif,Assam,134133.53,576774.18,1360.65,186.21,3.77,4.3
Cotton(lint),2023,Rabi,Assam,108660.84,379226.33,545.04,224.25,2.52,3.49
Sugarcane,2023,Summer,Assam,294238.46,23491998.65,519.0,95.53,2.64,79.84
Sugarcane,2023,Whole Year,Assam,227403.8,25987706.26,1750.29,198.69,4.17,114.28
Soybean,2023,Rabi,Assam,224335.07,821066.36,1657.96,178.75,3.06,3.66
Soybean,2023,Whole Year,Assam,344703.82,1158204.84,1996.53,135.25,4.44,3.36
Groundnut,2023,Whole Year,Assam,409545.0,1814284.35,1406.89,155.05,2.52,4.43
Groundnut,2023,Summer,Assam,161510.5,733257.67,2084.21,69.23,1.5,4.54
Rapeseed &Mustard,2023,Summer,Assam,182046.0,675390.66,2084.52,234.31,4.25,3.71
Rapeseed &Mustard,2023,Rabi,Assam,272435.52,1021633.2,1460.36,220.73,1.54,3.75
Gram,2023,Kharif,Assam,109793.7,315107.92,1567.09,200.61,1.78,2.87
Gram,2023,Rabi,Assam,246177.99,630215.65,1596.07,145.46,1.3,2.56
Arhar/Tur,2023,Kharif,Assam,34782.91,46261.27,547.76,41.81,1.35,1.33
Arhar/Tur,2023,Rabi,Assam,197440.1,422521.81,1057.63,163.63,1.04,2.14
Moong(Green Gram),2023,Rabi,Assam,280868.0,435345.4,471.14,147.41,1.78,1.55
Moong(Green Gram),2023,Summer,Assam,290244.62,452781.61,430.54,177.66,0.96,1.56
Potato,2023,Summer,Assam,318727.91,11863052.81,1195.89,217.1,0.27,37.22
Potato,2023,Kharif,Assam,229020.34,6721746.98,1360.85,117.43,0.92,29.35
Onion,2023,Summer,Assam,177294.64,2932453.35,631.71,30.77,3.4,16.54
Onion,2023,Kharif,Assam,311467.11,6459827.86,593.26,57.86,1.94,20.74
Tomato,2023,Whole Year,Assam,91403.67,3382849.83,1456.34,111.08,1.05,37.01
Tomato,2023,Rabi,Assam,5962.71,216863.76,1303.36,86.97,4.13,36.37
Banana,2023,Summer,Assam,17144.13,869378.83,1198.46,81.91,1.91,50.71
Banana,2023,Rabi,Assam,136888.61,8127076.78,837.68,150.15,1.17,59.37
Rice,2023,Rabi,Bihar,155348.77,1005106.54,1815.87,167.07,2.37,6.47
Rice,2023,Whole Year,Bihar,239231.24,1260748.63,680.98,167.77,2.76,5.27
Wheat,2023,Summer,Bihar,131605.43,940978.82,2195.88,124.99,0.42,7.15
Wheat,2023,Kharif,Bihar,247750.26,1627719.21,2171.46,155.99,3.07,6.57
Maize,2023,Rabi,Bihar,271103.5,1642887.21,1956.78,153.35,2.1,6.06
Maize,2023,Summer,Bihar,64275.77,476283.46,1734.13,141.94,1.92,7.41
Cotton(lint),2023,Summer,Bihar,341709.2,1329248.79,850.92,173.48,2.55,3.89
Cotton(lint),2023,Kharif,Bihar,393689.84,1310987.17,1366.44,43.71,0.89,3.33
Sugarcane,2023,Whole Year,Bihar,267785.05,27083779.96,593.08,162.63,1.81,101.14
Sugarcane,2023,Rabi,Bihar,282663.53,24034879.96,587.75,187.06,1.59,85.03
Soybean,2023,Summer,Bihar,143032.62,429097.86,1041.33,183.62,2.57,3.0
Soybean,2023,Whole Year,Bihar,354246.01,1126502.31,976.7,160.17,0.69,3.18
Groundnut,2023,Kharif,Bihar,382087.21,1650616.75,543.4,235.47,2.19,4.32
Groundnut,2023,Summer,Bihar,283163.51,1424312.46,2004.75,90.51,2.49,5.03
Rapeseed &Mustard,2023,Whole Year,Bihar,12886.61,41366.02,1784.74,133.64,2.59,3.21
Rapeseed &Mustard,2023,Summer,Bihar,319813.62,908270.68,1798.08,111.29,3.17,2.84
Gram,2023,Whole Year,Bihar,344201.55,1156517.21,1566.75,232.17,0.98,3.36
Gram,2023,Rabi,Bihar,410472.75,1067229.15,1351.39,106.25,4.31,2.6
Arhar/Tur,2023,Kharif,Bihar,79173.61,235937.36,2163.77,237.58,1.91,2.98
Arhar/Tur,2023,Whole Year,Bihar,73196.63,234229.22,2116.29,238.88,3.63,3.2
Moong(Green Gram),2023,Summer,Bihar,47612.44,104747.37,1829.17,122.35,1.04,2.2
Moong(Green Gram),2023,Kharif,Bihar,104321.13,126228.57,998.56,49.21,3.87,1.21
Potato,2023,Rabi,Bihar,89992.76,2957162.09,895.3,78.19,2.36,32.86
Potato,2023,Kharif,Bihar,83115.48,2114457.81,677.19,62.63,3.99,25.44
Onion,2023,Whole Year,Bihar,46664.84,976228.45,683.01,136.86,2.0,20.92
Onion,2023,Kharif,Bihar,252527.82,6366226.34,1989.92,63.79,1.13,25.21
Tomato,2023,Kharif,Bihar,215078.46,5235009.72,531.55,56.15,2.9,24.34
Tomato,2023,Rabi,Bihar,63375.74,2375956.49,1992.52,58.32,0.57,37.49
Banana,2023,Kharif,Bihar,263052.44,13081597.84,490.71,71.67,1.07,49.73
Banana,2023,Whole Year,Bihar,417833.61,24668896.33,1773.36,130.25,1.94,59.04
Rice,2023,Whole Year,Gujarat,161969.69,966959.05,807.02,156.6,1.88,5.97
Rice,2023,Kharif,Gujarat,159730.66,648506.48,443.3,76.86,0.61,4.06
Wheat,2023,Summer,Gujarat,7137.48,46750.49,1589.01,78.81,2.64,6.55
Wheat,2023,Kharif,Gujarat,318387.58,2384722.97,1166.58,232.06,2.02,7.49
Maize,2023,Kharif,Gujarat,378455.32,2319931.11,2105.53,119.93,2.49,6.13
Maize,2023,Rabi,Gujarat,203154.67,1086877.48,856.85,210.53,1.57,5.35
Cotton(lint),2023,Rabi,Gujarat,53955.01,246034.85,1491.97,153.4,1.47,4.56
Cotton(lint),2023,Whole Year,Gujarat,65115.05,191438.25,852.1,121.4,2.62,2.94
Sugarcane,2023,Rabi,Gujarat,1166.74,104049.87,918.67,48.93,1.14,89.18
Sugarcane,2023,Summer,Gujarat,318010.94,32166806.58,860.66,168.83,2.78,101.15
Soybean,2023,Kharif,Gujarat,273766.31,733693.71,611.68,42.79,1.03,2.68
Soybean,2023,Summer,Gujarat,821.3,2496.75,863.22,153.39,1.48,3.04
Groundnut,2023,Kharif,Gujarat,191012.07,890116.25,1819.8,115.55,0.5,4.66
Groundnut,2023,Summer,Gujarat,417197.78,1652103.21,1151.94,47.22,1.18,3.96
Rapeseed &Mustard,2023,Rabi,Gujarat,102431.71,460942.7,2036.14,154.22,3.45,4.5
Rapeseed &Mustard,2023,Whole Year,Gujarat,70137.17,202696.42,672.99,113.4,1.69,2.89
Gram,2023,Summer,Gujarat,253924.52,733841.86,1123.62,172.13,3.16,2.89
Gram,2023,Kharif,Gujarat,31770.44,83556.26,1073.29,118.19,3.84,2.63
Arhar/Tur,2023,Whole Year,Gujarat,428659.38,848745.57,530.3,126.76,2.27,1.98
Arhar/Tur,2023,Rabi,Gujarat,375366.88,596833.34,929.13,44.79,2.92,1.59
Moong(Green Gram),2023,Whole Year,Gujarat,314498.35,600691.85,1586.78,92.73,3.31,1.91
Moong(Green Gram),2023,Kharif,Gujarat,441047.14,657160.24,803.72,58.27,0.53,1.49
Potato,2023,Rabi,Gujarat,86818.72,3658540.86,1767.8,224.88,2.3,42.14
Potato,2023,Summer,Gujarat,216141.59,7642766.62,1613.02,69.01,4.08,35.36
Onion,2023,Rabi,Gujarat,21819.77,711106.3,1523.1,129.57,1.68,32.59
Onion,2023,Whole Year,Gujarat,147894.27,4811000.6,1676.93,103.12,1.15,32.53
Tomato,2023,Kharif,Gujarat,45986.97,1862472.29,1216.05,87.46,3.39,40.5
Tomato,2023,Whole Year,Gujarat,88584.51,3254594.9,813.94,199.3,1.8,36.74
Banana,2023,Rabi,Gujarat,80237.77,4766123.54,670.35,105.26,0.61,59.4
Banana,2023,Kharif,Gujarat,77592.33,4903059.33,600.57,214.79,2.11,63.19
Rice,2023,Summer,Haryana,141964.17,990909.91,1348.38,128.54,2.71,6.98
Rice,2023,Kharif,Haryana,415147.66,2619581.73,1268.41,39.32,0.83,6.31
Wheat,2023,Summer,Haryana,262201.55,1717420.15,717.72,146.96,3.61,6.55
Wheat,2023,Rabi,Haryana,19669.79,110544.22,839.12,49.34,4.33,5.62
Maize,2023,Summer,Haryana,23492.41,118871.59,563.53,119.63,3.52,5.06
Maize,2023,Rabi,Haryana,298715.46,2189584.32,1106.88,234.23,1.94,7.33
Cotton(lint),2023,Kharif,Haryana,225987.55,922029.2,1545.02,68.77,3.9,4.08
Cotton(lint),2023,Summer,Haryana,158811.55,719416.32,2005.43,219.16,1.16,4.53
Sugarcane,2023,Summer,Haryana,270636.01,33418134.51,2190.81,167.54,3.32,123.48
Sugarcane,2023,Rabi,Haryana,241771.61,35467895.19,2041.51,209.2,1.52,146.7
Soybean,2023,Summer,Haryana,414474.39,1376054.97,1530.08,36.88,2.76,3.32
Soybean,2023,Whole Year,Haryana,141475.75,488091.34,847.95,136.16,1.22,3.45
Groundnut,2023,Whole Year,Haryana,275940.21,885768.07,575.05,74.53,2.21,3.21
Groundnut,2023,Summer,Haryana,12351.97,69171.03,2070.28,213.0,1.89,5.6
Rapeseed &Mustard,2023,Kharif,Haryana,3922.44,11061.28,1160.75,114.19,2.02,2.82
Rapeseed &Mustard,2023,Whole Year,Haryana,121587.86,458386.23,1296.01,154.39,2.64,3.77
Gram,2023,Summer,Haryana,7575.7,15984.73,968.82,31.06,4.17,2.11
Gram,2023,Whole Year,Haryana,41358.34,105463.77,483.94,216.06,0.92,2.55
Arhar/Tur,2023,Rabi,Haryana,20477.7,56723.23,610.18,238.26,4.33,2.77
Arhar/Tur,2023,Summer,Haryana,63651.19,159764.49,1471.42,62.43,1.83,2.51
Moong(Green Gram),2023,Whole Year,Haryana,82551.75,241876.63,2194.95,231.4,0.64,2.93
Moong(Green Gram),2023,Kharif,Haryana,36775.74,59944.46,623.17,102.87,0.61,1.63
Potato,2023,Rabi,Haryana,298813.3,12078033.59,1847.67,112.96,0.29,40.42
Potato,2023,Whole Year,Haryana,381266.87,17671719.42,1796.77,134.64,4.5,46.35
Onion,2023,Rabi,Haryana,290070.66,9296764.65,2048.38,123.29,3.96,32.05
Onion,2023,Kharif,Haryana,359342.76,10392192.62,1286.67,40.72,3.7,28.92
Tomato,2023,Whole Year,Haryana,392362.97,17828973.36,1557.93,234.25,0.37,45.44
Tomato,2023,Kharif,Haryana,10966.8,520374.66,1886.67,64.17,1.12,47.45
Banana,2023,Summer,Haryana,35424.55,2590243.1,1239.85,216.67,0.98,73.12
Banana,2023,Whole Year,Haryana,9636.74,639012.23,413.47,184.7,0.3,66.31
Rice,2023,Rabi,Karnataka,278583.58,1248054.44,499.26,83.9,2.95,4.48
Rice,2023,Summer,Karnataka,93585.03,370596.72,467.96,102.49,3.14,3.96
Wheat,2023,Whole Year,Karnataka,177243.82,1355915.22,1449.64,178.05,3.45,7.65
Wheat,2023,Rabi,Karnataka,130847.13,756296.41,1168.0,207.49,1.47,5.78
Maize,2023,Summer,Karnataka,66310.49,464173.43,1800.07,239.8,0.87,7.0
Maize,2023,Whole Year,Karnataka,427640.19,2813872.45,1139.77,235.78,0.49,6.58
Cotton(lint),2023,Rabi,Karnataka,440684.81,1864096.75,1121.3,139.72,1.3,4.23
Cotton(lint),2023,Whole Year,Karnataka,268131.74,941142.41,541.8,158.4,3.5,3.51
Sugarcane,2023,Kharif,Karnataka,395420.68,52863790.71,2175.63,116.11,0.31,133.69
Sugarcane,2023,Summer,Karnataka,401168.58,46094269.84,2088.59,221.01,3.03,114.9
Soybean,2023,Rabi,Karnataka,81986.13,232020.75,567.34,163.18,0.54,2.83
Soybean,2023,Whole Year,Karnataka,121970.57,354934.36,1403.51,36.76,2.85,2.91
Groundnut,2023,Kharif,Karnataka,132720.3,477793.08,705.47,67.47,2.32,3.6
Groundnut,2023,Whole Year,Karnataka,238652.83,1066778.15,1644.29,67.94,3.27,4.47
Rapeseed &Mustard,2023,Whole Year,Karnataka,121573.73,443744.11,1361.45,172.66,1.78,3.65
Rapeseed &Mustard,2023,Rabi,Karnataka,100979.76,295870.7,942.26,114.33,1.21,2.93
Gram,2023,Whole Year,Karnataka,18355.14,48824.67,804.72,110.16,3.93,2.66
Gram,2023,Kharif,Karnataka,163585.61,513658.82,1485.25,201.26,1.5,3.14
Arhar/Tur,2023,Summer,Karnataka,346367.95,751618.45,1679.4,81.33,2.72,2.17
Arhar/Tur,2023,Rabi,Karnataka,179539.45,536822.96,2104.69,115.67,1.56,2.99
Moong(Green Gram),2023,Rabi,Karnataka,415644.37,827132.3,1934.07,96.72,3.8,1.99
Moong(Green Gram),2023,Kharif,Karnataka,345507.18,480254.98,988.48,43.61,3.3,1.39
Potato,2023,Summer,Karnataka,119018.58,4346558.54,1071.23,166.22,3.22,36.52
Potato,2023,Kharif,Karnataka,202708.64,8341460.54,1622.75,169.98,1.14,41.15
Onion,2023,Whole Year,Karnataka,248504.94,7969553.43,534.32,213.36,1.59,32.07
Onion,2023,Rabi,Karnataka,349992.19,11119251.88,1178.49,192.35,0.7,31.77
Tomato,2023,Summer,Karnataka,183118.85,7592107.52,1056.58,235.41,1.91,41.46
Tomato,2023,Kharif,Karnataka,240257.82,9920245.39,1031.29,164.4,3.38,41.29
Banana,2023,Summer,Karnataka,91498.7,6792863.49,1390.72,200.46,1.81,74.24
Banana,2023,Rabi,Karnataka,32326.54,2267060.25,1898.81,228.13,4.35,70.13
Rice,2023,Whole Year,Madhya Pradesh,179315.53,1497284.68,2148.55,98.09,1.32,8.35
Rice,2023,Summer,Madhya Pradesh,145477.29,830675.33,1091.59,181.36,3.31,5.71
Wheat,2023,Rabi,Madhya Pradesh,327890.7,2616567.79,1335.86,219.01,2.2,7.98
Wheat,2023,Summer,Madhya Pradesh,375039.12,2238983.55,1567.05,56.54,1.63,5.97
Maize,2023,Whole Year,Madhya Pradesh,444965.69,2055741.49,720.54,103.69,0.27,4.62
Maize,2023,Summer,Madhya Pradesh,238010.47,1044865.96,826.77,64.96,2.01,4.39
Cotton(lint),2023,Rabi,Madhya Pradesh,336244.82,958297.74,832.95,43.4,0.44,2.85
Cotton(lint),2023,Kharif,Madhya Pradesh,364999.57,2124297.5,2091.82,238.72,4.23,5.82
Sugarcane,2023,Rabi,Madhya Pradesh,311700.18,34536379.94,1259.03,118.43,2.06,110.8
Sugarcane,2023,Whole Year,Madhya Pradesh,167965.67,19139688.1,1949.15,118.27,4.22,113.95
Soybean,2023,Summer,Madhya Pradesh,50599.23,161917.54,1266.07,131.35,3.14,3.2
Soybean,2023,Whole Year,Madhya Pradesh,147451.61,570637.73,1798.35,117.13,3.78,3.87
Groundnut,2023,Whole Year,Madhya Pradesh,242211.55,852584.66,469.06,222.28,0.73,3.52
Groundnut,2023,Rabi,Madhya Pradesh,446419.13,2781191.18,2050.9,194.75,1.06,6.23
Rapeseed &Mustard,2023,Kharif,Madhya Pradesh,61338.37,209163.84,1830.43,48.16,2.27,3.41
Rapeseed &Mustard,2023,Rabi,Madhya Pradesh,192691.55,630101.37,1649.76,130.43,2.7,3.27
Gram,2023,Kharif,Madhya Pradesh,53950.09,105742.18,646.12,102.86,2.45,1.96
Gram,2023,Whole Year,Madhya Pradesh,75153.38,187883.45,751.23,236.61,2.76,2.5
Arhar/Tur,2023,Summer,Madhya Pradesh,300622.43,763580.97,1667.34,162.78,2.99,2.54
Arhar/Tur,2023,Kharif,Madhya Pradesh,376877.35,957268.47,1207.76,220.49,1.97,2.54
Moong(Green Gram),2023,Kharif,Madhya Pradesh,275815.64,559905.75,1779.02,103.77,2.91,2.03
Moong(Green Gram),2023,Summer,Madhya Pradesh,246189.91,534232.1,1999.69,218.13,2.3,2.17
Potato,2023,Summer,Madhya Pradesh,104289.04,2959722.96,1453.01,106.77,4.48,28.38
Potato,2023,Rabi,Madhya Pradesh,377840.41,9128624.31,851.83,43.86,3.87,24.16
Onion,2023,Rabi,Madhya Pradesh,154569.97,4858134.16,1166.17,172.88,2.21,31.43
Onion,2023,Summer,Madhya Pradesh,32795.91,891392.83,1574.57,124.27,1.64,27.18
Tomato,2023,Rabi,Madhya Pradesh,99056.81,4534820.76,1574.21,202.68,4.45,45.78
Tomato,2023,Kharif,Madhya Pradesh,276174.75,10014096.43,472.0,152.86,3.66,36.26
Banana,2023,Summer,Madhya Pradesh,90179.14,5069871.25,719.59,199.32,0.84,56.22
Banana,2023,Rabi,Madhya Pradesh,320929.15,15179948.79,685.11,35.05,1.81,47.3
Rice,2023,Whole Year,Maharashtra,411375.02,3184042.65,1901.99,117.0,2.92,7.74
Rice,2023,Rabi,Maharashtra,150168.44,967084.75,920.18,173.76,3.72,6.44
Wheat,2023,Summer,Maharashtra,254913.52,1967932.37,1445.39,166.23,0.46,7.72
Wheat,2023,Kharif,Maharashtra,140170.05,1017634.56,2161.44,60.33,4.11,7.26
Maize,2023,Whole Year,Maharashtra,423028.83,1878248.01,563.68,40.92,3.11,4.44
Maize,2023,Kharif,Maharashtra,325699.84,1775064.13,948.07,230.06,3.53,5.45
Cotton(lint),2023,Kharif,Maharashtra,322284.22,1008749.61,947.27,92.03,2.89,3.13
Cotton(lint),2023,Whole Year,Maharashtra,101307.13,328235.1,1558.29,42.7,4.19,3.24
Sugarcane,2023,Whole Year,Maharashtra,114465.87,13755363.6,1324.82,175.99,2.83,120.17
Sugarcane,2023,Summer,Maharashtra,211987.07,21944901.49,999.71,180.9,4.23,103.52
Soybean,2023,Summer,Maharashtra,203231.58,798700.11,1967.42,118.98,2.71,3.93
Soybean,2023,Rabi,Maharashtra,100674.36,239604.98,805.34,88.78,0.39,2.38
Groundnut,2023,Kharif,Maharashtra,59411.69,221605.6,640.09,233.27,2.04,3.73
Groundnut,2023,Whole Year,Maharashtra,230845.0,981091.25,1472.92,117.82,1.89,4.25
Rapeseed &Mustard,2023,Kharif,Maharashtra,405171.56,1697668.84,2119.97,180.95,3.17,4.19
Rapeseed &Mustard,2023,Rabi,Maharashtra,312520.63,662543.74,538.12,49.26,4.34,2.12
Gram,2023,Rabi,Maharashtra,331554.23,901827.51,1893.67,44.32,1.59,2.72
Gram,2023,Summer,Maharashtra,312853.54,1079344.71,1304.17,235.43,4.23,3.45
Arhar/Tur,2023,Rabi,Maharashtra,194390.03,316855.75,587.57,114.86,3.53,1.63
Arhar/Tur,2023,Summer,Maharashtra,224685.89,599911.33,1919.67,121.19,4.46,2.67
Moong(Green Gram),2023,Whole Year,Maharashtra,269212.42,425355.62,1334.91,86.48,0.9,1.58
Moong(Green Gram),2023,Rabi,Maharashtra,77865.99,122249.6,1042.14,69.22,2.36,1.57
Potato,2023,Summer,Maharashtra,24456.28,1024962.69,1957.19,225.27,3.61,41.91
Potato,2023,Kharif,Maharashtra,56433.94,1830152.67,1365.89,65.78,2.09,32.43
Onion,2023,Summer,Maharashtra,136262.98,3384772.42,781.5,146.47,2.02,24.84
Onion,2023,Rabi,Maharashtra,70046.93,2078992.88,824.84,144.61,2.13,29.68
Tomato,2023,Rabi,Maharashtra,29206.72,950970.8,453.89,219.12,0.37,32.56
Tomato,2023,Kharif,Maharashtra,309602.33,10501711.03,912.5,37.82,3.34,33.92
Banana,2023,Summer,Maharashtra,270945.6,16833850.13,631.41,188.99,3.58,62.13
Banana,2023,Rabi,Maharashtra,425380.57,20533120.11,569.09,64.57,3.49,48.27
Rice,2023,Whole Year,Odisha,13340.42,88446.98,2176.07,81.66,2.09,6.63
Rice,2023,Kharif,Odisha,101539.34,699606.05,1557.6,178.14,0.23,6.89
Wheat,2023,Kharif,Odisha,122689.92,706693.94,1383.0,62.46,1.59,5.76
Wheat,2023,Summer,Odisha,265425.84,1491693.22,534.72,172.54,4.06,5.62
Maize,2023,Kharif,Odisha,10481.8,46748.83,656.38,108.93,4.0,4.46
Maize,2023,Whole Year,Odisha,193939.97,1297458.4,1220.44,215.78,3.32,6.69
Cotton(lint),2023,Rabi,Odisha,347925.32,998545.67,461.48,135.47,3.01,2.87
Cotton(lint),2023,Whole Year,Odisha,291911.96,1371986.21,1868.96,235.2,0.72,4.7
Sugarcane,2023,Summer,Odisha,5998.11,457775.76,906.38,124.0,1.57,76.32
Sugarcane,2023,Rabi,Odisha,115336.57,10643258.68,558.44,58.88,2.29,92.28
Soybean,2023,Rabi,Odisha,304904.27,1146440.06,1825.76,88.12,3.07,3.76
Soybean,2023,Whole Year,Odisha,400918.69,1202756.07,1117.35,81.17,2.54,3.0
Groundnut,2023,Summer,Odisha,262626.49,1399799.19,1876.08,219.25,1.1,5.33
Groundnut,2023,Rabi,Odisha,416049.05,2188418.0,2049.08,111.78,3.0,5.26
Rapeseed &Mustard,2023,Kharif,Odisha,419087.06,1441659.49,1531.8,136.44,2.87,3.44
Rapeseed &Mustard,2023,Whole Year,Odisha,253600.77,930714.83,1660.08,164.15,0.7,3.67
Gram,2023,Summer,Odisha,110614.5,365027.85,1943.36,215.4,1.73,3.3
Gram,2023,Kharif,Odisha,367205.86,771132.31,1632.81,35.41,0.23,2.1
Arhar/Tur,2023,Summer,Odisha,46976.81,105228.05,1210.54,145.13,0.6,2.24
Arhar/Tur,2023,Whole Year,Odisha,433408.71,797472.03,450.06,221.61,4.06,1.84
Moong(Green Gram),2023,Kharif,Odisha,382397.42,477996.77,423.37,139.89,0.31,1.25
Moong(Green Gram),2023,Summer,Odisha,287946.24,475111.3,576.33,188.89,3.32,1.65
Potato,2023,Kharif,Odisha,394857.16,13887126.32,1370.23,223.46,2.12,35.17
Potato,2023,Rabi,Odisha,64579.79,1980016.36,889.69,44.12,2.09,30.66
Onion,2023,Whole Year,Odisha,220929.43,4754401.33,1226.15,142.02,0.99,21.52
Onion,2023,Rabi,Odisha,129075.81,3261745.72,1454.77,61.09,4.07,25.27
Tomato,2023,Kharif,Odisha,296768.85,10425489.7,1608.08,153.82,0.27,35.13
Tomato,2023,Rabi,Odisha,294788.34,8917347.29,1054.71,45.39,3.87,30.25
Banana,2023,Whole Year,Odisha,105038.84,5828605.23,980.6,80.75,3.06,55.49
Banana,2023,Rabi,Odisha,315035.34,17997968.97,696.89,187.83,0.98,57.13
Rice,2023,Summer,Punjab,70369.15,537620.31,1522.6,214.69,0.6,7.64
Rice,2023,Rabi,Punjab,97788.88,720704.05,866.75,200.2,1.01,7.37
Wheat,2023,Kharif,Punjab,316051.37,1678232.77,504.67,38.35,1.64,5.31
Wheat,2023,Summer,Punjab,286178.31,2111995.93,885.11,166.85,2.16,7.38
Maize,2023,Whole Year,Punjab,257133.52,1900216.71,1944.18,50.41,0.22,7.39
Maize,2023,Kharif,Punjab,122341.7,1087617.71,2123.71,147.42,3.05,8.89
Cotton(lint),2023,Kharif,Punjab,431544.1,2248344.76,1571.86,192.78,4.03,5.21
Cotton(lint),2023,Summer,Punjab,212628.46,1277897.04,1882.08,192.12,1.78,6.01
Sugarcane,2023,Kharif,Punjab,250413.12,28346765.18,1019.27,120.04,2.86,113.2
Sugarcane,2023,Summer,Punjab,425034.27,47735598.86,826.34,134.0,3.47,112.31
Soybean,2023,Summer,Punjab,80085.67,356381.23,1875.48,195.3,3.8,4.45
Soybean,2023,Rabi,Punjab,312306.35,846350.21,1103.2,44.69,0.79,2.71
Groundnut,2023,Kharif,Punjab,165905.9,597261.24,522.11,96.62,2.81,3.6
Groundnut,2023,Rabi,Punjab,304864.69,1795653.02,1923.41,162.54,1.53,5.89
Rapeseed &Mustard,2023,Summer,Punjab,122924.58,385983.18,1629.21,66.17,1.54,3.14
Rapeseed &Mustard,2023,Whole Year,Punjab,328906.58,868313.37,758.99,80.46,0.65,2.64
Gram,2023,Summer,Punjab,160122.77,547619.87,1759.47,110.44,3.56,3.42
Gram,2023,Rabi,Punjab,84678.9,284521.1,1328.86,179.67,1.42,3.36
Arhar/Tur,2023,Summer,Punjab,207506.14,477264.12,751.28,94.55,3.92,2.3
Arhar/Tur,2023,Rabi,Punjab,426486.54,1040627.16,1573.09,171.9,1.27,2.44
Moong(Green Gram),2023,Rabi,Punjab,272754.39,583694.39,1110.0,209.4,3.46,2.14
Moong(Green Gram),2023,Summer,Punjab,67392.79,166460.19,1403.2,213.29,0.68,2.47
Potato,2023,Summer,Punjab,61767.4,2268716.6,1401.68,104.12,4.5,36.73
Potato,2023,Kharif,Punjab,296082.85,12130514.36,588.37,139.84,1.81,40.97
Onion,2023,Whole Year,Punjab,73485.87,2741757.81,2034.98,227.06,3.5,37.31
Onion,2023,Summer,Punjab,336731.88,11856329.49,1542.59,213.14,1.39,35.21
Tomato,2023,Rabi,Punjab,347533.88,18103039.81,2090.77,144.5,3.11,52.09
Tomato,2023,Kharif,Punjab,417577.17,20302602.01,1695.33,200.43,2.17,48.62
Banana,2023,Whole Year,Punjab,322739.67,19680665.08,726.51,31.53,4.42,60.98
Banana,2023,Kharif,Punjab,425122.94,37882705.18,1064.57,181.74,3.08,89.11
Rice,2023,Rabi,Rajasthan,311842.72,1761911.37,1463.61,149.02,3.05,5.65
Rice,2023,Kharif,Rajasthan,393550.14,2251106.8,833.03,186.34,0.96,5.72
Wheat,2023,Kharif,Rajasthan,440865.11,1688513.37,453.42,32.39,3.89,3.83
Wheat,2023,Rabi,Rajasthan,421868.0,2421522.32,1609.48,53.32,3.9,5.74
Maize,2023,Kharif,Rajasthan,371355.95,2231849.26,1729.2,160.84,4.06,6.01
Maize,2023,Rabi,Rajasthan,395469.43,2056441.04,1073.27,120.67,4.38,5.2
Cotton(lint),2023,Kharif,Rajasthan,170613.22,624444.39,1882.16,44.41,2.58,3.66
Cotton(lint),2023,Summer,Rajasthan,64973.51,236503.58,911.36,133.3,3.83,3.64
Sugarcane,2023,Whole Year,Rajasthan,441807.49,45603369.12,1950.08,160.76,0.25,103.22
Sugarcane,2023,Kharif,Rajasthan,282824.17,25889724.52,1674.68,195.54,2.59,91.54
Soybean,2023,Whole Year,Rajasthan,365069.58,1149969.18,747.66,217.98,2.59,3.15
Soybean,2023,Summer,Rajasthan,375458.12,1122619.78,697.95,178.37,1.31,2.99
Groundnut,2023,Rabi,Rajasthan,57214.77,268909.42,1959.84,120.81,2.61,4.7
Groundnut,2023,Summer,Rajasthan,343889.9,1279270.43,1246.84,74.68,3.87,3.72
Rapeseed &Mustard,2023,Whole Year,Rajasthan,258246.62,872873.58,1982.81,37.12,4.0,3.38
Rapeseed &Mustard,2023,Kharif,Rajasthan,426918.97,1131335.27,787.73,153.46,4.0,2.65
Gram,2023,Rabi,Rajasthan,267951.49,857444.77,1696.67,208.5,0.68,3.2
Gram,2023,Summer,Rajasthan,315625.08,688062.67,1714.07,83.18,0.26,2.18
Arhar/Tur,2023,Whole Year,Rajasthan,338442.8,775034.01,1903.1,53.12,2.31,2.29
Arhar/Tur,2023,Rabi,Rajasthan,244563.38,662766.76,1692.48,168.9,4.25,2.71
Moong(Green Gram),2023,Summer,Rajasthan,2117.35,3578.32,983.8,229.81,0.86,1.69
Moong(Green Gram),2023,Rabi,Rajasthan,352628.92,585364.01,1412.32,72.47,3.92,1.66
Potato,2023,Summer,Rajasthan,35955.33,1067873.3,1521.03,47.45,3.27,29.7
Potato,2023,Kharif,Rajasthan,338827.82,12150365.63,1944.68,111.72,2.69,35.86
Onion,2023,Rabi,Rajasthan,384634.79,12081378.75,1804.63,167.85,3.66,31.41
Onion,2023,Summer,Rajasthan,105780.02,2652962.9,1668.24,80.77,0.37,25.08
Tomato,2023,Kharif,Rajasthan,286246.18,11650219.53,1581.21,214.01,3.84,40.7
Tomato,2023,Whole Year,Rajasthan,186183.95,6953970.53,1479.35,211.15,0.25,37.35
Banana,2023,Kharif,Rajasthan,200662.84,11349490.23,830.27,198.59,2.54,56.56
Banana,2023,Rabi,Rajasthan,29269.4,1769042.54,1535.42,96.62,0.49,60.44
Rice,2023,Rabi,Tamil Nadu,11909.63,96348.91,2071.96,115.66,1.53,8.09
Rice,2023,Summer,Tamil Nadu,418968.57,3385266.05,2127.7,86.37,3.58,8.08
Wheat,2023,Rabi,Tamil Nadu,30840.81,166848.78,697.91,56.98,2.07,5.41
Wheat,2023,Whole Year,Tamil Nadu,218736.64,1771766.78,1334.31,236.85,0.48,8.1
Maize,2023,Kharif,Tamil Nadu,211219.64,1512332.62,1634.88,235.0,3.53,7.16
Maize,2023,Rabi,Tamil Nadu,82107.35,647826.99,2018.6,174.63,1.22,7.89
Cotton(lint),2023,Summer,Tamil Nadu,139492.17,602606.17,1402.19,140.73,2.39,4.32
Cotton(lint),2023,Rabi,Tamil Nadu,121250.72,437715.1,1175.56,56.72,3.42,3.61
Sugarcane,2023,Rabi,Tamil Nadu,36484.63,3461296.85,926.88,227.38,1.16,94.87
Sugarcane,2023,Kharif,Tamil Nadu,39291.28,3832471.45,726.14,90.2,2.19,97.54
Soybean,2023,Kharif,Tamil Nadu,411097.21,1726608.28,1674.77,175.04,0.62,4.2
Soybean,2023,Summer,Tamil Nadu,70842.49,240156.04,1215.86,149.66,1.87,3.39
Groundnut,2023,Rabi,Tamil Nadu,128642.41,509423.94,490.32,134.09,0.67,3.96
Groundnut,2023,Whole Year,Tamil Nadu,414643.8,2089804.75,1492.67,142.41,4.47,5.04
Rapeseed &Mustard,2023,Whole Year,Tamil Nadu,17026.05,57207.53,724.13,219.79,0.72,3.36
Rapeseed &Mustard,2023,Summer,Tamil Nadu,414095.62,1830302.64,1865.75,211.71,2.45,4.42
Gram,2023,Rabi,Tamil Nadu,291848.38,1214089.26,2030.56,212.68,2.64,4.16
Gram,2023,Kharif,Tamil Nadu,157665.74,406777.61,1525.7,34.86,3.74,2.58
Arhar/Tur,2023,Rabi,Tamil Nadu,162272.73,420286.37,1355.98,79.61,1.5,2.59
Arhar/Tur,2023,Whole Year,Tamil Nadu,8538.13,20064.61,1108.79,146.86,1.13,2.35
Moong(Green Gram),2023,Whole Year,Tamil Nadu,218910.99,291151.62,424.11,42.0,4.5,1.33
Moong(Green Gram),2023,Kharif,Tamil Nadu,234392.72,440658.31,1439.0,76.23,3.97,1.88
Potato,2023,Summer,Tamil Nadu,275761.67,10876040.26,1014.6,127.43,3.87,39.44
Potato,2023,Whole Year,Tamil Nadu,432076.3,16976277.83,1149.42,214.28,1.51,39.29
Onion,2023,Rabi,Tamil Nadu,350098.59,11063115.44,1730.2,176.21,1.81,31.6
Onion,2023,Whole Year,Tamil Nadu,358518.33,13914096.39,1496.74,214.31,3.27,38.81
Tomato,2023,Summer,Tamil Nadu,41863.2,1480701.38,1273.21,41.86,2.12,35.37
Tomato,2023,Kharif,Tamil Nadu,1232.8,50310.57,1064.71,44.23,3.56,40.81
Banana,2023,Summer,Tamil Nadu,78364.15,4876601.05,1699.6,97.76,1.41,62.23
Banana,2023,Whole Year,Tamil Nadu,112062.99,8105516.07,1783.09,176.9,0.67,72.33
Rice,2023,Kharif,Telangana,98406.13,533361.22,1345.73,70.01,3.15,5.42
Rice,2023,Whole Year,Telangana,30727.27,149334.53,646.52,58.69,1.55,4.86
Wheat,2023,Whole Year,Telangana,104767.7,640130.65,1016.71,55.84,0.63,6.11
Wheat,2023,Kharif,Telangana,45176.16,255697.07,1003.34,55.78,1.54,5.66
Maize,2023,Rabi,Telangana,94447.89,656412.84,1909.74,210.42,3.99,6.95
Maize,2023,Kharif,Telangana,47228.85,255980.37,1120.16,120.16,3.93,5.42
Cotton(lint),2023,Kharif,Telangana,438131.4,2295808.54,1728.89,238.39,3.52,5.24
Cotton(lint),2023,Summer,Telangana,327119.11,1174357.6,700.12,188.17,3.1,3.59
Sugarcane,2023,Whole Year,Telangana,186867.02,23033228.89,2117.05,161.85,1.7,123.26
Sugarcane,2023,Rabi,Telangana,96572.44,9514316.79,1375.31,116.98,3.61,98.52
Soybean,2023,Kharif,Telangana,132497.14,317993.14,637.45,57.72,1.07,2.4
Soybean,2023,Rabi,Telangana,260775.94,727564.87,861.4,102.02,0.43,2.79
Groundnut,2023,Rabi,Telangana,157225.29,806565.74,1083.06,192.15,2.28,5.13
Groundnut,2023,Whole Year,Telangana,268858.13,849591.69,540.64,95.67,4.41,3.16
Rapeseed &Mustard,2023,Kharif,Telangana,28989.26,82039.61,597.95,107.44,2.1,2.83
Rapeseed &Mustard,2023,Summer,Telangana,39703.28,126256.43,1290.51,200.47,4.19,3.18
Gram,2023,Rabi,Telangana,176563.25,402564.21,1567.24,101.07,2.63,2.28
Gram,2023,Kharif,Telangana,242117.39,656138.13,1090.84,199.26,2.33,2.71
Arhar/Tur,2023,Rabi,Telangana,50899.68,104344.34,1085.74,68.57,1.89,2.05
Arhar/Tur,2023,Whole Year,Telangana,255773.09,654779.11,1295.66,195.43,0.76,2.56
Moong(Green Gram),2023,Rabi,Telangana,281716.79,383134.83,562.88,89.0,3.9,1.36
Moong(Green Gram),2023,Whole Year,Telangana,101743.48,126161.92,652.33,58.65,1.7,1.24
Potato,2023,Whole Year,Telangana,257540.51,10605518.2,1543.4,193.54,3.05,41.18
Potato,2023,Summer,Telangana,176277.54,7093408.21,1230.85,102.55,2.04,40.24
Onion,2023,Rabi,Telangana,54591.03,1879023.25,2142.93,68.01,0.31,34.42
Onion,2023,Summer,Telangana,322530.09,9801689.44,1010.62,188.3,3.82,30.39
Tomato,2023,Summer,Telangana,106240.92,4142333.47,1561.6,103.01,3.93,38.99
Tomato,2023,Rabi,Telangana,116004.61,5040400.3,1997.85,199.3,4.43,43.45
Banana,2023,Rabi,Telangana,94255.48,6087961.45,1110.68,31.89,3.77,64.59
Banana,2023,Summer,Telangana,146464.17,8847900.51,1506.66,143.49,1.1,60.41
Rice,2023,Kharif,Uttar Pradesh,29198.15,205554.98,1001.66,138.06,0.43,7.04
Rice,2023,Whole Year,Uttar Pradesh,127089.23,650696.86,892.01,133.35,1.73,5.12
Wheat,2023,Rabi,Uttar Pradesh,281195.94,2021798.81,1872.77,138.82,0.4,7.19
Wheat,2023,Summer,Uttar Pradesh,411572.4,2983899.9,1863.52,116.76,0.44,7.25
Maize,2023,Whole Year,Uttar Pradesh,378309.76,1781838.97,992.74,36.48,0.8,4.71
Maize,2023,Summer,Uttar Pradesh,396153.64,2915690.79,2165.46,113.1,3.54,7.36
Cotton(lint),2023,Summer,Uttar Pradesh,421874.44,1375310.67,1436.48,118.73,2.62,3.26
Cotton(lint),2023,Whole Year,Uttar Pradesh,423750.07,2029762.84,1714.73,100.86,4.23,4.79
Sugarcane,2023,Whole Year,Uttar Pradesh,201566.36,20672645.88,865.41,123.72,1.08,102.56
Sugarcane,2023,Rabi,Uttar Pradesh,1663.75,189284.84,1401.26,183.79,4.1,113.77
Soybean,2023,Summer,Uttar Pradesh,330159.41,1271113.73,1332.14,186.1,2.83,3.85
Soybean,2023,Kharif,Uttar Pradesh,306615.01,784934.43,827.45,97.23,1.85,2.56
Groundnut,2023,Kharif,Uttar Pradesh,334693.42,1516161.19,1022.84,175.27,4.21,4.53
Groundnut,2023,Rabi,Uttar Pradesh,87400.48,465844.56,1717.73,163.52,3.52,5.33
Rapeseed &Mustard,2023,Summer,Uttar Pradesh,333752.21,921156.1,599.66,194.84,3.75,2.76
Rapeseed &Mustard,2023,Rabi,Uttar Pradesh,449065.21,1495387.15,1507.84,114.18,4.01,3.33
Gram,2023,Summer,Uttar Pradesh,331179.35,996849.84,1636.82,170.44,3.3,3.01
Gram,2023,Whole Year,Uttar Pradesh,254420.18,704743.9,1485.94,91.5,4.45,2.77
Arhar/Tur,2023,Summer,Uttar Pradesh,163078.75,492497.83,1938.85,209.51,4.16,3.02
Arhar/Tur,2023,Whole Year,Uttar Pradesh,30388.51,70805.23,505.15,235.84,2.35,2.33
Moong(Green Gram),2023,Whole Year,Uttar Pradesh,319778.29,479667.43,570.08,102.74,1.01,1.5
Moong(Green Gram),2023,Summer,Uttar Pradesh,388503.02,668225.19,1109.15,95.29,3.68,1.72
Potato,2023,Rabi,Uttar Pradesh,205146.73,7215010.49,1393.58,100.84,1.26,35.17
Potato,2023,Whole Year,Uttar Pradesh,382778.13,15242225.14,1965.34,155.55,0.55,39.82
Onion,2023,Kharif,Uttar Pradesh,232957.13,6793029.91,1942.34,129.21,0.91,29.16
Onion,2023,Whole Year,Uttar Pradesh,5892.94,130705.41,1078.53,49.54,2.42,22.18
Tomato,2023,Whole Year,Uttar Pradesh,261810.65,8605716.07,590.21,225.15,3.65,32.87
Tomato,2023,Summer,Uttar Pradesh,377426.49,14059136.75,924.73,143.79,1.05,37.25
Banana,2023,Whole Year,Uttar Pradesh,393515.73,22564191.96,726.98,191.33,0.41,57.34
Banana,2023,Rabi,Uttar Pradesh,412055.0,23548943.25,720.4,151.51,0.91,57.15
Rice,2023,Summer,West Bengal,19090.06,130003.31,1886.56,193.82,1.39,6.81
Rice,2023,Rabi,West Bengal,346267.6,2396171.79,1646.47,49.0,3.83,6.92
Wheat,2023,Kharif,West Bengal,309603.69,1993847.76,1237.69,53.83,0.28,6.44
Wheat,2023,Whole Year,West Bengal,369301.4,3257238.35,1772.38,214.28,1.46,8.82
Maize,2023,Summer,West Bengal,185400.89,1093865.25,795.58,199.12,3.02,5.9
Maize,2023,Rabi,West Bengal,269272.73,1653334.56,823.4,170.66,0.82,6.14
Cotton(lint),2023,Kharif,West Bengal,227431.0,695938.86,814.02,100.08,2.31,3.06
Cotton(lint),2023,Whole Year,West Bengal,181206.34,534558.7,915.62,65.6,3.49,2.95
Sugarcane,2023,Whole Year,West Bengal,54069.5,6466712.2,1839.38,223.67,2.64,119.6
Sugarcane,2023,Summer,West Bengal,62914.64,5715795.04,614.27,188.78,1.89,90.85
Soybean,2023,Summer,West Bengal,266918.45,803424.53,1228.85,119.89,1.96,3.01
Soybean,2023,Kharif,West Bengal,315018.04,872599.97,1404.04,36.29,0.41,2.77
Groundnut,2023,Whole Year,West Bengal,346239.56,2032426.22,2025.18,97.64,1.58,5.87
Groundnut,2023,Summer,West Bengal,291627.44,1326904.85,1754.74,53.94,2.44,4.55
Rapeseed &Mustard,2023,Whole Year,West Bengal,226412.9,604522.44,1723.23,67.22,3.17,2.67
Rapeseed &Mustard,2023,Summer,West Bengal,299161.51,858593.53,745.56,125.96,2.56,2.87
Gram,2023,Summer,West Bengal,333540.68,1017299.07,1580.98,164.29,4.03,3.05
Gram,2023,Whole Year,West Bengal,157046.41,441300.41,1801.98,59.84,2.41,2.81
Arhar/Tur,2023,Rabi,West Bengal,333505.31,713701.36,652.06,203.36,4.17,2.14
Arhar/Tur,2023,Kharif,West Bengal,422219.76,1097771.38,2170.62,125.23,0.35,2.6
Moong(Green Gram),2023,Summer,West Bengal,56533.76,91019.35,1063.52,48.36,4.32,1.61
Moong(Green Gram),2023,Kharif,West Bengal,92582.97,157391.05,1001.43,60.34,2.51,1.7
Potato,2023,Rabi,West Bengal,310758.04,14465786.76,2073.06,150.89,4.1,46.55
Potato,2023,Summer,West Bengal,72720.78,2836837.63,2091.09,113.74,4.14,39.01
Onion,2023,Rabi,West Bengal,346246.28,9331337.25,709.1,207.63,3.89,26.95
Onion,2023,Whole Year,West Bengal,259145.55,7712171.57,1877.68,90.79,3.8,29.76
Tomato,2023,Rabi,West Bengal,114039.22,4481741.35,1233.82,131.12,3.4,39.3
Tomato,2023,Kharif,West Bengal,398118.0,13842562.86,1417.07,46.77,2.01,34.77
Banana,2023,Summer,West Bengal,376833.24,32155180.37,1858.83,217.97,2.27,85.33
Banana,2023,Whole Year,West Bengal,108049.86,7270675.08,1881.57,33.69,3.63,67.29
